Issue_ID,component_name
14488,agent
14488,containerization
14488,gpu
14489,release
14490,executor
14497,master
14498,build
14506,agent
14509,master
14509,allocation
14510,build
14513,project website
14514,master
14515,build
14519,allocation
14521,test
14522,master
14534,c++ api
14534,framework
14536,test
14537,master
14537,scheduler driver
14540,build
14543,build
14544,test
14545,build
14546,build
14547,master
14549,agent
14549,framework
14550,containerization
14551,build
14553,containerization
14554,containerization
14555,webui
14556,libprocess
14557,libprocess
14558,build
14560,libprocess
14561,agent
14561,containerization
14562,agent
14563,containerization
14564,master
14565,documentation
14566,libprocess
14567,libprocess
14568,libprocess
14569,libprocess
14570,libprocess
14571,allocation
14573,containerization
14576,agent
14580,stout
14581,master
14582,agent
14583,master
14584,agent
14584,master
14585,agent
14585,master
14586,master
14589,java api
14589,reviewbot
14590,agent
14591,master
14599,HTTP API
14600,containerization
14601,containerization
14602,containerization
14603,containerization
14611,master
14612,containerization
14613,agent
14613,containerization
14613,executor
14613,docker
14614,containerization
14615,stout
14616,executor
14622,master
14623,master
14631,containerization
14637,webui
14638,libprocess
14639,master
14639,HTTP API
14641,agent
14651,build
14653,HTTP API
14662,libprocess
14665,master
14665,test
14666,build
14666,libprocess
14667,agent
14667,master
14668,libprocess
14671,executor
14671,libprocess
14672,master
14673,master
14675,libprocess
14676,agent
14676,containerization
14677,agent
14677,containerization
14678,stout
14696,HTTP API
14700,build
14701,agent
14703,allocation
14707,build
14709,agent
14710,libprocess
14710,HTTP API
14711,containerization
14712,containerization
14713,agent
14714,containerization
14715,containerization
14716,agent
14717,agent
14718,containerization
14719,allocation
14720,release
14720,build
14720,cli
14721,agent
14722,storage
14725,HTTP API
14726,test
14728,containerization
14729,master
14729,allocation
14730,master
14732,test
14734,agent
14735,allocation
14736,allocation
14738,master
14740,documentation
14742,agent
14743,containerization
14744,master
14745,build
14746,allocation
14746,scheduler api
14747,test
14747,resource provider
14748,allocation
14752,master
14752,test
14753,containerization
14756,flaky
14757,webui
14758,test
14759,agent
14759,containerization
14760,agent
14760,containerization
14761,allocation
14762,containerization
14762,scheduler api
14763,master
14764,test
14765,json api
14766,webui
14769,containerization
14769,cni
14770,containerization
14771,master
14772,libprocess
14775,test
14777,json api
14778,containerization
14778,storage
14780,containerization
14780,HTTP API
14782,stout
14784,build
14785,containerization
14791,agent
14791,containerization
14793,resource provider
14795,containerization
14796,flaky
14798,master
14798,scheduler api
14802,containerization
14803,agent
14804,containerization
14805,containerization
14807,master
14809,master
14817,metrics
14818,agent
14820,libprocess
14821,libprocess
14822,allocation
14823,modules
14826,master
14826,allocation
14827,allocation
14828,documentation
14828,scheduler api
14829,scheduler driver
14830,containerization
14831,executor
14832,webui
14833,documentation
14834,containerization
14835,containerization
14836,containerization
14837,containerization
14838,containerization
14839,containerization
14840,agent
14841,containerization
14842,containerization
14843,test
14844,HTTP API
14845,containerization
14846,build
14846,libprocess
14847,master
14848,containerization
14849,containerization
14850,containerization
14851,containerization
14852,containerization
14853,containerization
14854,agent
14855,agent
14856,agent
14857,allocation
14858,agent
14858,master
14859,agent
14860,master
14861,master
14862,master
14862,documentation
14863,master
14864,allocation
14870,allocation
14871,allocation
14872,containerization
14873,libprocess
14874,storage
14875,allocation
14876,agent
14876,master
14877,fetcher
14878,containerization
14879,cmake
14881,cli
14882,containerization
14883,containerization
14886,libprocess
14887,libprocess
14888,documentation
14889,containerization
14890,libprocess
14892,HTTP API
14893,libprocess
14895,allocation
14896,allocation
14897,allocation
14898,agent
14898,HTTP API
14898,resource provider
14899,allocation
14900,master
14902,containerization
14903,libprocess
14904,libprocess
14906,containerization
14907,containerization
14908,containerization
14909,containerization
14910,master
14911,libprocess
14912,test
14914,master
14914,scheduler api
14915,storage
14917,agent
14917,docker
14918,allocation
14920,containerization
14921,containerization
14926,build
14927,agent
14927,executor
14929,master
14929,allocation
14931,master
14933,agent
14933,storage
14934,cmake
14935,libprocess
14939,allocation
14940,containerization
14943,allocation
14944,allocation
14946,cli
14947,libprocess
14949,build
14950,agent
14950,executor
14955,allocation
14956,storage
14957,containerization
14959,build
14964,fetcher
14965,storage
14966,agent
14967,allocation
14968,containerization
14973,containerization
14974,containerization
14976,allocation
14980,build
14981,test
14982,containerization
14983,containerization
14984,containerization
14985,allocation
14986,allocation
14988,stout
14989,allocation
14991,build
14996,master
14998,agent
14998,resource provider
14999,test
14999,storage
15000,build
15001,containerization
15002,containerization
15003,master
15003,allocation
15004,containerization
15005,containerization
15006,agent
15010,agent
15014,build
15014,cmake
15015,build
15015,cmake
15016,storage
15018,build
15022,storage
15023,storage
15024,allocation
15026,containerization
15035,containerization
15036,containerization
15038,storage
15039,agent
15039,master
15040,master
15040,HTTP API
15041,build
15043,containerization
15043,allocation
15044,storage
15045,storage
15046,test
15048,cli
15049,cli
15050,test
15050,storage
15051,storage
15052,storage
15053,storage
15054,storage
15055,storage
15056,build
15058,allocation
15059,webui
15060,stout
15061,allocation
15063,containerization
15064,containerization
15065,agent
15067,fetcher
15070,agent
15070,resource provider
15071,reviewbot
15072,build
15082,containerization
15083,test
15083,storage
15084,allocation
15085,project website
15086,containerization
15089,allocation
15090,test
15094,build
15095,reviewbot
15096,build
15097,master
15098,executor
15099,documentation
15100,libprocess
15102,webui
15103,agent
15104,agent
15105,release
15106,release
15108,master
15109,storage
15110,allocation
15110,webui
15111,test
15112,test
15113,agent
15113,modules
15114,master
15114,scheduler api
15115,master
15115,scheduler api
15116,agent
15117,test
15118,master
15119,master
15120,master
15121,master
15122,master
15122,allocation
15123,allocation
15124,storage
15129,storage
15133,storage
15134,test
15135,master
15137,storage
15138,containerization
15139,agent
15140,storage
15141,containerization
15143,storage
15144,containerization
15144,cni
15145,containerization
15146,containerization
15147,containerization
15148,containerization
15150,agent
15150,master
15151,cmake
15152,agent
15153,build
15154,allocation
15155,storage
15156,test
15157,test
15158,build
15159,cni
15160,storage
15160,resource provider
15161,allocation
15163,build
15164,agent
15165,agent
15165,containerization
15165,webui
15166,agent
15168,executor
15169,build
15170,containerization
15173,allocation
15174,cmake
15175,containerization
15176,containerization
15177,docker
15179,HTTP API
15180,master
15180,HTTP API
15181,test
15182,test
15184,libprocess
15185,cni
15186,allocation
15188,docker
15188,fetcher
15189,containerization
15190,containerization
15191,master
15192,test
15196,master
15197,master
15200,documentation
15201,agent
15203,master
15204,master
15205,master
15206,master
15207,master
15207,HTTP API
15208,master
15215,containerization
15216,containerization
15217,agent
15217,master
15220,java api
15221,containerization
15222,test
15225,allocation
15227,test
15228,agent
15228,containerization
15229,master
15229,framework
15229,HTTP API
15230,build
15230,cmake
15243,agent
15243,resource provider
15249,test
15250,allocation
15250,documentation
15251,agent
15255,test
15256,test
15257,agent
15258,master
15259,containerization
15259,test
15262,build
15262,cmake
15265,libprocess
15266,test
15267,containerization
15268,test
15269,resource provider
15270,build
15270,cmake
15271,build
15271,cmake
15272,build
15272,cmake
15273,storage
15275,test
15277,cli
15279,test
15281,storage
15283,fetcher
15284,containerization
15288,storage
15289,storage
15290,containerization
15291,test
15292,agent
15292,master
15293,containerization
15294,test
15295,modules
15296,agent
15297,master
15298,agent
15299,master
15300,scheduler api
15301,libprocess
15302,libprocess
15303,libprocess
15307,libprocess
15309,agent
15310,test
15311,agent
15313,cli
15315,test
15315,flaky
15316,allocation
15319,test
15321,agent
15321,containerization
15322,agent
15322,containerization
15323,build
15323,libprocess
15324,agent
15324,containerization
15324,docker
15325,build
15325,cmake
15327,containerization
15327,security
15328,fetcher
15332,cli
15333,cli
15334,cli
15335,cli
15336,libprocess
15337,libprocess
15338,libprocess
15339,modules
15340,modules
15341,executor
15342,containerization
15343,cli
15344,containerization
15345,stout
15346,executor
15349,agent
15350,agent
15352,allocation
15354,agent
15355,storage
15355,resource provider
15356,containerization
15357,containerization
15359,master
15360,test
15360,stout
15362,HTTP API
15363,documentation
15364,storage
15368,storage
15369,libprocess
15370,agent
15370,containerization
15371,containerization
15372,test
15373,storage
15374,build
15375,metrics
15376,agent
15378,scheduler api
15379,master
15381,containerization
15382,scheduler api
15384,allocation
15387,master
15387,HTTP API
15388,containerization
15392,documentation
15393,containerization
15394,agent
15395,storage
15397,containerization
15397,docker
15398,agent
15399,scheduler api
15401,storage
15401,resource provider
15402,scheduler driver
15402,java api
15406,containerization
15406,cni
15407,agent
15407,docker
15408,agent
15408,containerization
15408,docker
15410,build
15411,libprocess
15418,HTTP API
15419,agent
15421,allocation
15424,stout
15427,allocation
15429,test
15432,storage
15434,allocation
15435,HTTP API
15436,build
15437,allocation
15439,libprocess
15439,metrics
15440,libprocess
15440,metrics
15441,libprocess
15441,metrics
15442,master
15442,allocation
15443,fetcher
15444,test
15444,reviewbot
15446,executor
15446,docker
15447,build
15447,test
15448,storage
15451,modules
15452,HTTP API
15453,agent
15453,storage
15455,containerization
15456,master
15457,test
15458,test
15459,test
15460,test
15460,scheduler api
15461,test
15461,scheduler api
15461,flaky
15462,test
15462,stout
15463,master
15463,metrics
15467,HTTP API
15468,test
15469,containerization
15469,docker
15471,test
15472,test
15472,libprocess
15475,documentation
15477,build
15480,containerization
15485,containerization
15485,docker
15486,storage
15487,HTTP API
15488,containerization
15490,cli
15491,agent
15491,containerization
15492,HTTP API
15493,stout
15494,allocation
15496,executor
15498,master
15499,master
15501,libprocess
15502,containerization
15504,fetcher
15506,build
15507,containerization
15507,docker
15508,libprocess
15509,storage
15510,storage
15512,libprocess
15514,containerization
15515,build
15516,build
15518,master
15519,fetcher
15520,agent
15521,test
15525,containerization
15526,libprocs
15527,build
15533,test
15535,storage
15537,containerization
15538,libprocess
15539,build
15540,test
15541,test
15543,containerization
15544,executor
15545,agent
15545,containerization
15546,storage
15546,resource provider
15549,network
15551,network
15552,master
15552,allocation
15553,allocation
15554,master
15557,agent
15557,master
15557,libprocess
15560,agent
15560,containerization
15561,build
15564,build
15564,cli
15564,python api
15565,agent
15565,executor
15567,agent
15570,containerization
15571,containerization
15572,allocation
15573,allocation
15575,allocation
15576,build
15576,cmake
15577,allocation
15578,containerization
15579,libprocess
15580,build
15581,java api
15584,stout
15584,HTTP API
15588,allocation
15589,allocation
15595,containerization
15596,containerization
15600,agent
15600,containerization
15605,containerization
15606,containerization
15607,webui
15608,libprocess
15609,stout
15610,storage
15614,build
15614,cmake
15616,libprocess
15617,scheduler driver
15618,containerization
15619,executor
15620,agent
15620,build
15621,containerization
15622,agent
15624,containerization
15627,test
15628,build
15630,agent
15630,build
15631,build
15631,scheduler driver
15632,cni
15635,containerization
15635,documentation
15636,containerization
15637,containerization
15638,containerization
15639,containerization
15640,containerization
15640,cni
15641,build
15641,test
15642,containerization
15643,master
15643,allocation
15643,scheduler api
15644,containerization
15644,gpu
15646,containerization
15647,master
15647,libprocess
15648,containerization
15649,master
15649,HTTP API
15650,containerization
15652,containerization
15654,allocation
15654,framework
15654,storage
15655,test
15656,allocation
15657,test
15658,containerization
15660,release
15661,storage
15662,containerization
15663,fetcher
15664,containerization
15666,cmake
15667,storage
15668,storage
15670,stout
15671,HTTP API
15672,libprocess
15673,build
15673,cmake
15674,storage
15675,build
15675,cmake
15676,storage
15677,build
15677,cmake
15678,cmake
15680,modules
15681,build
15683,build
15684,master
15684,security
15685,allocation
15686,HTTP API
15689,containerization
15689,HTTP API
15689,docker
15696,HTTP API
15697,security
15698,containerization
15698,documentation
15699,containerization
15702,build
15705,master
15706,webui
15709,test
15710,containerization
15711,test
15712,containerization
15715,fetcher
15719,libprocess
15721,master
15721,allocation
15722,test
15723,agent
15723,containerization
15725,containerization
15725,fetcher
15727,test
15728,storage
15729,HTTP API
15732,allocation
15733,allocation
15735,allocation
15736,allocation
15739,master
15741,test
15742,cmake
15743,containerization
15744,containerization
15744,executor
15746,libprocess
15747,libprocess
15748,test
15749,test
15750,build
15751,containerization
15752,master
15753,webui
15754,agent
15754,containerization
15754,libprocess
15754,stout
15755,allocation
15757,agent
15757,master
15758,agent
15758,storage
15758,security
15762,security
15763,build
15763,libprocess
15763,stout
15764,fetcher
15765,storage
15766,docker
15767,master
15768,cli
15769,master
15770,stout
15773,master
15773,HTTP API
15774,test
15774,flaky
15775,flaky
15776,containerization
15776,documentation
15779,test
15780,test
15782,agent
15783,master
15784,master
15785,master
15789,cli
15789,python api
15790,libprocess
15792,test
15793,agent
15793,master
15794,docker
15795,docker
15797,test
15798,test
15799,test
15800,agent
15801,master
15804,cmake
15805,cmake
15806,java api
15807,containerization
15807,cmake
15808,containerization
15808,cmake
15815,stout
15817,build
15819,libprocess
15820,libprocess
15821,master
15821,allocation
15823,master
15826,master
15827,master
15828,master
15829,master
15830,master
15830,allocation
15831,containerization
15832,agent
15832,test
15832,storage
15833,agent
15834,test
15835,test
15836,test
15837,libprocess
15839,agent
15839,master
15839,documentation
15840,agent
15840,master
15840,documentation
15845,libprocess
15848,libprocess
15849,test
15850,stout
15851,test
15852,java api
15853,containerization
15854,webui
15855,agent
15858,containerization
15859,containerization
15860,containerization
15861,containerization
15862,stout
15863,documentation
15863,storage
15864,allocation
15865,HTTP API
15868,test
15868,libprocess
15869,allocation
15872,master
15872,HTTP API
15874,executor
15875,test
15877,containerization
15879,containerization
15881,master
15881,HTTP API
15882,agent
15882,master
15882,HTTP API
15885,containerization
15886,agent
15886,master
15886,allocation
15886,scheduler api
15887,master
15888,master
15889,master
15890,master
15891,HTTP API
15893,master
15893,allocation
15894,storage
15895,agent
15897,agent
15899,executor
15900,containerization
15902,containerization
15903,scheduler api
15904,containerization
15905,containerization
15908,build
15913,documentation
15915,executor
15915,master
15915,scheduler api
15916,containerization
15918,agent
15918,containerization
15919,containerization
15919,documentation
15920,containerization
15921,master
15923,security
15925,stout
15926,agent
15928,allocation
15928,documentation
15930,libprocess
15936,agent
15936,master
15936,storage
15938,test
15939,containerization
15940,master
15941,agent
15941,master
15941,storage
15942,libprocess
15943,agent
15943,master
15944,stout
15945,executor
15948,test
15951,storage
15952,storage
15953,containerization
15954,storage
15955,agent
15955,containerization
15956,storage
15960,test
15962,test
15963,test
15966,containerization
15968,master
15969,containerization
15970,HTTP API
15971,HTTP API
15972,agent
15975,containerization
15975,security
15976,containerization
15976,docker
15977,docker
15983,executor
15984,libprocess
15985,build
15991,agent
15992,executor
15994,test
16002,libprocess
16004,agent
16005,stout
16008,libprocess
16009,cmake
16010,agent
16013,storage
16015,cmake
16016,containerization
16016,security
16017,storage
16018,storage
16019,containerization
16020,storage
16021,storage
16023,agent
16023,test
16025,documentation
16029,HTTP API
16030,containerization
16031,allocation
16032,allocation
16033,documentation
16035,test
16037,libprocess
16040,master
16042,master
16043,libprocess
16044,allocation
16045,webui
16047,master
16049,allocation
16052,test
16054,webui
16055,webui
16058,containerization
16059,test
16060,test
16061,agent
16062,cmake
16063,cli
16064,agent
16064,framework
16065,docker
16066,allocation
16067,test
16069,master
16072,storage
16073,python api
16076,master
16077,containerization
16077,docker
16078,storage
16079,test
16079,docker
16080,build
16080,python api
16081,webui
16082,libprocess
16083,libprocess
16085,agent
16086,containerization
16087,build
16088,agent
16088,master
16088,storage
16089,containerization
16090,containerization
16091,build
16094,containerization
16094,docker
16096,executor
16096,docker
16098,containerization
16098,executor
16098,docker
16099,webui
16101,stout
16103,storage
16107,agent
16107,executor
16107,libprocess
16108,master
16109,storage
16110,storage
16111,containerization
16112,containerization
16112,documentation
16115,containerization
16116,HTTP API
16117,test
16120,master
16120,leader election
16121,agent
16122,storage
16123,containerization
16124,test
16125,agent
16127,executor
16128,libprocess
16133,executor
16134,master
16135,containerization
16136,containerization
16137,master
16137,scheduler api
16138,executor
16139,executor
16140,executor
16141,executor
16146,master
16146,allocation
16147,webui
16148,containerization
16151,agent
16152,master
16153,HTTP API
16154,python api
16155,docker
16159,test
16161,containerization
16161,docker
16164,test
16166,agent
16166,documentation
16168,test
16173,containerization
16174,oversubscription
16175,webui
16176,master
16177,storage
16178,test
16179,test
16180,containerization
16181,containerization
16182,HTTP API
16183,webui
16184,test
16185,stout
16187,test
16189,containerization
16190,agent
16190,documentation
16191,master
16191,test
16192,build
16193,agent
16193,containerization
16195,test
16195,storage
16196,agent
16196,master
16197,build
16198,cli
16199,allocation
16203,test
16204,containerization
16204,docker
16206,allocation
16206,test
16210,executor
16211,libprocess
16212,build
16213,allocation
16214,agent
16214,master
16215,webui
16216,test
16221,libprocess
16222,build
16223,agent
16225,agent
16226,docker
16227,documentation
16229,containerization
16230,master
16235,agent
16235,master
16239,agent
16245,master
16246,containerization
16247,master
16248,stout
16250,agent
16251,agent
16251,containerization
16252,libprocess
16253,containerization
16255,test
16256,master
16257,test
16257,documentation
16258,agent
16263,master
16265,agent
16266,agent
16266,storage
16267,storage
16268,python api
16271,containerization
16277,master
16277,framework
16278,agent
16278,containerization
16278,executor
16279,master
16280,master
16281,master
16283,master
16291,test
16292,replicated log
16296,agent
16296,master
16297,agent
16297,master
16302,documentation
16303,agent
16303,executor
16304,image-gc
16305,test
16308,framework
16309,image-gc
16317,allocation
16319,master
16321,build
16324,master
16324,HTTP API
16325,HTTP API
16326,test
16327,containerization
16327,docker
16329,containerization
16330,allocation
16331,webui
16332,master
16334,test
16335,test
16336,test
16337,containerization
16338,documentation
16339,containerization
16339,documentation
16340,libprocess
16342,containerization
16343,documentation
16344,agent
16344,containerization
16347,master
16350,containerization
16353,test
16354,test
16355,agent
16355,master
16355,HTTP API
16356,containerization
16358,test
16359,containerization
16359,image-gc
16359,provisioner
16362,stout
16367,master
16368,libprocess
16370,allocation
16372,executor
16374,containerization
16374,image-gc
16375,containerization
16375,image-gc
16375,provisioner
16376,allocation
16377,webui
16379,agent
16379,containerization
16380,test
16381,test
16384,agent
16385,agent
16385,containerization
16386,master
16386,HTTP API
16387,agent
16388,stout
16389,image-gc
16389,provisioner
16391,containerization
16393,master
16393,test
16395,containerization
16397,containerization
16398,libprocess
16399,agent
16401,libprocess
16401,stout
16402,test
16403,test
16405,test
16406,flaky
16407,build
16408,test
16409,test
16410,test
16411,test
16412,containerization
16413,libprocess
16415,test
16416,build
16416,docker
16417,test
16419,fetcher
16420,containerization
16420,provisioner
16421,containerization
16421,gpu
16423,test
16424,test
16426,gpu
16427,master
16429,cli
16430,libprocess
16434,test
16435,test
16435,framework
16436,test
16437,test
16438,documentation
16439,documentation
16440,agent
16440,containerization
16440,master
16441,agent
16442,agent
16442,master
16443,agent
16443,master
16444,test
16444,stout
16445,release
16446,master
16447,agent
16447,master
16448,agent
16449,cmake
16450,master
16453,stout
16454,libprocess
16455,containerization
16455,security
16456,containerization
16456,security
16457,test
16458,agent
16459,test
16461,test
16461,flaky
16462,agent
16462,master
16462,storage
16464,test
16465,test
16466,test
16469,scheduler driver
16469,scheduler api
16486,agent
16487,libprocess
16487,HTTP API
16488,agent
16488,master
16488,test
16489,agent
16490,scheduler driver
16491,test
16492,test
16493,test
16494,cmake
16496,fetcher
16497,executor
16497,security
16498,c++ api
16498,scheduler driver
16498,java api
16499,libprocess
16502,scheduler api
16505,master
16506,master
16510,containerization
16511,agent
16511,containerization
16511,executor
16511,docker
16513,stout
16514,libprocess
16515,containerization
16517,test
16523,agent
16526,storage
16527,containerization
16527,security
16528,storage
16529,executor
16529,security
16531,master
16531,HTTP API
16533,test
16534,agent
16535,test
16536,agent
16539,agent
16539,master
16540,agent
16540,master
16541,stout
16542,build
16544,docker
16545,containerization
16545,test
16546,test
16547,documentation
16548,containerization
16550,test
16551,cmake
16552,documentation
16553,stout
16556,webui
16557,test
16557,flaky
16558,master
16559,webui
16561,storage
16563,containerization
16564,containerization
16565,build
16565,test
16567,test
16568,storage
16569,agent
16571,master
16572,agent
16573,test
16573,scheduler driver
16574,test
16575,test
16576,test
16576,scheduler driver
16579,master
16579,oversubscription
16586,containerization
16587,test
16589,executor
16590,provisioner
16591,HTTP API
16592,build
16593,test
16594,libprocess
16600,agent
16600,master
16600,HTTP API
16601,allocation
16604,gpu
16604,framework
16604,docker
16607,master
16608,executor
16608,allocation
16608,stout
16608,fetcher
16610,libprocess
16611,agent
16612,webui
16613,containerization
16617,stout
16618,agent
16618,executor
16621,test
16623,test
16628,documentation
16629,containerization
16631,containerization
16631,gpu
16634,cmake
16635,cmake
16636,cmake
16637,storage
16638,agent
16639,agent
16640,master
16640,allocation
16641,webui
16642,stout
16643,allocation
16644,cli
16648,HTTP API
16648,scheduler api
16648,modules
16648,security
16650,cmake
16652,HTTP API
16652,modules
16652,security
16653,HTTP API
16653,scheduler api
16653,modules
16653,security
16654,HTTP API
16654,scheduler api
16654,modules
16654,security
16655,HTTP API
16655,scheduler api
16655,modules
16655,security
16656,containerization
16657,cli
16658,agent
16658,network
16659,libprocess
16663,master
16663,statistics
16665,agent
16665,containerization
16666,test
16667,master
16668,test
16669,test
16670,agent
16670,json api
16670,modules
16670,statistics
16671,test
16672,test
16673,test
16674,test
16674,libprocess
16675,java api
16676,libprocess
16676,stout
16677,libprocess
16679,containerization
16681,stout
16682,test
16683,test
16688,build
16689,build
16689,stout
16691,webui
16692,documentation
16696,replicated log
16697,test
16699,libprocess
16702,cli
16703,master
16704,webui
16704,cmake
16705,agent
16706,containerization
16706,executor
16707,webui
16708,webui
16710,master
16710,documentation
16711,framework
16712,security
16718,agent
16718,executor
16718,HTTP API
16719,build
16721,test
16722,executor
16723,executor
16723,test
16724,master
16724,test
16726,cmake
16727,agent
16727,docker
16728,executor
16729,agent
16730,agent
16731,cmake
16732,master
16732,statistics
16734,cmake
16735,libprocess
16736,libprocess
16737,libprocess
16738,libprocess
16739,libprocess
16741,build
16745,webui
16746,network
16747,agent
16747,master
16748,libprocess
16749,agent
16750,docker
16751,HTTP API
16752,docker
16753,executor
16754,containerization
16755,security
16756,security
16757,webui
16759,agent
16762,libprocess
16763,executor
16765,scheduler api
16767,agent
16768,agent
16769,containerization
16769,docker
16769,scheduler api
16772,libprocess
16776,docker
16776,modules
16777,agent
16778,documentation
16779,agent
16781,fetcher
16781,statistics
16782,master
16782,HTTP API
16783,modules
16784,executor
16785,containerization
16786,allocation
16787,master
16792,test
16795,modules
16796,network
16797,scheduler driver
16798,agent
16801,agent
16802,master
16803,build
16804,agent
16806,agent
16807,project website
16808,executor
16809,project website
16810,project website
16811,containerization
16813,build
16814,cmake
16816,containerization
16817,modules
16818,master
16819,HTTP API
16820,agent
16820,containerization
16821,master
16822,master
16823,containerization
16823,executor
16825,executor
16825,test
16826,containerization
16827,agent
16827,statistics
16828,agent
16829,cli
16831,agent
16831,storage
16832,agent
16833,documentation
16834,framework
16834,cmake
16835,agent
16835,cmake
16839,containerization
16840,master
16842,agent
16842,master
16843,json api
16845,agent
16846,cli
16847,libprocess
16847,security
16849,webui
16850,libprocess
16851,master
16852,stout
16853,storage
16854,master
16855,framework
16856,agent
16856,containerization
16856,executor
16856,framework
16858,cmake
16863,stout
16864,documentation
16865,webui
16866,stout
16868,docker
16869,agent
16869,master
16870,documentation
16872,agent
16873,containerization
16873,fetcher
16873,network
16874,agent
16877,libprocess
16878,libprocess
16879,allocation
16883,libprocess
16885,test
16886,agent
16887,agent
16887,statistics
16888,stout
16891,libprocess
16892,docker
16893,containerization
16895,webui
16896,libprocess
16897,agent
16899,containerization
16900,libprocess
16901,stout
16903,master
16905,stout
16906,documentation
16906,modules
16906,security
16907,stout
16908,project website
16909,master
16910,build
16911,build
16911,stout
16912,master
16913,documentation
16914,allocation
16915,containerization
16916,replicated log
16918,build
16920,build
16924,HTTP API
16926,modules
16926,security
16927,agent
16931,containerization
16932,cmake
16933,webui
16934,master
16937,build
16939,containerization
16941,java api
16945,HTTP API
16946,containerization
16948,master
16952,build
16952,libprocess
16956,libprocess
16958,master
16959,agent
16959,master
16960,containerization
16961,modules
16962,c++ api
16964,master
16966,agent
16966,executor
16969,master
16970,build
16971,libprocess
16972,libprocess
16972,HTTP API
16973,master
16974,HTTP API
16975,libprocess
16977,containerization
16978,containerization
16979,agent
16980,libprocess
16981,agent
16981,master
16982,test
16984,containerization
16984,docker
16985,test
16989,agent
16989,master
16991,agent
16991,master
16991,modules
16992,docker
16994,agent
16995,stout
16996,build
16997,python api
16998,containerization
17000,test
17002,master
17003,agent
17006,documentation
17007,documentation
17008,libprocess
17009,allocation
17012,test
17015,docker
17015,fetcher
17017,containerization
17019,agent
17020,executor
17023,stout
17024,containerization
17026,containerization
17030,allocation
17034,framework
17034,docker
17037,agent
17038,executor
17039,agent
17039,master
17040,stout
17042,executor
17047,agent
17047,executor
17048,fetcher
17051,cmake
17052,containerization
17055,allocation
17063,allocation
17064,containerization
17065,test
17066,fetcher
17067,agent
17067,master
17067,HTTP API
17068,containerization
17069,containerization
17070,containerization
17071,gpu
17072,libprocess
17074,master
17075,master
17076,master
17077,master
17078,master
17079,master
17082,containerization
17084,cli
17085,build
17086,python api
17087,cli
17088,build
17089,containerization
17090,gpu
17090,allocation
17091,containerization
17092,gpu
17092,allocation
17093,gpu
17094,allocation
17097,agent
17097,master
17097,HTTP API
17100,agent
17102,test
17103,allocation
17104,network
17105,agent
17105,executor
17107,test
17108,storage
17110,cmake
17111,master
17113,master
17114,master
17115,master
17116,master
17118,libprocess
17120,agent
17123,containerization
17126,containerization
17126,security
17127,agent
17127,executor
17129,agent
17130,agent
17131,master
17139,modules
17139,security
17143,allocation
17143,framework
17144,documentation
17145,fetcher
17147,containerization
17148,allocation
17149,agent
17149,master
17149,build
17151,agent
17151,master
17157,containerization
17158,containerization
17159,containerization
17160,containerization
17162,master
17163,containerization
17165,containerization
17166,webui
17167,test
17168,cmake
17174,libprocess
17180,agent
17180,master
17180,security
17181,agent
17182,agent
17183,network
17185,stout
17186,test
17191,agent
17193,containerization
17195,fetcher
17198,provisioner
17199,cmake
17201,webui
17202,modules
17205,docker
17206,agent
17207,allocation
17208,test
17209,master
17210,stout
17211,webui
17212,allocation
17214,libprocess
17216,webui
17217,libprocess
17219,containerization
17219,docker
17220,containerization
17228,test
17231,test
17232,webui
17232,security
17236,agent
17236,containerization
17237,agent
17237,master
17238,containerization
17239,master
17239,allocation
17241,containerization
17242,containerization
17243,agent
17244,flaky
17245,libprocess
17249,allocation
17250,agent
17251,modules
17251,security
17252,agent
17252,containerization
17252,master
17252,modules
17253,master
17253,HTTP API
17254,master
17254,c++ api
17254,HTTP API
17255,master
17255,HTTP API
17256,master
17257,agent
17257,executor
17257,security
17259,stout
17260,cmake
17262,agent
17263,framework
17264,agent
17264,containerization
17268,libprocess
17270,executor
17270,scheduler api
17271,allocation
17275,test
17275,libprocess
17276,build
17277,fetcher
17278,build
17278,cmake
17279,allocation
17282,master
17283,agent
17283,executor
17283,docker
17284,master
17286,agent
17286,executor
17287,master
17288,test
17289,cli
17291,build
17292,executor
17292,security
17293,master
17294,allocation
17295,containerization
17297,master
17298,stout
17299,stout
17300,containerization
17302,test
17305,build
17306,master
17307,agent
17308,agent
17310,test
17311,agent
17311,executor
17312,agent
17312,containerization
17313,executor
17314,agent
17314,containerization
17315,agent
17315,executor
17316,agent
17316,executor
17317,agent
17317,executor
17318,cmake
17320,documentation
17321,containerization
17321,network
17322,master
17323,agent
17325,stout
17326,reviewbot
17328,master
17329,HTTP API
17332,test
17332,flaky
17336,master
17337,agent
17338,agent
17340,master
17340,security
17341,master
17343,documentation
17343,network
17344,libprocess
17345,documentation
17346,master
17346,allocation
17347,cmake
17350,master
17350,documentation
17350,HTTP API
17351,libprocess
17352,agent
17352,master
17353,HTTP API
17355,master
17356,test
17358,test
17358,fetcher
17359,cli
17360,containerization
17363,containerization
17364,containerization
17365,containerization
17365,fetcher
17366,containerization
17367,containerization
17368,test
17369,build
17371,fetcher
17372,cmake
17373,cmake
17374,build
17376,master
17377,security
17378,agent
17378,master
17383,test
17383,security
17388,agent
17389,containerization
17389,docker
17390,documentation
17391,cli
17397,containerization
17397,docker
17398,java api
17399,test
17400,cli
17401,containerization
17401,network
17403,agent
17403,containerization
17404,agent
17404,executor
17405,agent
17406,agent
17406,executor
17407,build
17408,webui
17409,master
17409,HTTP API
17411,master
17411,scheduler api
17413,libprocess
17413,stout
17417,framework
17418,containerization
17419,executor
17421,containerization
17422,agent
17422,master
17422,libprocess
17423,documentation
17428,scheduler api
17429,executor
17431,docker
17433,stout
17436,replicated log
17438,HTTP API
17442,master
17442,security
17443,cmake
17445,master
17446,containerization
17447,security
17449,stout
17450,agent
17450,webui
17456,test
17458,documentation
17459,docker
17461,containerization
17462,storage
17463,cmake
17466,security
17469,master
17470,containerization
17470,docker
17471,agent
17472,allocation
17473,test
17474,libprocess
17476,test
17476,libprocess
17478,master
17479,security
17484,test
17485,release
17485,build
17490,containerization
17491,containerization
17492,containerization
17493,containerization
17494,containerization
17495,agent
17497,cmake
17499,HTTP API
17500,documentation
17500,modules
17501,containerization
17503,containerization
17503,network
17506,python api
17508,containerization
17509,test
17512,build
17513,containerization
17513,documentation
17514,agent
17514,documentation
17515,documentation
17516,libprocess
17518,agent
17519,master
17520,master
17524,build
17526,stout
17528,containerization
17530,documentation
17537,allocation
17539,executor
17544,build
17545,libprocess
17545,stout
17547,libprocess
17548,agent
17548,containerization
17549,agent
17549,containerization
17551,agent
17551,executor
17551,master
17552,agent
17552,master
17552,docker
17553,agent
17553,master
17553,docker
17554,agent
17555,test
17558,test
17567,agent
17568,test
17569,HTTP API
17570,allocation
17571,stout
17573,agent
17573,HTTP API
17574,build
17576,agent
17579,agent
17581,containerization
17584,master
17586,master
17586,webui
17588,containerization
17589,gpu
17590,containerization
17593,build
17593,test
17593,libprocess
17594,framework
17595,containerization
17597,master
17600,containerization
17603,security
17604,libprocess
17605,test
17606,test
17607,agent
17608,containerization
17608,test
17609,test
17610,containerization
17612,containerization
17613,master
17614,build
17614,security
17615,libprocess
17617,libprocess
17619,containerization
17619,test
17621,agent
17622,containerization
17623,containerization
17625,test
17625,libprocess
17626,containerization
17627,security
17628,framework
17628,webui
17629,master
17630,master
17631,master
17632,test
17633,test
17634,agent
17635,documentation
17636,gpu
17636,docker
17637,agent
17638,documentation
17639,test
17640,test
17640,libprocess
17642,agent
17642,master
17642,HTTP API
17643,agent
17643,master
17643,HTTP API
17644,allocation
17645,agent
17645,test
17646,master
17648,containerization
17651,HTTP API
17652,test
17652,libprocess
17653,allocation
17653,framework
17654,security
17655,modules
17655,security
17656,agent
17656,executor
17656,security
17657,agent
17657,security
17658,modules
17658,security
17659,security
17660,master
17660,allocation
17661,agent
17663,documentation
17664,modules
17664,security
17665,executor
17665,security
17666,executor
17666,security
17667,modules
17667,security
17668,agent
17668,modules
17668,security
17669,agent
17669,security
17670,agent
17670,security
17671,executor
17671,modules
17671,security
17672,security
17673,webui
17674,scheduler api
17675,master
17676,master
17676,allocation
17678,test
17679,docker
17680,webui
17681,master
17682,allocation
17683,stout
17687,libprocess
17688,master
17688,webui
17689,webui
17690,webui
17691,master
17692,master
17693,master
17694,test
17699,webui
17700,master
17701,master
17702,master
17704,agent
17705,webui
17706,webui
17707,executor
17708,containerization
17708,documentation
17709,cmake
17711,master
17713,master
17715,security
17716,executor
17717,containerization
17718,containerization
17719,test
17720,test
17721,webui
17723,executor
17724,modules
17725,cmake
17726,cmake
17727,agent
17727,master
17727,scheduler api
17728,master
17728,allocation
17730,test
17730,libprocess
17731,test
17733,HTTP API
17734,containerization
17735,executor
17742,HTTP API
17743,cmake
17744,cmake
17746,test
17747,documentation
17749,libprocess
17750,statistics
17753,agent
17753,master
17758,agent
17758,containerization
17759,agent
17761,libprocess
17764,allocation
17766,agent
17767,build
17768,test
17769,containerization
17769,documentation
17770,master
17772,containerization
17773,libprocess
17774,containerization
17775,containerization
17776,stout
17782,security
17793,agent
17793,containerization
17794,containerization
17797,libprocess
17798,agent
17799,master
17800,agent
17802,security
17805,containerization
17807,master
17807,HTTP API
17808,test
17809,master
17809,documentation
17810,containerization
17810,network
17811,master
17811,webui
17812,test
17813,master
17813,HTTP API
17814,agent
17814,master
17815,cmake
17817,build
17818,webui
17822,HTTP API
17823,documentation
17824,allocation
17825,fetcher
17827,agent
17828,allocation
17828,test
17829,agent
17831,master
17833,agent
17833,stout
17833,security
17834,build
17835,agent
17836,gpu
17836,java api
17836,modules
17836,cmake
17837,agent
17838,build
17838,libprocess
17838,stout
17838,security
17839,build
17839,libprocess
17839,stout
17839,security
17842,stout
17843,test
17846,network
17847,agent
17848,test
17849,documentation
17851,agent
17852,agent
17853,stout
17857,test
17858,containerization
17858,docker
17859,libprocess
17860,docker
17861,agent
17862,containerization
17863,master
17865,agent
17865,scheduler driver
17866,libprocess
17869,test
17869,libprocess
17870,containerization
17871,containerization
17873,libprocess
17874,cmake
17875,test
17877,containerization
17878,webui
17879,libprocess
17881,webui
17882,scheduler api
17883,master
17884,agent
17886,containerization
17888,master
17893,allocation
17894,HTTP API
17896,cmake
17897,libprocess
17899,containerization
17906,stout
17909,containerization
17910,cmake
17912,containerization
17913,master
17914,master
17915,libprocess
17915,HTTP API
17917,webui
17918,agent
17918,master
17922,test
17923,test
17924,docker
17926,agent
17926,security
17927,agent
17927,security
17928,agent
17928,security
17929,cli
17932,stout
17934,agent
17934,master
17935,containerization
17936,stout
17938,project website
17938,documentation
17940,stout
17942,webui
17943,test
17944,build
17945,agent
17946,cmake
17947,cmake
17948,master
17950,agent
17951,agent
17952,agent
17953,agent
17954,agent
17955,agent
17956,agent
17957,agent
17958,agent
17959,agent
17960,agent
17961,agent
17962,agent
17963,agent
17964,agent
17965,agent
17966,agent
17967,agent
17969,agent
17970,agent
17971,agent
17972,agent
17972,test
17973,agent
17974,containerization
17975,agent
17976,agent
17977,agent
17977,containerization
17980,agent
17981,documentation
17985,containerization
17988,containerization
17989,stout
17990,cli
17991,master
17992,allocation
17993,cmake
17995,stout
17996,cmake
17997,security
17999,fetcher
18005,documentation
18006,HTTP API
18007,master
18009,test
18009,cmake
18010,webui
18011,agent
18011,containerization
18012,master
18013,containerization
18014,containerization
18015,test
18017,modules
18020,libprocess
18021,libprocess
18023,HTTP API
18024,modules
18025,modules
18026,modules
18029,scheduler api
18030,master
18031,master
18033,scheduler api
18034,scheduler api
18035,containerization
18036,master
18037,allocation
18038,master
18039,scheduler api
18040,master
18040,scheduler api
18041,stout
18043,webui
18044,test
18044,HTTP API
18045,test
18045,flaky
18046,libprocess
18048,master
18049,test
18052,agent
18052,containerization
18054,stout
18055,stout
18056,stout
18057,stout
18058,stout
18059,master
18061,build
18062,build
18064,stout
18068,agent
18069,project website
18070,build
18071,master
18078,documentation
18078,docker
18079,containerization
18079,test
18080,fetcher
18081,HTTP API
18081,cli
18081,scheduler api
18088,allocation
18090,containerization
18090,docker
18091,test
18092,agent
18092,containerization
18095,libprocess
18097,containerization
18097,HTTP API
18097,statistics
18099,HTTP API
18101,docker
18101,security
18102,test
18103,containerization
18105,docker
18106,stout
18107,agent
18109,containerization
18110,containerization
18111,containerization
18112,HTTP API
18115,cli
18116,agent
18125,containerization
18125,test
18130,agent
18130,docker
18132,webui
18134,c++ api
18135,stout
18136,stout
18137,containerization
18138,agent
18138,containerization
18139,libprocess
18140,containerization
18143,containerization
18144,agent
18147,test
18148,webui
18150,test
18151,test
18152,master
18152,allocation
18157,webui
18159,test
18159,docker
18160,master
18161,test
18162,containerization
18167,HTTP API
18168,documentation
18170,libprocess
18172,executor
18173,test
18174,libprocess
18175,webui
18177,containerization
18181,framework
18181,docker
18182,libprocess
18184,master
18187,cli
18188,containerization
18191,test
18205,master
18208,stout
18210,webui
18211,test
18212,containerization
18213,libprocess
18214,stout
18215,containerization
18216,webui
18217,webui
18219,webui
18220,webui
18221,master
18223,webui
18224,webui
18225,webui
18226,webui
18227,stout
18229,stout
18232,test
18234,allocation
18235,containerization
18236,build
18238,containerization
18239,containerization
18239,documentation
18240,containerization
18242,stout
18244,containerization
18246,agent
18246,containerization
18246,network
18247,master
18248,webui
18251,test
18252,containerization
18255,containerization
18256,containerization
18256,storage
18257,master
18261,master
18261,scheduler api
18264,containerization
18272,master
18274,stout
18277,webui
18278,master
18279,test
18280,containerization
18281,containerization
18281,documentation
18282,docker
18284,cmake
18285,docker
18287,webui
18288,docker
18288,fetcher
18289,test
18289,network
18290,containerization
18291,allocation
18295,containerization
18297,webui
18299,containerization
18300,agent
18301,agent
18308,agent
18309,test
18312,modules
18313,master
18314,HTTP API
18315,docker
18316,cmake
18317,stout
18318,test
18318,network
18319,stout
18321,framework
18322,containerization
18325,agent
18325,containerization
18326,agent
18326,containerization
18328,containerization
18329,containerization
18330,agent
18331,documentation
18332,master
18333,master
18334,agent
18335,scheduler driver
18336,master
18337,master
18338,security
18339,containerization
18339,docker
18341,agent
18342,containerization
18347,containerization
18347,test
18348,project website
18352,test
18353,webui
18355,master
18356,containerization
18357,build
18361,security
18362,executor
18362,modules
18362,security
18364,containerization
18371,oversubscription
18374,containerization
18375,containerization
18376,containerization
18377,agent
18377,containerization
18383,webui
18384,containerization
18384,network
18386,executor
18387,test
18388,test
18389,test
18390,stout
18396,containerization
18397,containerization
18397,network
18399,replicated log
18402,executor
18403,containerization
18405,webui
18407,containerization
18410,build
18417,java api
18419,allocation
18420,libprocess
18422,libprocess
18423,containerization
18424,containerization
18425,agent
18425,HTTP API
18426,agent
18426,containerization
18426,executor
18432,libprocess
18433,master
18434,master
18435,test
18438,test
18440,master
18441,containerization
18442,agent
18443,c++ api
18444,HTTP API
18445,libprocess
18446,containerization
18449,security
18451,containerization
18452,build
18453,containerization
18455,HTTP API
18456,containerization
18457,containerization
18458,build
18459,master
18460,master
18462,fetcher
18463,containerization
18463,docker
18465,containerization
18465,docker
18465,scheduler api
18483,test
18485,test
18486,test
18486,docker
18487,test
18488,HTTP API
18489,test
18491,HTTP API
18492,containerization
18492,docker
18493,libprocess
18496,docker
18497,agent
18497,master
18498,containerization
18498,test
18499,test
18500,test
18501,test
18503,containerization
18504,containerization
18506,stout
18507,docker
18509,containerization
18510,master
18515,containerization
18517,containerization
18517,docker
18518,build
18519,HTTP API
18519,scheduler api
18520,containerization
18520,security
18522,containerization
18523,master
18523,allocation
18525,test
18526,docker
18527,HTTP API
18528,test
18531,containerization
18531,docker
18532,agent
18535,containerization
18537,master
18538,libprocess
18538,HTTP API
18540,docker
18543,agent
18547,agent
18548,executor
18550,test
18550,stout
18551,framework
18552,allocation
18553,master
18553,allocation
18554,documentation
18555,master
18556,build
18559,containerization
18561,webui
18562,documentation
18566,documentation
18566,HTTP API
18567,webui
18568,cli
18574,agent
18575,master
18576,agent
18580,agent
18582,agent
18583,master
18584,statistics
18586,build
18587,master
18590,containerization
18591,master
18593,docker
18594,master
18596,agent
18598,containerization
18599,HTTP API
18599,json api
18600,containerization
18601,docker
18602,containerization
18603,agent
18604,containerization
18604,docker
18607,agent
18607,master
18608,containerization
18609,agent
18609,containerization
18610,fetcher
18611,scheduler api
18613,containerization
18616,containerization
18618,agent
18618,master
18620,master
18624,HTTP API
18625,containerization
18627,c++ api
18627,libprocess
18630,containerization
18631,HTTP API
18632,HTTP API
18633,test
18633,cli
18634,containerization
18634,docker
18635,master
18639,agent
18641,master
18641,webui
18642,containerization
18643,containerization
18646,agent
18646,containerization
18646,docker
18646,storage
18647,HTTP API
18648,containerization
18650,containerization
18651,containerization
18652,stout
18653,modules
18654,containerization
18654,test
18655,containerization
18655,docker
18660,containerization
18661,containerization
18661,docker
18662,modules
18663,containerization
18664,containerization
18665,containerization
18666,libprocess
18667,webui
18668,agent
18668,executor
18669,containerization
18670,HTTP API
18675,libprocess
18676,libprocess
18677,libprocess
18679,libprocess
18680,documentation
18682,containerization
18685,test
18686,build
18688,containerization
18689,containerization
18690,containerization
18691,containerization
18692,containerization
18693,test
18694,containerization
18694,docker
18695,libprocess
18698,containerization
18698,docker
18700,master
18705,containerization
18707,build
18708,release
18712,containerization
18713,documentation
18714,master
18715,master
18715,scheduler api
18716,master
18717,master
18718,master
18721,agent
18722,scheduler driver
18722,libprocess
18723,libprocess
18726,stout
18727,stout
18728,stout
18729,HTTP API
18729,json api
18731,test
18732,fetcher
18734,containerization
18735,master
18736,webui
18738,containerization
18740,build
18743,agent
18747,webui
18747,json api
18750,containerization
18751,containerization
18751,libprocess
18752,libprocess
18754,webui
18755,HTTP API
18755,json api
18756,stout
18757,webui
18758,test
18759,test
18760,build
18762,libprocess
18763,build
18765,libprocess
18766,docker
18769,docker
18770,agent
18771,allocation
18772,containerization
18773,containerization
18773,storage
18776,test
18777,test
18778,libprocess
18780,master
18784,stout
18785,stout
18786,agent
18786,containerization
18787,test
18788,test
18789,test
18791,master
18792,HTTP API
18795,project website
18797,webui
18799,containerization
18800,containerization
18801,containerization
18801,documentation
18804,libprocess
18806,docker
18808,containerization
18808,HTTP API
18812,documentation
18813,build
18813,cmake
18814,libprocess
18816,agent
18820,fetcher
18823,documentation
18824,stout
18825,network
18827,build
18828,containerization
18829,containerization
18830,cmake
18831,docker
18832,master
18834,build
18836,modules
18836,replicated log
18837,replicated log
18840,containerization
18841,stout
18842,stout
18843,build
18844,agent
18853,test
18857,documentation
18859,containerization
18859,network
18861,allocation
18861,test
18863,agent
18866,containerization
18866,docker
18869,containerization
18870,containerization
18870,docker
18873,build
18881,libprocess
18883,containerization
18901,containerization
18902,containerization
18903,master
18906,test
18906,libprocess
18907,master
18907,allocation
18908,security
18909,build
18909,cmake
18911,agent
18911,containerization
18911,docker
18912,containerization
18913,test
18914,webui
18916,java api
18917,libprocess
18920,test
18921,test
18925,libprocess
18926,master
18927,stout
18928,containerization
18929,documentation
18931,c++ api
18932,test
18933,test
18935,security
18936,libprocess
18938,containerization
18941,libprocess
18941,security
18942,libprocess
18946,containerization
18946,documentation
18947,stout
18948,build
18949,libprocess
18950,documentation
18950,security
18951,documentation
18951,security
18953,security
18954,security
18955,security
18956,security
18957,master
18957,security
18958,master
18958,security
18959,security
18961,allocation
18963,documentation
18964,allocation
18965,containerization
18965,storage
18969,agent
18970,stout
18971,libprocess
18972,containerization
18972,network
18973,containerization
18973,network
18974,containerization
18974,network
18975,containerization
18975,network
18976,containerization
18976,network
18979,master
18980,agent
18980,master
18981,allocation
18985,documentation
18987,master
18988,containerization
18988,network
18989,containerization
18990,build
18991,containerization
18991,test
18992,containerization
18992,test
18993,containerization
18993,test
18994,containerization
18995,containerization
18995,test
18996,containerization
18997,build
18997,test
19000,test
19002,test
19003,master
19004,libprocess
19005,containerization
19006,cmake
19007,build
19008,project website
19008,documentation
19009,master
19009,storage
19010,containerization
19011,containerization
19012,allocation
19015,containerization
19016,containerization
19020,HTTP API
19025,agent
19025,master
19025,modules
19026,webui
19027,agent
19030,agent
19030,docker
19036,replicated log
19038,cmake
19039,cli
19040,replicated log
19041,project website
19043,agent
19043,modules
19043,security
19044,documentation
19046,documentation
19047,containerization
19048,containerization
19052,project website
19057,allocation
19058,allocation
19061,documentation
19062,documentation
19063,test
19064,project website
19073,agent
19074,test
19080,containerization
19081,modules
19082,master
19082,leader election
19082,replicated log
19083,libprocess
19084,build
19086,HTTP API
19087,java api
19089,project website
19089,documentation
19090,test
19091,HTTP API
19094,documentation
19108,test
19108,flaky
19109,master
19111,master
19111,fetcher
19113,containerization
19114,libprocess
19115,containerization
19117,build
19118,stout
19121,documentation
19123,containerization
19123,build
19124,build
19127,allocation
19128,allocation
19129,allocation
19129,framework
19130,allocation
19130,scheduler api
19131,allocation
19131,scheduler api
19132,allocation
19132,scheduler api
19133,build
19136,build
19184,fetcher
19186,test
19187,test
19188,master
19188,framework
19190,master
19194,containerization
19195,containerization
19197,security
19198,agent
19198,documentation
19201,cmake
19204,containerization
19205,framework
19206,agent
19207,scheduler driver
19211,build
19214,fetcher
19215,containerization
19215,test
19217,agent
19217,c++ api
19219,documentation
19222,webui
19223,cmake
19225,project website
19226,project website
19229,master
19230,modules
19231,allocation
19233,project website
19234,project website
19235,agent
19244,containerization
19246,containerization
19247,python api
19249,documentation
19250,security
19252,security
19254,project website
19259,project website
19260,master
19262,containerization
19263,containerization
19264,containerization
19265,containerization
19266,HTTP API
19267,containerization
19268,containerization
19269,cli
19270,stout
19273,stout
19274,stout
19275,containerization
19276,agent
19277,libprocess
19277,documentation
19277,security
19278,master
19278,framework
19279,allocation
19284,stout
19285,stout
19294,security
19295,libprocess
19298,documentation
19299,libprocess
19304,containerization
19305,test
19306,docker
19306,modules
19307,agent
19308,containerization
19309,containerization
19311,master
19312,master
19314,containerization
19316,security
19320,master
19320,security
19321,master
19321,security
19323,libprocess
19323,HTTP API
19324,agent
19324,libprocess
19327,build
19329,build
19332,allocation
19334,HTTP API
19338,stout
19339,agent
19339,security
19340,agent
19340,security
19343,documentation
19346,containerization
19347,containerization
19348,containerization
19353,containerization
19356,libprocess
19357,security
19358,agent
19358,test
19361,HTTP API
19363,agent
19363,master
19364,project website
19365,test
19366,webui
19367,master
19367,framework
19367,webui
19367,HTTP API
19370,libprocess
19371,agent
19372,test
19373,test
19374,containerization
19375,containerization
19376,allocation
19377,allocation
19379,containerization
19381,containerization
19383,documentation
19384,containerization
19388,containerization
19394,agent
19395,fetcher
19396,fetcher
19397,fetcher
19400,containerization
19401,containerization
19402,libprocess
19402,fetcher
19403,containerization
19407,build
19408,python api
19409,libprocess
19413,containerization
19415,stout
19418,stout
19420,containerization
19421,allocation
19423,containerization
19424,containerization
19426,containerization
19427,containerization
19428,agent
19429,allocation
19429,test
19429,flaky
19433,HTTP API
19434,fetcher
19436,containerization
19437,documentation
19438,master
19441,containerization
19441,docker
19444,containerization
19444,test
19456,agent
19457,containerization
19457,docker
19459,master
19462,test
19462,flaky
19463,test
19463,libprocess
19464,docker
19465,containerization
19466,python api
19467,webui
19469,master
19470,framework
19471,scheduler driver
19472,scheduler driver
19475,containerization
19475,test
19476,test
19477,test
19477,flaky
19480,containerization
19481,replicated log
19483,security
19485,test
19486,test
19487,test
19487,python api
19488,agent
19488,security
19489,containerization
19492,containerization
19494,containerization
19495,webui
19499,agent
19499,security
19500,agent
19500,security
19501,docker
19502,agent
19502,security
19506,allocation
19506,test
19507,build
19508,libprocess
19509,master
19510,agent
19510,security
19511,master
19517,documentation
19518,test
19518,docker
19521,allocation
19521,oversubscription
19522,containerization
19523,build
19524,test
19525,containerization
19528,cli
19529,docker
19530,libprocess
19533,fetcher
19534,c++ api
19536,containerization
19537,containerization
19538,stout
19539,containerization
19540,stout
19541,libprocess
19542,stout
19543,stout
19544,documentation
19545,stout
19550,containerization
19550,docker
19552,containerization
19552,modules
19553,containerization
19553,modules
19554,containerization
19554,modules
19555,containerization
19555,modules
19556,containerization
19556,modules
19557,containerization
19557,modules
19558,containerization
19558,modules
19559,containerization
19559,modules
19560,containerization
19560,modules
19561,containerization
19561,modules
19562,containerization
19562,modules
19563,containerization
19563,modules
19564,containerization
19564,modules
19565,containerization
19565,modules
19566,containerization
19566,modules
19567,containerization
19567,modules
19571,containerization
19572,docker
19574,documentation
19575,documentation
19576,containerization
19579,allocation
19580,stout
19586,containerization
19587,containerization
19587,docker
19589,libprocess
19591,containerization
19591,modules
19594,allocation
19598,stout
19599,build
19599,documentation
19604,test
19605,containerization
19606,containerization
19607,containerization
19608,test
19609,containerization
19610,containerization
19611,containerization
19612,containerization
19613,containerization
19614,libprocess
19615,stout
19618,libprocess
19619,libprocess
19620,agent
19620,master
19622,oversubscription
19624,containerization
19625,master
19625,webui
19625,security
19626,fetcher
19627,fetcher
19628,containerization
19629,containerization
19631,agent
19631,libprocess
19633,libprocess
19635,allocation
19642,python api
19643,containerization
19643,docker
19644,containerization
19645,fetcher
19646,containerization
19648,documentation
19650,documentation
19651,allocation
19652,test
19656,containerization
19656,docker
19657,libprocess
19658,libprocess
19659,test
19659,fetcher
19660,webui
19661,build
19662,test
19664,allocation
19666,allocation
19667,containerization
19668,test
19669,test
19669,libprocess
19671,master
19672,agent
19673,stout
19674,containerization
19676,master
19677,master
19678,cli
19680,stout
19681,test
19682,documentation
19683,containerization
19683,storage
19684,test
19685,master
19685,allocation
19685,framework
19686,test
19687,storage
19688,fetcher
19689,build
19696,HTTP API
19697,containerization
19698,containerization
19699,containerization
19699,fetcher
19700,containerization
19701,agent
19701,libprocess
19704,test
19706,containerization
19706,test
19708,containerization
19709,containerization
19710,containerization
19711,allocation
19712,test
19715,containerization
19716,containerization
19717,docker
19720,security
19721,security
19722,framework
19722,webui
19723,webui
19727,allocation
19729,allocation
19730,containerization
19734,modules
19735,modules
19740,containerization
19742,docker
19749,modules
19750,HTTP API
19751,build
19752,master
19752,webui
19758,agent
19761,agent
19762,test
19763,containerization
19764,containerization
19766,containerization
19767,fetcher
19772,test
19774,containerization
19774,docker
19775,containerization
19775,docker
19780,test
19785,documentation
19787,containerization
19788,containerization
19789,containerization
19789,test
19790,master
19790,stout
19791,containerization
19792,containerization
19793,documentation
19798,containerization
19802,agent
19802,security
19803,agent
19803,security
19804,agent
19804,security
19805,agent
19805,security
19806,oversubscription
19806,statistics
19808,master
19808,security
19809,master
19809,security
19810,master
19810,framework
19815,master
19818,containerization
19819,allocation
19820,containerization
19820,docker
19822,containerization
19824,containerization
19825,agent
19825,framework
19825,docker
19826,test
19827,master
19828,containerization
19829,containerization
19830,containerization
19831,containerization
19832,containerization
19833,containerization
19834,containerization
19836,agent
19836,modules
19837,containerization
19838,containerization
19839,containerization
19841,allocation
19842,docker
19844,allocation
19845,test
19845,libprocess
19846,test
19851,test
19857,agent
19858,documentation
19858,docker
19862,master
19864,webui
19865,documentation
19866,documentation
19867,documentation
19868,test
19869,test
19871,containerization
19873,fetcher
19874,containerization
19876,libprocess
19877,allocation
19879,cmake
19880,security
19884,test
19885,allocation
19886,allocation
19887,libprocess
19887,HTTP API
19892,fetcher
19892,statistics
19896,test
19897,allocation
19898,master
19899,oversubscription
19899,statistics
19901,json api
19902,agent
19902,documentation
19903,network
19904,containerization
19905,test
19906,cmake
19908,cli
19909,docker
19909,fetcher
19910,containerization
19911,HTTP API
19913,libprocess
19913,HTTP API
19915,documentation
19917,fetcher
19918,documentation
19919,containerization
19920,master
19921,master
19923,libprocess
19924,webui
19925,test
19928,allocation
19929,allocation
19930,allocation
19931,allocation
19932,allocation
19933,allocation
19934,allocation
19935,containerization
19937,allocation
19938,build
19939,reviewbot
19941,libprocess
19942,documentation
19946,stout
19947,containerization
19948,stout
19949,stout
19950,documentation
19951,documentation
19953,build
19954,containerization
19954,documentation
19957,test
19958,allocation
19959,modules
19960,test
19960,fetcher
19962,build
19962,libprocess
19962,stout
19964,documentation
19965,master
19968,containerization
19969,documentation
19972,webui
19973,agent
19975,test
19978,test
19978,flaky
19979,docker
19981,containerization
19981,HTTP API
19983,containerization
19984,agent
19985,master
19988,allocation
19993,master
19994,libprocess
19994,HTTP API
19995,containerization
19996,stout
19997,test
19999,test
20010,agent
20010,json api
20014,c++ api
20015,docker
20016,libprocess
20020,documentation
20020,json api
20021,documentation
20026,containerization
20027,containerization
20028,agent
20028,master
20029,containerization
20030,documentation
20033,documentation
20037,test
20038,agent
20038,test
20038,HTTP API
20041,libprocess
20042,master
20043,libprocess
20044,HTTP API
20045,docker
20046,stout
20048,test
20049,test
20049,libprocess
20050,libprocess
20051,libprocess
20053,reviewbot
20055,stout
20056,containerization
20057,containerization
20058,docker
20059,documentation
20060,libprocess
20062,master
20062,test
20064,project website
20064,documentation
20065,docker
20068,project website
20071,containerization
20071,docker
20072,master
20073,docker
20074,containerization
20074,docker
20075,libprocess
20075,stout
20076,stout
20078,test
20079,HTTP API
20080,docker
20081,test
20084,webui
20086,stout
20087,docker
20088,containerization
20089,docker
20090,webui
20092,agent
20095,documentation
20097,containerization
20099,master
20101,libprocess
20103,stout
20106,agent
20107,master
20110,master
20110,allocation
20110,test
20114,build
20115,build
20115,libprocess
20115,stout
20116,libprocess
20117,modules
20119,master
20119,test
20120,libprocess
20120,stout
20121,documentation
20122,containerization
20123,allocation
20124,allocation
20125,allocation
20126,allocation
20127,master
20127,test
20128,fetcher
20130,documentation
20130,replicated log
20132,containerization
20133,build
20134,test
20135,containerization
20138,master
20138,documentation
20140,master
20141,documentation
20142,build
20145,containerization
20145,test
20147,allocation
20148,stout
20154,stout
20155,agent
20156,stout
20157,stout
20158,stout
20159,stout
20160,master
20161,test
20162,containerization
20163,containerization
20164,containerization
20165,containerization
20167,containerization
20167,docker
20171,build
20173,master
20175,documentation
20176,master
20177,stout
20178,stout
20179,stout
20180,stout
20181,stout
20182,stout
20185,stout
20186,stout
20187,cmake
20188,libprocess
20189,stout
20190,stout
20194,documentation
20196,documentation
20197,project website
20198,containerization
20199,master
20200,documentation
20201,build
20202,fetcher
20206,docker
20209,allocation
20210,master
20211,allocation
20212,libprocess
20213,containerization
20214,containerization
20215,containerization
20217,master
20218,build
20218,modules
20224,json api
20227,libprocess
20228,containerization
20231,master
20231,documentation
20232,agent
20232,containerization
20233,test
20235,allocation
20236,c++ api
20237,stout
20238,webui
20239,libprocess
20240,test
20241,allocation
20242,master
20243,master
20243,test
20244,documentation
20245,documentation
20246,documentation
20247,documentation
20248,agent
20248,HTTP API
20251,master
20251,documentation
20256,documentation
20258,build
20259,master
20259,allocation
20260,master
20260,allocation
20261,framework
20261,docker
20263,master
20263,HTTP API
20267,master
20267,framework
20268,documentation
20269,containerization
20271,documentation
20275,documentation
20276,scheduler driver
20276,documentation
20279,docker
20280,docker
20281,docker
20281,storage
20282,containerization
20282,docker
20283,docker
20284,allocation
20285,master
20286,agent
20286,master
20286,framework
20287,master
20288,master
20289,master
20289,framework
20293,test
20294,containerization
20295,test
20297,containerization
20297,docker
20298,containerization
20298,docker
20299,libprocess
20300,cmake
20302,test
20303,test
20304,test
20305,test
20306,test
20307,containerization
20308,containerization
20309,containerization
20311,webui
20313,allocation
20314,containerization
20315,stout
20316,documentation
20316,fetcher
20317,modules
20318,master
20318,documentation
20319,containerization
20320,test
20322,test
20323,test
20324,docker
20341,stout
20342,agent
20343,documentation
20343,security
20348,fetcher
20349,master
20350,allocation
20351,master
20352,master
20352,security
20353,master
20353,webui
20355,framework
20357,documentation
20358,stout
20360,test
20362,containerization
20363,containerization
20364,containerization
20365,stout
20367,containerization
20368,master
20369,fetcher
20370,containerization
20372,webui
20373,containerization
20373,docker
20377,stout
20378,build
20378,libprocess
20379,stout
20380,test
20382,libprocess
20386,fetcher
20388,test
20388,docker
20390,containerization
20391,containerization
20392,containerization
20393,framework
20393,docker
20394,test
20399,modules
20403,agent
20404,agent
20405,webui
20406,docker
20407,cmake
20410,containerization
20411,containerization
20413,libprocess
20414,master
20416,stout
20417,master
20417,libprocess
20417,stout
20418,containerization
20418,test
20418,docker
20421,build
20423,test
20424,libprocess
20425,containerization
20426,containerization
20427,containerization
20428,containerization
20428,documentation
20429,containerization
20429,documentation
20430,containerization
20431,libprocess
20432,stout
20435,master
20436,build
20443,documentation
20445,documentation
20446,documentation
20448,documentation
20449,containerization
20449,documentation
20451,cmake
20452,allocation
20452,test
20453,storage
20456,master
20456,test
20458,test
20459,libprocess
20460,documentation
20461,master
20462,documentation
20464,documentation
20466,containerization
20469,build
20470,documentation
20471,master
20498,security
20499,libprocess
20500,libprocess
20502,modules
20505,documentation
20508,master
20509,master
20510,libprocess
20514,containerization
20515,docker
20515,modules
20516,modules
20517,master
20517,framework
20518,documentation
20519,containerization
20519,documentation
20520,stout
20522,fetcher
20524,allocation
20527,build
20530,agent
20534,documentation
20535,test
20536,allocation
20539,docker
20540,test
20540,libprocess
20541,libprocess
20542,stout
20543,test
20543,libprocess
20544,stout
20545,stout
20547,containerization
20548,containerization
20550,allocation
20551,test
20552,c++ api
20553,build
20553,libprocess
20554,containerization
20556,build
20556,stout
20557,master
20557,allocation
20557,test
20560,master
20562,build
20563,master
20563,documentation
20564,modules
20565,containerization
20565,modules
20566,containerization
20566,modules
20568,agent
20569,master
20569,test
20570,master
20570,test
20571,master
20572,master
20572,HTTP API
20573,master
20573,test
20574,master
20574,test
20575,master
20577,test
20578,master
20578,test
20579,allocation
20580,master
20581,master
20582,stout
20583,libprocess
20584,replicated log
20586,agent
20589,stout
20590,test
20592,webui
20594,master
20595,test
20597,test
20597,libprocess
20600,modules
20601,containerization
20601,docker
20602,master
20602,framework
20603,agent
20603,master
20604,agent
20604,master
20605,test
20606,docker
20607,stout
20608,agent
20609,containerization
20615,documentation
20621,containerization
20621,docker
20622,test
20624,agent
20624,documentation
20625,allocation
20627,test
20629,docker
20630,agent
20631,master
20634,stout
20638,master
20639,master
20642,master
20643,test
20646,master
20647,containerization
20648,containerization
20652,master
20653,documentation
20654,test
20655,master
20655,allocation
20658,containerization
20659,libprocess
20662,master
20663,master
20663,framework
20666,allocation
20667,master
20668,allocation
20668,test
20669,master
20669,test
20670,test
20671,allocation
20673,allocation
20676,framework
20676,HTTP API
20679,build
20680,webui
20681,webui
20682,webui
20684,test
20685,master
20685,allocation
20685,test
20687,master
20688,containerization
20688,test
20689,fetcher
20692,master
20693,webui
20694,test
20694,docker
20695,test
20695,docker
20698,documentation
20702,webui
20703,containerization
20713,stout
20715,docker
20716,documentation
20718,test
20718,libprocess
20719,HTTP API
20725,build
20726,fetcher
20729,master
20729,framework
20729,HTTP API
20735,agent
20738,master
20739,master
20740,master
20741,master
20742,test
20742,libprocess
20743,c++ api
20743,modules
20744,agent
20747,documentation
20747,docker
20750,master
20750,HTTP API
20751,webui
20752,build
20753,documentation
20766,libprocess
20768,allocation
20770,test
20770,libprocess
20771,stout
20772,documentation
20774,libprocess
20775,documentation
20777,master
20777,allocation
20778,allocation
20779,allocation
20781,libprocess
20781,documentation
20782,libprocess
20783,agent
20783,docker
20786,containerization
20787,master
20787,allocation
20788,libprocess
20789,test
20789,libprocess
20790,master
20791,master
20792,libprocess
20796,test
20798,security
20799,agent
20799,master
20801,containerization
20802,documentation
20803,build
20804,test
20806,cmake
20808,project website
20808,test
20808,documentation
20809,cmake
20810,project website
20810,documentation
20811,HTTP API
20813,agent
20813,fetcher
20815,containerization
20816,agent
20816,containerization
20817,master
20819,HTTP API
20820,HTTP API
20821,documentation
20822,libprocess
20824,containerization
20831,docker
20832,test
20832,libprocess
20835,webui
20836,fetcher
20840,test
20842,agent
20842,containerization
20843,agent
20844,agent
20844,containerization
20844,docker
20845,containerization
20852,libprocess
20853,leader election
20854,HTTP API
20855,libprocess
20856,master
20858,master
20862,containerization
20865,fetcher
20866,cli
20874,docker
20877,test
20879,HTTP API
20880,test
20883,modules
20885,allocation
20886,scheduler driver
20888,test
20889,libprocess
20890,test
20890,libprocess
20891,documentation
20893,documentation
20894,modules
20895,test
20895,fetcher
20896,documentation
20897,test
20897,framework
20897,HTTP API
20899,containerization
20901,documentation
20902,framework
20902,HTTP API
20903,HTTP API
20904,master
20905,agent
20906,allocation
20907,fetcher
20908,project website
20909,stout
20910,containerization
20910,docker
20911,HTTP API
20912,containerization
20912,docker
20913,libprocess
20917,HTTP API
20918,test
20919,release
20919,stout
20920,agent
20920,docker
20923,containerization
20924,stout
20924,modules
20925,agent
20926,master
20927,master
20929,master
20930,master
20931,allocation
20932,master
20933,allocation
20935,stout
20937,agent
20938,containerization
20938,docker
20940,containerization
20940,modules
20941,libprocess
20943,agent
20943,docker
20944,libprocess
20945,modules
20946,master
20947,webui
20948,fetcher
20950,docker
20952,cmake
20953,agent
20953,webui
20954,stout
20956,stout
20957,documentation
20959,project website
20961,containerization
20963,documentation
20964,libprocess
20965,containerization
20966,containerization
20967,containerization
20968,containerization
20969,libprocess
20970,containerization
20971,containerization
20972,agent
20973,libprocess
20974,libprocess
20975,libprocess
20976,libprocess
20977,libprocess
20978,stout
20979,libprocess
20980,libprocess
20981,libprocess
20982,libprocess
20983,libprocess
20984,libprocess
20985,libprocess
20986,libprocess
20987,agent
20988,agent
20989,agent
20990,agent
20991,stout
20992,libprocess
20993,libprocess
20994,libprocess
20995,libprocess
20996,libprocess
20997,libprocess
20998,libprocess
20999,libprocess
21000,libprocess
21001,stout
21002,libprocess
21003,libprocess
21004,stout
21006,stout
21007,stout
21008,stout
21009,stout
21010,stout
21012,libprocess
21013,libprocess
21014,libprocess
21015,libprocess
21016,stout
21017,stout
21018,stout
21019,stout
21020,stout
21021,libprocess
21022,libprocess
21023,agent
21025,containerization
21026,containerization
21027,containerization
21029,containerization
21030,containerization
21031,containerization
21032,containerization
21033,agent
21034,agent
21035,agent
21036,agent
21037,agent
21038,agent
21039,agent
21040,agent
21041,build
21041,test
21042,test
21044,fetcher
21045,test
21047,fetcher
21049,build
21051,documentation
21052,cmake
21054,scheduler driver
21055,HTTP API
21057,agent
21059,storage
21062,master
21063,test
21065,libprocess
21068,documentation
21069,stout
21070,test
21070,fetcher
21071,containerization
21073,cmake
21074,HTTP API
21075,leader election
21075,replicated log
21076,agent
21076,docker
21077,replicated log
21078,containerization
21080,documentation
21081,master
21081,documentation
21083,documentation
21085,build
21087,HTTP API
21089,master
21093,cli
21095,allocation
21097,master
21098,libprocess
21098,stout
21100,agent
21100,docker
21102,master
21104,agent
21105,agent
21105,master
21105,HTTP API
21106,cmake
21107,cmake
21108,cmake
21109,libprocess
21112,containerization
21116,fetcher
21118,libprocess
21119,agent
21119,containerization
21119,docker
21120,cmake
21123,cmake
21124,build
21125,HTTP API
21129,stout
21131,master
21132,build
21135,containerization
21136,agent
21136,test
21138,containerization
21149,webui
21149,statistics
21151,docker
21152,containerization
21153,containerization
21154,containerization
21156,test
21157,documentation
21159,stout
21162,libprocess
21164,modules
21167,build
21172,master
21186,stout
21187,containerization
21190,master
21191,master
21193,framework
21194,libprocess
21195,stout
21196,cmake
21198,containerization
21199,documentation
21200,stout
21201,fetcher
21203,stout
21206,stout
21209,stout
21210,stout
21211,stout
21212,stout
21213,stout
21215,cmake
21218,test
21221,containerization
21222,containerization
21223,libprocess
21225,containerization
21226,agent
21226,containerization
21228,containerization
21228,storage
21232,replicated log
21235,test
21236,agent
21236,containerization
21236,docker
21237,stout
21239,containerization
21239,test
21240,docker
21244,stout
21245,HTTP API
21246,master
21248,agent
21249,agent
21251,stout
21253,cmake
21254,cmake
21255,cmake
21256,HTTP API
21257,agent
21257,docker
21263,test
21264,cmake
21265,cmake
21266,cmake
21267,cmake
21268,cmake
21269,cmake
21271,test
21271,documentation
21272,docker
21273,docker
21274,HTTP API
21275,documentation
21278,libprocess
21282,fetcher
21283,agent
21293,documentation
21295,allocation
21296,allocation
21298,master
21300,test
21304,stout
21309,stout
21310,test
21311,master
21311,allocation
21313,HTTP API
21315,oversubscription
21316,agent
21316,containerization
21317,libprocess
21320,stout
21324,agent
21328,fetcher
21329,documentation
21331,libprocess
21332,libprocess
21338,test
21340,java api
21343,libprocess
21343,HTTP API
21344,documentation
21346,webui
21351,project website
21352,containerization
21352,test
21352,docker
21353,containerization
21353,test
21353,docker
21354,containerization
21354,test
21354,docker
21355,containerization
21355,test
21355,docker
21356,containerization
21356,test
21356,docker
21358,docker
21360,docker
21361,docker
21364,master
21365,stout
21366,allocation
21367,webui
21369,master
21369,replicated log
21372,containerization
21373,documentation
21376,HTTP API
21377,containerization
21378,agent
21380,master
21381,reviewbot
21383,agent
21383,master
21384,agent
21384,master
21385,java api
21388,agent
21390,docker
21394,test
21395,test
21397,containerization
21398,libprocess
21399,cmake
21400,cmake
21401,modules
21404,allocation
21405,allocation
21410,master
21414,containerization
21414,test
21414,fetcher
21415,build
21416,security
21417,security
21418,security
21419,security
21421,agent
21422,containerization
21423,stout
21425,documentation
21426,containerization
21426,docker
21427,containerization
21427,docker
21428,webui
21429,master
21432,stout
21433,build
21435,stout
21436,containerization
21436,docker
21439,master
21440,test
21441,fetcher
21442,project website
21442,webui
21443,python api
21445,containerization
21446,test
21448,libprocess
21449,libprocess
21449,stout
21451,build
21452,test
21460,libprocess
21461,libprocess
21462,agent
21462,docker
21463,master
21464,agent
21465,scheduler driver
21466,documentation
21468,containerization
21468,build
21469,replicated log
21472,agent
21472,master
21474,libprocess
21475,fetcher
21476,stout
21479,build
21480,master
21481,test
21483,containerization
21484,master
21484,replicated log
21485,master
21487,libprocess
21488,build
21488,documentation
21491,libprocess
21492,allocation
21493,agent
21493,master
21493,webui
21493,statistics
21494,agent
21494,containerization
21495,agent
21499,test
21499,java api
21502,master
21502,allocation
21506,agent
21506,master
21506,libprocess
21507,stout
21510,cmake
21514,master
21515,cmake
21517,agent
21517,master
21520,containerization
21521,agent
21521,master
21521,json api
21522,documentation
21523,build
21524,containerization
21526,test
21526,docker
21527,stout
21528,libprocess
21529,libprocess
21530,libprocess
21531,stout
21536,documentation
21537,fetcher
21538,framework
21539,cmake
21540,cmake
21541,cmake
21542,cmake
21543,cmake
21544,cmake
21546,libprocess
21547,stout
21548,stout
21551,containerization
21552,libprocess
21552,stout
21555,containerization
21555,libprocess
21555,stout
21556,containerization
21556,docker
21557,docker
21558,c++ api
21562,documentation
21564,build
21565,libprocess
21566,containerization
21569,documentation
21571,allocation
21572,master
21572,replicated log
21577,modules
21579,master
21580,master
21580,replicated log
21581,master
21581,replicated log
21583,master
21583,replicated log
21587,master
21589,fetcher
21595,build
21596,test
21597,allocation
21598,allocation
21599,containerization
21599,test
21599,docker
21600,containerization
21600,test
21601,test
21601,docker
21602,test
21602,docker
21603,stout
21604,master
21605,master
21606,master
21607,master
21607,allocation
21608,master
21609,documentation
21611,master
21611,allocation
21614,libprocess
21615,test
21617,containerization
21621,agent
21621,framework
21622,stout
21623,libprocess
21625,master
21625,security
21630,documentation
21635,containerization
21638,project website
21638,documentation
21640,libprocess
21642,containerization
21642,docker
21643,libprocess
21644,containerization
21645,containerization
21646,containerization
21647,framework
21648,test
21649,containerization
21650,master
21651,libprocess
21653,stout
21655,containerization
21655,documentation
21656,documentation
21657,test
21657,stout
21658,agent
21660,documentation
21662,docker
21666,build
21669,containerization
21670,containerization
21671,test
21672,master
21672,test
21672,libprocess
21673,libprocess
21674,stout
21675,libprocess
21678,containerization
21679,containerization
21680,containerization
21681,libprocess
21682,libprocess
21683,stout
21684,libprocess
21686,agent
21687,containerization
21687,docker
21689,project website
21691,master
21697,containerization
21697,docker
21698,master
21698,security
21699,master
21699,security
21700,master
21700,security
21704,test
21705,libprocess
21706,libprocess
21707,master
21708,master
21710,docker
21711,documentation
21712,documentation
21713,fetcher
21714,master
21715,agent
21716,documentation
21717,documentation
21718,agent
21723,libprocess
21726,libprocess
21727,stout
21728,stout
21730,containerization
21730,test
21731,containerization
21731,build
21740,libprocess
21744,agent
21744,statistics
21745,containerization
21746,agent
21746,master
21746,modules
21750,framework
21751,agent
21751,test
21752,webui
21753,webui
21754,master
21754,allocation
21755,master
21755,allocation
21756,master
21756,allocation
21757,webui
21759,libprocess
21761,test
21761,documentation
21763,containerization
21764,modules
21765,docker
21768,libprocess
21771,containerization
21772,agent
21772,oversubscription
21773,containerization
21773,test
21776,stout
21778,agent
21780,agent
21784,fetcher
21785,master
21786,master
21788,test
21788,fetcher
21789,test
21789,fetcher
21793,containerization
21795,containerization
21796,containerization
21797,containerization
21798,containerization
21799,containerization
21801,agent
21806,containerization
21806,docker
21812,containerization
21813,test
21815,fetcher
21816,agent
21817,fetcher
21820,containerization
21821,containerization
21822,containerization
21824,test
21829,containerization
21831,fetcher
21832,stout
21834,agent
21835,agent
21836,agent
21837,docker
21839,leader election
21841,libprocess
21841,stout
21842,master
21845,libprocess
21846,stout
21850,containerization
21851,containerization
21852,containerization
21853,containerization
21856,docker
21857,containerization
21857,test
21858,agent
21858,cli
21858,json api
21858,python api
21858,statistics
21859,agent
21859,cli
21859,python api
21859,statistics
21861,agent
21862,documentation
21863,documentation
21864,documentation
21877,containerization
21878,libprocess
21879,docker
21880,stout
21881,containerization
21881,test
21889,libprocess
21889,stout
21891,agent
21893,containerization
21893,master
21895,framework
21896,containerization
21897,java api
21899,c++ api
21899,java api
21903,json api
21908,master
21908,json api
21909,documentation
21919,release
21920,containerization
21921,containerization
21921,documentation
21922,framework
21928,java api
21929,containerization
21930,stout
21931,build
21931,python api
21932,agent
21932,docker
21933,containerization
21933,docker
21935,stout
21937,java api
21940,docker
21944,containerization
21945,containerization
21946,containerization
21947,build
21950,containerization
21956,build
21960,agent
21961,containerization
21961,framework
21962,agent
21962,docker
21963,containerization
21964,project website
21965,agent
21966,documentation
21966,modules
21967,containerization
21971,project website
21972,docker
21979,agent
21979,statistics
21980,build
21981,containerization
21983,libprocess
21983,stout
21984,libprocess
21984,stout
21985,c++ api
21985,libprocess
21985,stout
21989,scheduler api
22002,framework
22003,python api
22008,libprocess
22011,webui
22012,containerization
22013,master
22015,libprocess
22016,stout
22020,containerization
22024,documentation
22026,agent
22026,master
22026,libprocess
22027,documentation
22029,docker
22031,master
22031,allocation
22032,master
22033,containerization
22033,docker
22034,agent
22034,containerization
22034,docker
22035,documentation
22042,build
22045,agent
22045,containerization
22046,master
22048,statistics
22049,allocation
22049,modules
22050,allocation
22050,documentation
22050,modules
22051,docker
22052,test
22055,containerization
22055,test
22057,docker
22058,docker
22059,libprocess
22060,fetcher
22061,webui
22062,test
22063,agent
22066,agent
22079,python api
22080,documentation
22081,modules
22083,java api
22086,framework
22087,framework
22088,framework
22089,framework
22090,stout
22096,build
22097,stout
22100,framework
22101,libprocess
22102,containerization
22103,containerization
22104,containerization
22105,containerization
22106,containerization
22109,build
22110,test
22112,test
22114,test
22115,java api
22117,fetcher
22119,libprocess
22120,framework
22121,python api
22124,master
22125,docker
22126,agent
22129,agent
22129,containerization
22130,allocation
22131,master
22136,stout
22137,agent
22137,containerization
22137,docker
22138,agent
22138,containerization
22138,docker
22139,master
22143,test
22144,docker
22145,libprocess
22146,libprocess
22147,agent
22148,agent
22148,master
22153,documentation
22154,allocation
22155,agent
22155,master
22156,allocation
22157,master
22160,build
22161,master
22162,libprocess
22167,webui
22168,libprocess
22173,containerization
22181,libprocess
22184,containerization
22185,containerization
22186,docker
22187,docker
22188,project website
22188,documentation
22189,project website
22189,documentation
22190,master
22195,c++ api
22198,documentation
22200,webui
22201,project website
22202,project website
22202,documentation
22203,project website
22204,project website
22205,project website
22206,project website
22207,project website
22208,libprocess
22211,project website
22213,project website
22214,project website
22215,project website
22216,project website
22217,project website
22218,python api
22219,java api
22220,documentation
22223,master
22225,containerization
22227,agent
22228,stout
22229,libprocess
22234,stout
22235,webui
22238,agent
22243,test
22245,test
22254,master
22256,fetcher
22258,test
22259,test
22260,containerization
22264,build
22266,agent
22266,master
22266,modules
22267,security
22269,libprocess
22270,java api
22272,containerization
22272,docker
22273,allocation
22277,docker
22278,containerization
22278,docker
22279,agent
22282,docker
22287,containerization
22288,docker
22289,docker
22290,agent
22291,master
22292,master
22293,master
22294,master
22296,containerization
22297,containerization
22299,c++ api
22299,java api
22299,python api
22300,docker
22301,cli
22302,libprocess
22304,containerization
22304,test
22306,leader election
22307,project website
22309,build
22309,python api
22310,containerization
22311,agent
22311,master
22311,modules
22313,security
22314,containerization
22315,test
22316,statistics
22317,master
22318,build
22321,libprocess
22322,test
22324,stout
22325,docker
22326,test
22327,agent
22330,build
22334,docker
22335,project website
22336,build
22336,python api
22339,libprocess
22340,test
22342,build
22343,build
22344,test
22345,agent
22345,master
22346,test
22359,test
22360,allocation
22361,allocation
22362,documentation
22363,test
22364,documentation
22365,agent
22365,master
22366,stout
22368,containerization
22370,agent
22370,docker
22373,build
22377,json api
22378,documentation
22379,agent
22379,master
22379,allocation
22380,agent
22381,stout
22382,stout
22383,stout
22384,agent
22390,docker
22391,test
22394,agent
22394,docker
22395,agent
22399,stout
22400,agent
22400,master
22401,master
22405,test
22407,test
22409,documentation
22410,build
22411,build
22412,agent
22412,docker
22412,json api
22412,statistics
22414,test
22415,test
22416,libprocess
22417,json api
22418,test
22419,build
22420,test
22421,test
22422,allocation
22423,test
22424,master
22424,security
22425,agent
22426,documentation
22427,agent
22429,modules
22431,docker
22433,allocation
22434,containerization
22434,docker
22437,agent
22439,test
22441,framework
22441,documentation
22444,documentation
22445,test
22446,containerization
22446,docker
22447,test
22448,framework
22448,documentation
22449,docker
22450,docker
22451,build
22453,webui
22454,libprocess
22455,containerization
22456,containerization
22457,build
22457,libprocess
22461,agent
22461,json api
22462,agent
22463,containerization
22463,docker
22464,libprocess
22467,test
22470,allocation
22473,fetcher
22474,agent
22474,fetcher
22475,build
22478,libprocess
22482,containerization
22483,fetcher
22484,containerization
22489,master
22491,docker
22492,containerization
22492,docker
22493,agent
22493,master
22494,master
22495,containerization
22496,master
22496,c++ api
22496,framework
22501,webui
22502,test
22503,test
22506,agent
22507,master
22508,master
22510,containerization
22512,test
22513,libprocess
22514,libprocess
22515,agent
22515,master
22516,libprocess
22518,containerization
22519,master
22520,libprocess
22521,libprocess
22525,stout
22527,libprocess
22529,build
22531,docker
22535,documentation
22536,agent
22536,master
22541,containerization
22542,containerization
22543,containerization
22544,webui
22546,agent
22546,master
22547,allocation
22552,libprocess
22554,security
22555,documentation
22558,webui
22559,libprocess
22563,documentation
22564,webui
22565,master
22566,master
22568,java api
22569,agent
22569,master
22570,master
22571,master
22572,agent
22572,fetcher
22573,agent
22573,fetcher
22574,agent
22574,fetcher
22575,libprocess
22576,agent
22576,fetcher
22577,agent
22577,fetcher
22578,agent
22578,documentation
22579,master
22581,python api
22582,java api
22583,c++ api
22584,c++ api
22586,modules
22588,agent
22588,master
22589,agent
22589,fetcher
22590,agent
22590,fetcher
22594,agent
22594,containerization
22595,agent
22595,master
22597,build
22598,test
22603,agent
22603,master
22603,scheduler driver
22603,security
22604,modules
22607,documentation
22608,agent
22611,agent
22614,agent
22614,master
22614,framework
22616,master
22618,python api
22619,build
22620,agent
22621,stout
22622,build
22623,cli
22624,build
22625,cli
22626,agent
22626,docker
22627,framework
22628,agent
22628,master
22628,allocation
22628,framework
22629,test
22630,containerization
22630,docker
22632,master
22633,json api
22636,libprocess
22637,libprocess
22638,test
22639,test
22640,master
22641,modules
22642,documentation
22643,test
22644,framework
22644,modules
22645,modules
22647,agent
22650,agent
22650,containerization
22652,test
22654,agent
22655,stout
22656,build
22659,stout
22661,build
22666,libprocess
22667,containerization
22668,agent
22668,containerization
22668,master
22668,allocation
22668,framework
22669,containerization
22670,webui
22673,master
22678,libprocess
22680,modules
22683,agent
22683,master
22684,master
22684,framework
22685,agent
22685,master
22687,containerization
22688,containerization
22689,containerization
22690,containerization
22691,agent
22696,modules
22697,agent
22697,master
22700,test
22700,libprocess
22701,test
22702,replicated log
22704,test
22704,modules
22705,agent
22705,containerization
22707,master
22711,test
22712,cli
22713,replicated log
22716,scheduler api
22718,modules
22719,modules
22720,modules
22721,containerization
22722,webui
22723,master
22726,libprocess
22727,libprocess
22728,libprocess
22729,libprocess
22730,libprocess
22731,agent
22737,containerization
22738,java api
22740,modules
22741,build
22741,java api
22741,security
22746,master
22747,release
22747,python api
22748,release
22748,python api
22749,modules
22750,agent
22751,modules
22752,modules
22753,java api
22754,modules
22755,test
22756,modules
22757,libprocess
22758,agent
22758,fetcher
22759,containerization
22761,containerization
22763,reviewbot
22764,reviewbot
22765,documentation
22766,agent
22767,webui
22768,stout
22772,agent
22774,agent
22777,agent
22778,master
22780,json api
22781,modules
22783,master
22784,libprocess
22785,agent
22785,master
22785,framework
22786,docker
22790,build
22791,test
22792,containerization
22797,test
22801,test
22802,build
22803,libprocess
22805,libprocess
22806,build
22807,documentation
22808,docker
22810,libprocess
22811,documentation
22812,containerization
22815,master
22816,containerization
22818,project website
22820,webui
22821,containerization
22822,agent
22824,master
22825,agent
22825,master
22826,agent
22826,containerization
22827,test
22829,containerization
22830,documentation
22831,test
22832,test
22833,agent
22835,agent
22837,containerization
22839,leader election
22840,stout
22842,test
22843,test
22844,cli
22845,agent
22846,agent
22846,master
22847,build
22848,build
22849,agent
22850,java api
22851,stout
22852,documentation
22853,stout
22854,master
22854,allocation
22854,replicated log
22856,test
22857,documentation
22858,agent
22859,test
22860,test
22862,test
22863,test
22864,test
22867,stout
22869,build
22870,build
22870,libprocess
22871,build
22872,agent
22873,build
22876,containerization
22879,test
22880,containerization
22881,build
22882,master
22882,allocation
22882,scheduler api
22884,containerization
22885,test
22886,documentation
22887,containerization
22894,test
22895,python api
22897,test
22898,agent
22898,containerization
22902,build
22903,build
22904,agent
22905,containerization
22907,libprocess
22908,containerization
22910,master
22912,build
22912,stout
22914,python api
22916,build
22916,test
22917,libprocess
22919,containerization
22921,containerization
22923,agent
22924,agent
22925,agent
22925,master
22926,master
22927,agent
22928,agent
22928,json api
22929,agent
22930,agent
22931,c++ api
22933,reviewbot
22936,test
22937,master
22937,framework
22938,build
22939,libprocess
22940,build
22941,containerization
22944,build
22945,stout
22946,test
22947,test
22948,webui
22949,agent
22949,master
22950,agent
22952,build
22957,master
22958,test
22959,fetcher
22960,test
22961,containerization
22961,docker
22962,documentation
22963,agent
22963,master
22963,libprocess
22964,build
22965,build
22966,build
22969,test
22975,build
22977,agent
22977,master
22978,agent
22978,fetcher
22982,agent
22982,containerization
22983,containerization
22984,libprocess
22985,libprocess
22986,docker
22987,libprocess
22989,containerization
22990,test
22992,test
22994,agent
22994,master
22995,agent
22997,agent
22997,master
22998,project website
22998,documentation
23001,framework
23004,test
23005,test
23007,project website
23008,agent
23008,security
23009,build
23010,cli
23011,framework
23014,stout
23015,master
23019,libprocess
23020,libprocess
23021,build
23024,containerization
23026,test
23027,test
23029,test
23032,test
23033,test
23034,documentation
23036,test
23038,master
23038,allocation
23038,framework
23039,agent
23042,test
23043,build
23051,test
23053,allocation
23058,containerization
23059,containerization
23060,containerization
23061,framework
23063,build
23064,master
23064,allocation
23065,agent
23065,containerization
23066,documentation
23069,build
23071,containerization
23071,allocation
23072,containerization
23073,agent
23073,master
23078,agent
23078,master
23080,containerization
23081,documentation
23084,python api
23086,build
23089,containerization
23091,fetcher
23092,test
23093,documentation
23093,java api
23094,master
23095,framework
23095,java api
23095,python api
23097,test
23098,containerization
23099,master
23099,replicated log
23100,test
23101,test
23102,test
23104,master
23106,java api
23108,webui
23109,test
23112,test
23113,test
23114,test
23118,containerization
23122,agent
23124,project website
23124,documentation
23125,c++ api
23126,java api
23127,documentation
23128,master
23129,containerization
23131,test
23132,test
23133,webui
23136,agent
23137,documentation
23139,documentation
23141,build
23141,c++ api
23142,master
23145,build
23148,test
23150,project website
23151,project website
23152,project website
23155,test
23159,agent
23160,test
23162,test
23163,test
23169,master
23170,agent
23170,master
23171,agent
23171,master
23171,framework
23172,containerization
23173,containerization
23174,documentation
23174,replicated log
23175,documentation
23176,build
23176,reviewbot
23179,master
23179,allocation
23180,master
23181,test
23184,python api
23186,build
23187,agent
23187,containerization
23188,libprocess
23189,statistics
23190,libprocess
23193,master
23197,agent
23198,agent
23203,agent
23203,master
23204,agent
23204,master
23205,agent
23205,master
23208,test
23209,test
23210,test
23212,stout
23212,statistics
23220,test
23221,test
23222,test
23223,test
23229,build
23232,build
23234,agent
23234,master
23237,c++ api
23237,framework
23237,java api
23237,python api
23243,master
23243,build
23244,documentation
23246,master
23246,replicated log
23254,agent
23254,master
23255,master
23260,build
23266,master
23266,framework
23268,documentation
23269,master
23270,agent
23270,master
23271,master
23271,framework
23272,framework
23274,libprocess
23274,statistics
23275,test
23276,build
23278,statistics
23280,test
23282,containerization
23283,test
23284,test
23285,libprocess
23286,test
23287,webui
23297,test
23298,test
23299,stout
23300,stout
23303,master
23303,security
23305,master
23309,libprocess
23310,agent
23310,master
23313,agent
23313,master
23314,test
23315,libprocess
23318,agent
23318,master
23318,framework
23320,containerization
23321,containerization
23322,framework
23330,master
23331,master
23333,webui
23336,project website
23337,build
23339,master
23342,test
23343,documentation
23343,java api
23344,documentation
23344,java api
23345,documentation
23345,java api
23346,documentation
23346,java api
23347,documentation
23347,java api
23348,documentation
23348,java api
23349,documentation
23349,java api
23350,documentation
23350,java api
23351,documentation
23351,java api
23352,documentation
23352,java api
23353,documentation
23353,java api
23355,build
23356,build
23356,java api
23357,build
23357,java api
23358,libprocess
23359,libprocess
23360,libprocess
23361,libprocess
23364,agent
23364,master
23364,c++ api
23365,agent
23365,master
23365,c++ api
23366,agent
23366,master
23366,c++ api
23367,containerization
23370,test
23372,test
23373,project website
23374,replicated log
23378,libprocess
23379,agent
23383,test
23384,java api
23385,java api
23386,documentation
23386,java api
23387,agent
23389,agent
23389,test
23390,webui
23392,statistics
23393,build
23395,test
23396,libprocess
23397,agent
23404,agent
23405,documentation
23410,libprocess
23411,reviewbot
23412,test
23414,replicated log
23415,libprocess
23415,statistics
23417,containerization
23417,statistics
23418,java api
23419,master
23420,agent
23420,containerization
23420,allocation
23420,framework
23421,stout
23426,master
23426,webui
23427,master
23428,libprocess
23432,build
23433,build
23433,java api
23436,build
23437,build
23442,build
23447,project website
23449,release
23450,containerization
23451,stout
23452,containerization
23453,build
23454,test
23455,test
23456,containerization
23456,test
23457,master
23458,master
23458,allocation
23460,containerization
23462,containerization
23465,test
23467,containerization
23468,build
23470,build
23471,build
23472,build
23473,build
23474,build
23475,build
23476,build
23477,build
23478,build
23481,agent
23482,build
23483,stout
23485,libprocess
23487,build
23488,build
23489,build
23491,test
23492,build
23495,test
23496,test
23497,master
23499,statistics
23502,master
23502,framework
23503,agent
23503,master
23503,framework
23504,agent
23504,master
23504,framework
23505,agent
23506,master
23506,framework
23507,agent
23507,containerization
23508,documentation
23509,java api
23511,build
23512,agent
23512,statistics
23513,master
23513,statistics
23514,libprocess
23515,master
23515,allocation
23516,master
23518,framework
23522,test
23522,stout
23524,build
23525,cli
23526,allocation
23527,master
23527,framework
23528,statistics
23529,libprocess
23529,statistics
23530,build
23532,containerization
23534,project website
23535,project website
23535,documentation
23536,project website
23537,project website
23538,documentation
23543,libprocess
23544,project website
23545,agent
23546,agent
23546,master
23547,documentation
23548,containerization
23548,documentation
23549,libprocess
23550,libprocess
23552,cli
23553,documentation
23554,documentation
23556,test
23557,test
23558,master
23558,stout
23559,master
23560,master
23561,cli
23562,test
23563,build
23564,master
23569,agent
23570,test
23571,documentation
23573,build
23574,build
23577,master
23578,master
23579,master
23580,master
23581,master
23581,test
23582,agent
23582,containerization
23583,test
23584,test
23585,test
23586,test
23587,agent
23587,master
23588,libprocess
23589,java api
23590,c++ api
23591,build
23592,cli
23594,containerization
23595,containerization
23595,fetcher
23596,containerization
23598,build
23602,build
23603,test
23604,libprocess
23604,stout
23608,libprocess
23609,statistics
23611,statistics
23612,statistics
23614,agent
23615,agent
23615,master
23615,framework
23616,build
23616,libprocess
23618,agent
23618,master
23618,framework
23618,libprocess
23619,libprocess
23621,master
23624,webui
23625,test
23626,test
23628,cli
23629,cli
23630,agent
23630,master
23632,test
23633,project website
23633,documentation
23634,project website
23634,documentation
23635,build
23635,python api
23636,build
23644,build
23645,libprocess
23646,containerization
23647,containerization
23649,containerization
23650,libprocess
23653,java api
23654,libprocess
23655,agent
23655,master
23657,test
23661,replicated log
23663,agent
23664,replicated log
23665,libprocess
23666,master
23667,build
23668,test
23669,test
23672,libprocess
23673,build
23675,replicated log
23677,build
23678,build
23679,build
23680,test
23681,documentation
23682,build
23683,documentation
23683,replicated log
23684,documentation
23684,replicated log
23685,test
23688,master
23689,c++ api
23691,libprocess
23694,build
23695,build
23696,agent
23697,framework
23697,documentation
23697,java api
23699,python api
23700,webui
23703,documentation
23704,agent
23707,agent
23707,master
23707,c++ api
23711,documentation
23713,libprocess
23714,build
23716,documentation
23717,test
23718,test
23720,libprocess
23722,containerization
23723,containerization
23724,containerization
23726,master
23727,agent
23729,build
23730,documentation
23731,build
23735,libprocess
23736,build
23737,build
23737,libprocess
23739,framework
23740,framework
23743,master
23744,test
23745,webui
23747,build
23748,build
23749,libprocess
23751,webui
23755,master
23757,agent
23758,master
23758,framework
23759,agent
23759,containerization
23760,webui
23764,test
23765,master
23766,master
23766,fetcher
23771,documentation
23772,libprocess
23773,test
23774,test
23775,agent
23779,webui
23780,project website
23781,build
23781,libprocess
23782,build
23782,libprocess
23783,framework
23784,test
23785,build
23785,libprocess
23786,containerization
23787,agent
23788,python api
23790,java api
23791,test
23793,test
23794,c++ api
23794,java api
23794,python api
23798,webui
23803,test
23804,master
23805,java api
23807,master
23808,test
23809,libprocess
23811,master
23814,master
23815,test
23816,project website
23817,test
23818,test
23820,webui
23822,test
23824,test
23825,test
23827,libprocess
23829,agent
23829,containerization
23830,c++ api
23832,cli
23833,test
23835,c++ api
23835,java api
23835,python api
23836,agent
23836,master
23836,framework
23839,c++ api
23843,webui
23847,test
23848,master
23849,java api
23849,replicated log
23850,test
23851,webui
23852,test
23854,build
23856,webui
23857,test
23860,stout
23861,agent
23865,framework
23868,test
23869,webui
23872,test
23874,test
23875,replicated log
23881,master
23883,containerization
23893,test
23898,test
23899,master
23900,build
23900,test
23902,test
23904,agent
23904,master
23906,agent
23906,master
23909,replicated log
23914,webui
23915,webui
23917,master
23924,documentation
23929,documentation
23930,replicated log
23932,containerization
23937,webui
23937,libprocess
23938,build
23940,test
23942,master
23945,framework
23947,agent
23947,master
23947,framework
23950,master
23953,master
23953,json api
23957,release
23958,agent
23960,test
23962,c++ api
23962,replicated log
23964,documentation
23967,test
23975,test
23976,test
23980,documentation
23981,build
23991,agent
23994,webui
24002,framework
24003,test
24005,build
24023,allocation
24027,build
24034,test
24043,build
24044,containerization
24055,webui
24056,agent
24056,master
24057,java api
24061,project website
24061,documentation
24080,documentation
24085,webui
24086,webui
24087,webui
24094,python api
24095,webui
24096,webui
24100,agent
24100,master
24100,framework
24101,build
24102,java api
24105,containerization
24112,build
24117,executor
24126,documentation
24129,agent
24136,master
24149,project website
24153,build
24153,java api
24155,allocation
24161,framework
24166,webui
24167,test
24173,documentation
24174,c++ api
24184,build
24185,build
24186,containerization
24211,agent
24211,webui
24213,containerization
24216,agent
24216,master
24216,framework
24218,framework
24218,python api
24219,containerization
24222,master
24227,webui
24235,agent
24247,agent
24271,documentation
24285,containerization
24288,python api
24288,replicated log
24289,python api
24290,agent
24290,containerization
24290,master
24295,agent
24297,test
24299,documentation
24304,build
24308,agent
24313,build
24316,libprocess
24323,libprocess
24324,libprocess
24327,python api
24331,master
24332,framework
24345,agent
24345,framework
24349,agent
24353,framework
24353,java api
24356,containerization
24358,build
24361,webui
24365,master
24367,build
24376,build
24378,master
24379,build
24380,webui
24382,build
24384,agent
24384,webui
24385,agent
24385,master
24390,build
24391,webui
24398,framework
24408,agent
24408,master
24411,test
24411,c++ api
24414,master
24422,master
24424,test
24428,agent
24430,webui
24434,c++ api
24436,containerization
24437,framework
24441,agent
24441,master
24441,framework
24445,webui
24450,master
24450,webui
24454,agent
24454,master
24455,python api
24457,framework
24459,c++ api
24459,replicated log
24460,framework
24460,documentation
24461,build
24462,agent
24462,containerization
24463,build
24464,build
24477,build
24478,agent
24478,master
24487,framework
24488,allocation
24490,build
24492,master
24494,agent
24495,framework
24499,build
24501,test
24505,build
24506,build
24507,build
24511,test
24512,build
24513,test
24513,python api
24515,test
24516,build
24528,master
24531,build
24533,agent
24533,master
24533,framework
24535,cli
24538,framework
24539,framework
24540,build
24541,documentation
24542,framework
24543,agent
24544,agent
24548,test
24549,agent
24549,master
24549,test
24549,json api
24550,test
24550,webui
24551,agent
24552,agent
24553,release
24554,agent
24555,framework
24556,test
24556,java api
24558,agent
24558,master
24558,build
24558,test
24560,master
24561,agent
24561,containerization
24562,build
24564,test
24564,python api
24565,python api
24566,test
24567,build
24574,documentation
24576,containerization
24577,project website
24579,build
24580,build
24581,agent
24581,master
24583,build
24584,test
24585,build
24586,java api
24587,agent
24587,containerization
24592,master
24593,build
24594,java api
24595,java api
24596,containerization
24597,test
24598,c++ api
24598,java api
24598,python api
24599,master
24600,java api
24600,replicated log
24601,java api
24604,java api
24605,agent
24605,containerization
24608,agent
24608,webui
24609,webui
24610,agent
24610,master
24610,webui
24611,master
24614,master
24616,master
24618,webui
24619,webui
24620,build
24624,webui
24625,agent
24625,containerization
24626,containerization
24627,containerization
24627,test
24628,containerization
24629,containerization
24630,java api
24631,containerization
24636,test
24642,agent
24642,master
24642,c++ api
24642,webui
24642,java api
24642,python api
402585,CLI
402585,iOS
402586,iOS
402587,iOS
402587,Android
402589,iOS
402590,iOS
402591,Tooling
402592,Android
402593,iOS
402593,Android
402594,Android
402596,Android
402597,Android
402598,Android
402599,Android
402600,Android
402601,iOS
402601,Mac
402602,iOS
402602,Mac
402603,Android
402604,Android
402605,iOS
402606,Android
402607,Android
402608,Android
402609,iOS
402610,iOS
402611,Android
402612,Android
402613,Android
402614,Android
402615,Android
402616,Android
402617,Android
402618,Android
402619,iOS
402620,iOS
402624,iOS
402625,Hyperloop
402626,CLI
402626,iOS
402627,CLI
402627,iOS
402628,iOS
402629,iOS
402630,Android
402631,iOS
402632,iOS
402633,Android
402634,iOS
402635,Android
402636,iOS
402637,iOS
402638,iOS
402638,Mac
402639,Android
402640,LiveView
402641,iOS
402641,Mac
402642,CLI
402643,iOS
402644,CLI
402645,iOS
402646,iOS
402647,iOS
402648,CLI
402649,iOS
402650,iOS
402651,iOS
402652,iOS
402653,iOS
402654,Android
402655,Android
402656,Android
402657,Android
402658,iOS
402659,Android
402660,iOS
402661,iOS
402662,iOS
402662,Android
402662,TiAPI
402663,iOS
402664,iOS
402665,iOS
402666,iOS
402667,iOS
402668,iOS
402669,Android
402670,iOS
402671,iOS
402672,Android
402673,iOS
402674,iOS
402675,iOS
402675,Hyperloop
402676,iOS
402676,Android
402677,iOS
402678,iOS
402680,Android
402681,Android
402682,LiveView
402684,Android
402685,Android
402686,Android
402687,Android
402688,Android
402689,Android
402690,Android
402691,Android
402692,Android
402693,Android
402694,iOS
402695,iOS
402696,Android
402697,iOS
402698,iOS
402699,iOS
402699,Android
402700,iOS
402701,Android
402702,iOS
402703,iOS
402703,Android
402704,iOS
402704,Android
402705,Android
402706,Android
402707,Android
402708,LiveView
402709,iOS
402709,Android
402710,iOS
402711,Android
402712,Android
402713,Android
402714,Android
402715,Android
402716,Android
402717,Android
402718,iOS
402719,Tooling
402720,Android
402721,Android
402722,iOS
402723,Android
402724,Android
402725,iOS
402726,iOS
402726,Android
402727,CLI
402727,iOS
402728,Android
402729,Tooling
402730,Android
402732,Tooling
402733,Android
402735,iOS
402736,Android
402737,Android
402738,iOS
402739,Android
402740,iOS
402741,Android
402742,iOS
402742,Android
402743,iOS
402745,iOS
402746,iOS
402747,Hyperloop
402748,iOS
402749,iOS
402749,Android
402750,iOS
402750,Android
402751,iOS
402754,CLI
402755,Android
402756,iOS
402757,Android
402759,Android
402760,Android
402761,Android
402762,Android
402764,Android
402765,Android
402766,iOS
402767,Android
402768,LiveView
402769,iPad
402771,Android
402772,iOS
402773,iOS
402774,Android
402775,Android
402776,Android
402777,Android
402778,iOS
402779,Tooling
402780,Android
402781,Android
402782,iOS
402783,iOS
402783,Android
402784,iOS
402785,iOS
402786,iOS
402786,Android
402787,iOS
402787,Android
402788,iOS
402789,Android
402790,Android
402791,Android
402792,Android
402793,Android
402794,iOS
402795,Android
402796,iOS
402798,Android
402800,Android
402801,Android
402802,Android
402803,Android
402805,Android
402806,Android
402807,iOS
402808,iOS
402808,Android
402809,Android
402810,Android
402811,Android
402812,Android
402813,Android
402816,CLI
402818,iOS
402819,Android
402820,Android
402821,iOS
402823,Android
402824,Tooling
402825,Tooling
402826,CLI
402827,Android
402828,Android
402829,iOS
402830,Android
402831,iOS
402832,Android
402834,Android
402835,iOS
402836,iOS
402841,Android
402843,Android
402844,Android
402846,Android
402847,Android
402848,Android
402850,Android
402851,Android
402852,Android
402853,Core
402854,Android
402855,Android
402856,Hyperloop
402857,Android
402858,iOS
402860,iOS
402861,iOS
402868,iOS
402869,CLI
402870,Core
402871,Android
402872,iOS
402875,Android
402876,Tooling
402877,iOS
402878,Android
402879,Android
402880,Android
402881,Android
402882,Android
402884,iOS
402887,Android
402888,Core
402889,Android
402890,iOS
402891,CLI
402892,Android
402893,Android
402893,Hyperloop
402894,Android
402895,Android
402896,Android
402897,Android
402898,Android
402899,iOS
402900,Android
402900,Hyperloop
402901,Android
402902,Android
402903,iOS
402904,iOS
402907,iOS
402907,Android
402908,iOS
402909,Android
402910,iOS
402911,iOS
402912,CLI
402912,Android
402913,iOS
402914,Android
402915,Android
402916,CLI
402916,Android
402917,Android
402918,Windows
402919,Android
402920,Android
402921,CLI
402922,Android
402923,Android
402924,Android
402925,iOS
402925,Android
402926,Android
402927,Android
402931,iOS
402932,Android
402933,Android
402934,Android
402935,Android
402936,Android
402937,Android
402938,Android
402939,Android
402940,Android
402941,Android
402942,Android
402943,Android
402944,Android
402945,Android
402946,iOS
402947,CLI
402948,Hyperloop
402948,Windows
402949,Android
402950,iOS
402952,TiAPI
402953,TiAPI
402954,Tooling
402955,Windows
402955,Windows phone
402956,Android
402957,Android
402958,Android
402959,CLI
402959,iOS
402959,LiveView
402960,iOS
402961,iOS
402962,iOS
402963,iOS
402964,Android
402965,Android
402966,Android
402967,Android
402969,iOS
402970,iOS
402971,Android
402972,Android
402973,Android
402973,Hyperloop
402974,Android
402975,iOS
402980,iOS
402980,Android
402981,iOS
402982,iOS
402983,iOS
402984,iOS
402985,Android
402986,Android
402988,iOS
402989,Windows
402990,TiAPI
402991,Windows
402992,Android
402993,iOS
402993,Android
402994,Android
402995,Android
402996,Android
402997,iOS
402997,Android
402998,iOS
402998,Android
402999,CLI
402999,iOS
403000,Tooling
403001,Android
403002,Android
403004,iOS
403005,iOS
403006,Windows
403007,iOS
403008,Android
403010,Android
403011,Android
403012,iOS
403013,Android
403014,Android
403015,iOS
403016,Android
403017,CLI
403018,Android
403019,Android
403020,Windows
403022,CLI
403022,Android
403023,Android
403024,Android
403027,iPad
403028,iOS
403029,iOS
403031,Android
403032,iOS
403032,Android
403033,iOS
403034,Android
403035,Windows
403036,LiveView
403037,Android
403038,iPad
403039,iOS
403040,Android
403044,Android
403045,iOS
403047,Android
403048,Android
403049,Tooling
403050,Android
403051,Android
403052,Android
403053,iOS
403055,Android
403056,Android
403057,iOS
403057,iPad
403061,Android
403062,iOS
403064,Android
403066,Android
403067,iOS
403068,iOS
403069,iOS
403070,iOS
403071,Android
403072,Android
403073,iOS
403074,iOS
403075,iOS
403076,Android
403077,iOS
403078,Tooling
403079,Tooling
403080,Android
403081,iOS
403081,Android
403083,iOS
403083,Android
403084,Android
403085,Android
403086,Android
403087,iOS
403088,iOS
403089,Android
403090,CLI
403091,CLI
403091,iOS
403092,iOS
403093,Android
403094,iOS
403096,iOS
403097,iOS
403097,Android
403098,iOS
403102,LiveView
403103,iOS
403103,Hyperloop
403104,iOS
403107,iOS
403107,Tooling
403108,iOS
403110,iOS
403111,Android
403112,Android
403113,iOS
403114,iOS
403115,Android
403116,Android
403117,CLI
403118,Core
403119,iOS
403121,Android
403122,Android
403123,iOS
403124,LiveView
403125,CLI
403126,Tooling
403127,iOS
403128,Android
403130,iOS
403131,LiveView
403133,iOS
403134,Android
403135,iOS
403136,CLI
403136,iOS
403139,Android
403140,Android
403142,iOS
403143,iOS
403144,iOS
403145,CLI
403145,Android
403148,Hyperloop
403149,Tooling
403151,iOS
403152,iOS
403153,iOS
403154,iOS
403155,iOS
403156,Android
403157,iOS
403158,Windows
403159,Android
403160,iOS
403161,iOS
403162,Android
403166,Android
403167,iOS
403167,Tooling
403168,iOS
403169,iOS
403171,iOS
403171,Android
403171,Windows
403173,Hyperloop
403174,iOS
403175,iOS
403176,CLI
403176,iOS
403177,iOS
403178,iOS
403179,iOS
403180,iOS
403181,iOS
403181,Android
403182,iOS
403183,iOS
403185,Android
403188,Core
403189,CLI
403190,iOS
403191,iOS
403192,iOS
403193,CLI
403193,iOS
403194,Android
403195,Android
403196,Windows
403197,Android
403198,Android
403200,iOS
403201,iOS
403202,Android
403203,iOS
403203,Android
403204,Android
403205,LiveView
403205,Windows
403206,iOS
403206,Android
403206,TiAPI
403207,iOS
403207,Android
403207,TiAPI
403208,iOS
403209,iOS
403210,Windows
403211,iOS
403213,Android
403215,Android
403216,iOS
403217,Android
403219,iOS
403220,Android
403221,Android
403223,Windows
403224,iOS
403225,Android
403226,Windows
403227,Android
403228,CLI
403229,Android
403231,Android
403231,Hyperloop
403232,Android
403232,Hyperloop
403233,Android
403236,Android
403237,iOS
403238,TiAPI
403239,TiAPI
403240,TiAPI
403241,TiAPI
403242,TiAPI
403243,TiAPI
403244,TiAPI
403246,Android
403247,iOS
403248,iOS
403249,iOS
403250,iOS
403251,iOS
403253,iOS
403253,Android
403254,Android
403255,iOS
403256,Android
403257,iOS
403258,CLI
403259,Windows
403260,iOS
403261,iOS
403262,iOS
403263,Android
403264,iOS
403265,Android
403266,Windows
403267,Android
403269,iOS
403270,iOS
403272,iOS
403273,CLI
403274,Android
403275,Android
403276,Android
403277,Windows
403278,Android
403279,iOS
403280,Android
403282,Android
403284,Android
403285,Android
403286,iOS
403287,CLI
403287,iOS
403288,iOS
403289,Tooling
403290,Android
403291,CLI
403291,iOS
403292,iOS
403293,iOS
403294,CLI
403295,iOS
403296,LiveView
403297,iOS
403298,CLI
403298,iOS
403298,Android
403299,CLI
403299,iOS
403300,iOS
403301,Android
403302,CLI
403303,iOS
403304,Windows
403305,Android
403306,Android
403307,Android
403309,Android
403310,Hyperloop
403311,Windows
403312,Android
403313,Hyperloop
403314,CLI
403314,iOS
403315,Android
403316,Android
403317,iOS
403318,Android
403319,iOS
403320,iOS
403321,iOS
403322,Android
403323,CLI
403324,CLI
403326,iOS
403327,iOS
403328,iOS
403329,iOS
403330,Android
403331,Android
403332,iOS
403333,Android
403334,iOS
403336,iOS
403338,Windows
403340,Android
403342,Android
403344,Android
403345,Android
403346,iOS
403347,iOS
403347,iPad
403348,TiAPI
403349,Windows
403350,Tooling
403351,iOS
403355,iOS
403356,Android
403357,iOS
403358,iOS
403359,Android
403360,Android
403361,Android
403362,Android
403363,iOS
403364,iOS
403365,Android
403367,Android
403368,iOS
403369,Android
403370,Android
403371,iOS
403372,CLI
403372,iOS
403372,Tooling
403373,Android
403374,Android
403375,iOS
403377,iOS
403378,Android
403379,Android
403380,Android
403381,Android
403382,iOS
403383,iOS
403386,iOS
403388,Android
403390,iOS
403391,iOS
403392,iOS
403393,iOS
403394,Android
403395,iOS
403396,Android
403397,iOS
403401,Android
403403,Windows
403404,Android
403406,iOS
403407,Android
403409,Android
403410,iOS
403411,iOS
403412,Tooling
403413,iOS
403414,iOS
403415,iOS
403417,CLI
403417,iOS
403417,Android
403417,Windows
403418,iOS
403419,iOS
403420,Android
403421,CLI
403422,iOS
403423,iOS
403424,iOS
403425,iOS
403426,iOS
403427,iOS
403428,iOS
403429,iOS
403430,iOS
403431,iOS
403432,iOS
403433,iOS
403434,iOS
403435,iOS
403436,iOS
403437,iOS
403438,iOS
403439,iOS
403440,Android
403441,Android
403442,Android
403443,Android
403444,Android
403445,Android
403446,Android
403447,Android
403448,Android
403449,Android
403450,Android
403451,Android
403452,Android
403453,Android
403454,Android
403455,Android
403456,iOS
403457,Android
403458,Android
403459,Android
403460,Android
403461,Android
403462,Android
403463,Android
403464,Android
403465,Android
403466,Windows
403467,Android
403468,Android
403469,Hyperloop
403471,Android
403472,iOS
403473,iOS
403474,iOS
403475,Android
403476,iOS
403477,CLI
403477,Android
403478,Windows
403479,Android
403480,iOS
403481,Android
403483,iOS
403485,Windows
403486,iOS
403486,Core
403487,Android
403488,Android
403489,iOS
403490,Windows
403491,Windows
403492,iOS
403493,Android
403494,Android
403495,Android
403496,Android
403497,Android
403498,Android
403499,Android
403500,Android
403501,iOS
403502,Android
403503,iOS
403504,iOS
403505,CLI
403505,Android
403505,Tooling
403506,iOS
403522,iOS
403523,Windows
403526,Android
403528,iOS
403529,iOS
403530,Android
403532,iOS
403533,Android
403534,iOS
403535,Android
403536,Android
403537,iOS
403538,Android
403539,Android
403540,Android
403541,iOS
403542,Android
403543,iOS
403544,iOS
403545,iOS
403546,Hyperloop
403547,Android
403548,Android
403549,Windows
403550,Android
403551,Windows
403552,iOS
403553,Android
403554,iOS
403556,Windows
403557,Hyperloop
403558,Android
403559,Android
403560,iOS
403560,Hyperloop
403561,Android
403562,Android
403563,Android
403566,Android
403567,iOS
403569,iOS
403570,Android
403572,iOS
403573,Android
403574,Android
403575,iOS
403576,Android
403577,Windows
403578,iOS
403580,iOS
403581,Android
403582,Android
403583,iOS
403584,Android
403585,Android
403588,Android
403589,CLI
403589,Tooling
403590,Android
403591,iOS
403592,iOS
403593,iOS
403594,iOS
403595,iOS
403596,Android
403597,iOS
403599,iOS
403599,Android
403600,Android
403600,Hyperloop
403602,iOS
403603,Android
403604,Android
403605,Android
403606,iOS
403606,Android
403607,Android
403608,iOS
403609,iOS
403610,iOS
403611,Android
403613,Android
403614,iOS
403615,iOS
403616,iOS
403618,Android
403621,TiAPI
403622,TiAPI
403623,Windows
403625,Android
403626,Tooling
403627,Windows
403628,Windows
403629,iOS
403630,Android
403631,Android
403632,Android
403633,Windows
403635,Android
403636,iOS
403636,Android
403636,Windows
403639,CLI
403640,iOS
403641,Windows
403642,CLI
403642,Android
403642,Tooling
403642,Windows
403643,Android
403644,Android
403645,Android
403646,Windows
403647,iOS
403647,LiveView
403648,Android
403649,CLI
403650,iOS
403651,iOS
403652,iOS
403653,Android
403654,Android
403655,CLI
403655,iOS
403656,Hyperloop
403656,Windows
403657,Android
403658,iOS
403658,Android
403659,iOS
403660,Android
403661,Android
403662,Android
403663,Android
403665,Android
403666,Android
403667,Android
403670,iOS
403670,Android
403671,Windows
403672,Android
403673,iOS
403675,Android
403676,iOS
403677,Hyperloop
403678,iOS
403678,Hyperloop
403679,iOS
403680,Android
403681,Android
403682,Android
403683,iOS
403683,Hyperloop
403684,iOS
403684,Hyperloop
403686,Android
403687,TiAPI
403688,Hyperloop
403689,LiveView
403690,LiveView
403691,Android
403692,iOS
403693,iOS
403694,Android
403695,Android
403696,Android
403697,Android
403698,Android
403699,iOS
403700,iOS
403702,iOS
403703,LiveView
403705,Windows
403706,Windows
403707,Windows
403708,Windows
403709,Android
403710,iOS
403710,Hyperloop
403711,CLI
403712,iOS
403715,iOS
403717,Windows
403718,Windows
403720,iOS
403721,Android
403722,iOS
403724,Android
403725,iOS
403727,Android
403729,iOS
403730,iOS
403731,iOS
403732,iOS
403732,Hyperloop
403733,TiAPI
403734,TiAPI
403735,iOS
403736,Windows
403737,Android
403738,Windows
403739,Android
403740,Android
403741,Hyperloop
403742,Tooling
403743,iOS
403744,iOS
403744,Android
403745,iOS
403746,Android
403747,iOS
403748,Windows
403749,Android
403750,LiveView
403751,Windows
403752,iOS
403752,Android
403752,TiAPI
403753,Android
403754,iOS
403755,iOS
403756,Android
403757,Android
403758,Android
403759,Android
403760,Android
403761,Android
403762,Android
403763,Android
403764,iOS
403766,Android
403767,Android
403768,Android
403775,Android
403776,Tooling
403782,Android
403785,Hyperloop
403786,Android
403787,Android
403788,iOS
403789,CLI
403789,iOS
403790,CLI
403790,iOS
403790,Android
403790,Windows
403791,iOS
403793,Windows
403794,iOS
403795,Android
403796,Windows
403797,iOS
403798,iOS
403799,Android
403799,LiveView
403800,CLI
403801,iOS
403802,Android
403803,Android
403804,Windows
403805,Windows
403806,Windows
403807,Windows
403808,Windows
403809,TiAPI
403810,TiAPI
403811,TiAPI
403812,TiAPI
403813,iOS
403813,Android
403813,Tooling
403813,TiAPI
403813,Windows
403814,iOS
403814,Android
403814,Hyperloop
403814,Windows
403815,Windows
403816,iOS
403817,CLI
403817,Hyperloop
403817,Windows
403818,CLI
403818,Windows
403820,Windows
403822,Android
403823,iOS
403824,iOS
403826,Android
403828,Android
403830,CLI
403830,iOS
403831,Windows
403832,Windows
403833,Android
403835,Android
403836,Android
403837,Android
403838,iOS
403838,Android
403839,Android
403840,Android
403841,Windows
403842,Android
403843,Android
403844,Android
403845,iOS
403846,Android
403847,Android
403848,iOS
403850,iOS
403851,Android
403852,iOS
403854,Windows
403855,Windows
403856,iOS
403857,iPad
403858,iOS
403859,Android
403860,CLI
403861,Android
403862,iOS
403862,Android
403863,Android
403864,iOS
403865,Android
403866,Windows
403867,iOS
403868,Windows
403869,Windows
403870,Android
403871,iOS
403872,CLI
403872,Tooling
403873,Windows
403874,Android
403875,iOS
403876,Windows
403877,Android
403878,iOS
403879,iOS
403880,Android
403881,iOS
403882,Android
403884,Android
403885,Android
403886,iOS
403886,Hyperloop
403887,Android
403888,Android
403889,iOS
403890,CLI
403891,Android
403893,Android
403895,Android
403896,Windows
403897,Windows
403898,Windows
403899,Windows
403901,Windows
403903,Windows
403904,Android
403905,CLI
403905,iOS
403906,iOS
403907,Android
403908,Android
403909,Android
403910,Windows
403911,Android
403912,Android
403913,Android
403914,Android
403915,iOS
403916,Android
403917,Android
403918,iOS
403919,iOS
403920,iOS
403921,Android
403922,Android
403923,Android
403924,CLI
403926,iOS
403927,Android
403928,Android
403929,iOS
403930,Android
403931,iOS
403932,Android
403933,Android
403934,iOS
403936,Android
403937,Release
403939,Windows
403940,iOS
403940,Android
403941,iOS
403942,iOS
403942,Android
403942,TiAPI
403942,Windows
403943,LiveView
403945,iOS
403946,iOS
403948,CLI
403948,iOS
403948,Android
403948,Windows
403949,Android
403950,iOS
403952,Android
403953,Android
403955,Hyperloop
403956,iOS
403957,iOS
403958,iOS
403959,iOS
403960,Hyperloop
403961,Android
403962,Android
403963,Android
403964,Android
403965,Android
403966,Android
403967,Windows
403968,Android
403970,iOS
403973,iOS
403974,iOS
403975,iOS
403977,Windows
403978,iOS
403979,Android
403980,Android
403981,CLI
403981,iOS
403981,Android
403982,CLI
403982,iOS
403983,CLI
403983,iOS
403984,Android
403985,iOS
403986,Android
403987,iOS
403988,Android
403989,CLI
403989,iOS
403990,iOS
403991,iOS
403991,Hyperloop
403992,iOS
403993,iOS
403994,Android
403995,iOS
403996,iOS
403997,Android
403998,iOS
403999,iOS
403999,Android
403999,Windows
404000,iOS
404000,Android
404001,Windows
404002,Android
404003,Android
404003,Hyperloop
404004,Android
404005,iOS
404006,Android
404007,iOS
404008,iOS
404009,Hyperloop
404010,Android
404011,Android
404012,Android
404013,iOS
404014,iOS
404015,Windows
404016,iOS
404017,CLI
404018,iPad
404019,Android
404020,iOS
404020,Android
404021,Android
404022,iOS
404023,iOS
404024,iOS
404025,CLI
404025,Android
404026,Android
404027,Android
404028,iOS
404029,CLI
404029,Android
404030,Windows
404031,Android
404032,Android
404034,Android
404035,Android
404037,Android
404039,Android
404040,Android
404041,Android
404042,Tooling
404043,Android
404045,Tooling
404046,Tooling
404047,Android
404048,Android
404049,CLI
404049,Android
404050,CLI
404050,Android
404051,Android
404052,iOS
404053,LiveView
404054,CLI
404054,iOS
404055,CLI
404055,iOS
404056,Android
404057,Android
404058,Android
404059,Android
404060,Android
404061,Android
404062,Android
404063,Android
404064,iOS
404065,iOS
404066,Templates
404067,Android
404068,Android
404069,Android
404070,Android
404071,Hyperloop
404072,Android
404073,iOS
404074,iOS
404074,Hyperloop
404075,Hyperloop
404076,Android
404077,iOS
404078,Android
404079,Android
404080,Android
404081,iOS
404082,Windows
404083,Windows
404084,Hyperloop
404084,Windows
404085,iOS
404085,Android
404085,Windows
404086,Android
404087,Android
404088,Android
404089,iOS
404090,Android
404091,Android
404092,Android
404093,iOS
404094,Android
404095,Windows
404096,Android
404097,iOS
404098,iOS
404099,Android
404100,iOS
404101,Windows
404102,CLI
404102,iOS
404103,CLI
404104,CLI
404106,Android
404107,Android
404108,iOS
404108,Android
404109,TiAPI
404110,Windows
404111,Android
404112,iOS
404112,TiAPI
404113,iOS
404114,Android
404114,TiAPI
404114,Windows
404115,iOS
404115,TiAPI
404116,Android
404116,TiAPI
404118,iOS
404118,Android
404119,Windows
404120,Android
404121,iOS
404122,iOS
404123,Android
404124,Android
404125,Android
404126,CLI
404126,Android
404127,iOS
404128,Windows
404129,Windows
404130,Android
404131,Android
404132,CLI
404132,Android
404133,Android
404134,CLI
404135,iOS
404136,Android
404137,Android
404139,iOS
404140,iOS
404141,Android
404142,iOS
404143,Android
404144,iOS
404145,Windows
404146,CLI
404146,Windows
404147,Android
404148,Android
404149,iOS
404150,CLI
404151,Windows
404152,Android
404153,Windows
404154,Android
404156,iOS
404158,Windows
404159,Android
404160,Windows
404161,iOS
404161,Android
404162,Android
404163,Windows
404164,Windows
404165,Android
404165,TiAPI
404166,iOS
404166,Android
404167,Android
404168,Android
404169,iOS
404169,Android
404169,Windows
404170,Android
404171,Android
404172,Android
404173,iOS
404174,Android
404175,Android
404176,Android
404177,iOS
404178,Android
404179,iOS
404180,iOS
404181,CLI
404182,iOS
404182,Android
404182,TiAPI
404182,Windows
404183,iOS
404184,iOS
404185,iOS
404186,TiAPI
404187,Android
404188,iOS
404189,Windows
404190,iOS
404191,iOS
404192,iOS
404193,CLI
404194,Windows
404195,CLI
404195,iOS
404196,Android
404197,iOS
404198,Android
404199,iOS
404200,Windows
404201,Android
404202,iOS
404203,iOS
404204,iOS
404205,iOS
404206,iOS
404207,CLI
404207,Tooling
404208,Android
404209,Android
404210,iOS
404211,iOS
404212,Windows
404213,Windows
404214,Tooling
404215,Tooling
404216,CLI
404217,CLI
404217,Android
404218,Android
404219,Windows
404220,iOS
404221,Android
404222,Android
404223,Android
404225,iOS
404225,Android
404227,Android
404228,Android
404229,Windows
404230,Tooling
404231,Android
404232,iOS
404233,iOS
404234,Android
404235,iOS
404235,Android
404236,Windows
404237,iOS
404238,Android
404239,Android
404240,Android
404242,iOS
404243,Android
404245,iOS
404246,Windows
404247,iOS
404248,iOS
404248,Android
404249,Windows
404250,Android
404251,Android
404252,Hyperloop
404253,Android
404254,iOS
404256,Windows
404257,Android
404258,Android
404259,iOS
404260,Android
404261,iOS
404261,Hyperloop
404262,Android
404263,Android
404264,Windows
404265,Android
404266,iOS
404266,Android
404267,iOS
404267,Android
404269,iOS
404269,Android
404270,iOS
404270,Android
404271,iOS
404272,Windows
404273,Windows
404274,iOS
404275,iOS
404276,Windows
404277,iOS
404277,Android
404278,iOS
404279,Android
404280,iOS
404280,Android
404281,Android
404282,iOS
404283,Android
404284,Windows
404285,iOS
404286,Android
404287,Android
404288,Windows
404289,Windows
404290,Windows
404291,Windows
404292,CLI
404293,Windows
404294,Windows
404297,Android
404298,Windows
404299,Android
404300,Windows
404301,iOS
404301,Android
404302,Windows
404303,Windows
404304,Windows
404305,Android
404306,Android
404307,Android
404308,Android
404309,Android
404310,Android
404311,iOS
404312,Android
404313,LiveView
404314,CLI
404314,Android
404315,Android
404316,Android
404317,Android
404318,Android
404319,iOS
404320,Hyperloop
404321,CLI
404321,Android
404322,CLI
404322,Android
404323,Hyperloop
404324,iOS
404324,Android
404324,Windows
404325,Android
404326,Android
404327,iOS
404328,Android
404329,iOS
404330,Windows
404331,Android
404332,CLI
404332,iOS
404333,Windows
404334,Android
404335,CLI
404336,Windows
404336,Windows phone
404337,iOS
404338,Android
404339,Android
404340,Android
404341,Android
404342,iOS
404343,Windows
404344,Windows
404345,Windows
404346,Android
404347,Android
404348,Android
404349,iOS
404350,iOS
404350,TiAPI
404351,iOS
404354,Windows
404357,Android
404358,Android
404359,Android
404359,TiAPI
404360,iOS
404361,Windows
404362,Android
404363,iOS
404364,Android
404365,Android
404367,Windows
404369,iOS
404370,Hyperloop
404371,Android
404372,iOS
404373,Android
404374,iOS
404375,Android
404376,Windows
404377,Specification
404378,Android
404379,Windows
404380,Windows
404381,Android
404382,Android
404383,Android
404384,Android
404385,Windows
404386,Windows
404387,iOS
404387,Hyperloop
404388,Android
404389,Windows
404390,iOS
404390,Hyperloop
404391,iOS
404392,Android
404393,Android
404394,Windows
404395,Android
404396,iOS
404397,Android
404398,iOS
404399,iOS
404400,iOS
404401,Android
404402,Windows
404403,Android
404404,iOS
404405,Android
404406,Android
404407,iOS
404407,Android
404408,LiveView
404409,Android
404410,Android
404411,iOS
404412,Android
404412,Tooling
404413,iOS
404413,Android
404414,Android
404415,Android
404416,iOS
404417,Android
404418,CLI
404418,Android
404419,iOS
404420,Android
404422,iOS
404423,iOS
404423,Android
404423,Windows
404424,Android
404425,Android
404426,Android
404427,iOS
404428,iOS
404428,Android
404429,iOS
404430,CLI
404431,iOS
404432,Android
404434,Android
404435,Android
404436,Windows
404437,iOS
404437,Hyperloop
404439,Windows
404440,Android
404441,Android
404443,LiveView
404444,Android
404447,Android
404448,CLI
404450,Android
404451,Android
404452,Android
404453,iOS
404455,Hyperloop
404456,Hyperloop
404457,Android
404458,iOS
404459,Android
404460,iOS
404460,Android
404460,Windows
404461,iOS
404462,iOS
404463,Android
404464,Android
404465,Android
404466,Hyperloop
404466,Windows
404467,Android
404467,Hyperloop
404468,Hyperloop
404468,Windows
404469,iOS
404470,Android
404471,Android
404472,iOS
404472,LiveView
404473,Windows
404474,Windows
404475,Windows
404476,Android
404477,iOS
404478,Windows
404479,Windows
404480,Hyperloop
404481,Windows
404482,iOS
404483,Windows
404484,iOS
404485,Android
404486,iOS
404487,Windows
404488,Android
404490,Android
404491,Android
404492,Android
404493,iOS
404493,Windows
404494,Android
404495,Android
404496,iOS
404497,Windows
404498,iOS
404499,Windows
404500,Android
404501,iOS
404502,Android
404503,Android
404504,Android
404505,iOS
404506,Android
404507,iOS
404509,Android
404510,iOS
404511,iOS
404513,iOS
404514,Windows
404515,Android
404516,iOS
404517,iOS
404517,Android
404517,Windows
404518,iOS
404519,iOS
404521,iOS
404522,Android
404523,Android
404524,Android
404526,Android
404527,Android
404528,Hyperloop
404529,Android
404530,iOS
404531,Android
404532,iOS
404532,Mac
404535,Android
404536,iOS
404537,CLI
404539,Core
404541,iOS
404542,Windows
404543,Android
404544,Android
404545,Windows
404546,Windows
404548,Android
404550,Android
404551,iOS
404552,iOS
404554,Windows
404555,iOS
404556,Android
404557,Android
404558,iOS
404559,iOS
404560,iOS
404561,iOS
404562,CLI
404562,Android
404563,iOS
404564,Android
404566,Android
404567,Android
404568,Android
404569,Android
404570,Android
404571,iOS
404571,Hyperloop
404572,Android
404573,iOS
404574,Android
404575,Android
404576,Android
404577,iOS
404578,Android
404579,Android
404580,iOS
404581,iOS
404583,Hyperloop
404584,Windows
404586,iOS
404587,iOS
404589,iOS
404589,Android
404589,Windows
404590,Windows
404591,iOS
404592,iOS
404593,iOS
404594,Android
404595,Android
404596,Android
404597,Android
404598,iOS
404599,Android
404600,iOS
404601,Android
404602,Android
404603,Android
404604,Android
404605,Android
404607,iOS
404608,Android
404609,Android
404610,Android
404611,iOS
404612,Android
404613,Windows
404615,Hyperloop
404617,iOS
404619,Android
404620,iOS
404621,Android
404622,Android
404624,iOS
404624,Hyperloop
404625,Windows
404626,Windows
404627,Android
404628,Android
404629,Android
404630,Windows
404631,Android
404633,Windows
404635,Android
404636,Android
404637,Android
404638,iOS
404640,Hyperloop
404641,Windows
404642,iOS
404643,Android
404644,iOS
404645,Android
404646,Windows
404647,Windows
404648,Android
404649,iOS
404650,iOS
404650,Android
404650,TiAPI
404651,TiAPI
404652,iOS
404653,iOS
404654,iOS
404655,iOS
404656,Android
404657,iOS
404657,Hyperloop
404659,Hyperloop
404660,Android
404661,Android
404662,iOS
404663,Android
404664,iOS
404664,Hyperloop
404665,Windows
404666,Android
404667,Tooling
404668,iOS
404670,Android
404671,Android
404672,Android
404673,iOS
404674,iOS
404674,Hyperloop
404676,Android
404678,iOS
404678,Hyperloop
404679,Android
404682,Windows
404683,Android
404684,Android
404685,Android
404687,Windows
404688,iOS
404688,Android
404688,Windows
404689,Android
404691,Android
404692,iOS
404694,Android
404696,iOS
404697,Android
404698,Android
404699,Android
404700,Android
404701,Android
404701,Hyperloop
404702,iOS
404704,iOS
404705,iOS
404706,Android
404707,Android
404709,Android
404710,Android
404711,Windows
404712,Hyperloop
404713,Android
404715,Android
404716,Android
404717,Android
404718,Android
404719,iOS
404722,Android
404723,Hyperloop
404724,iOS
404725,Android
404726,Windows
404727,iOS
404728,iOS
404729,Hyperloop
404731,iOS
404732,iOS
404733,Hyperloop
404735,Android
404736,Android
404737,iOS
404738,Android
404739,iOS
404740,Hyperloop
404741,Android
404742,iOS
404743,iOS
404743,Hyperloop
404744,Android
404745,iOS
404746,Android
404747,Android
404748,Release
404749,Android
404750,iOS
404751,Android
404752,Android
404753,Android
404754,iOS
404755,Windows
404755,Windows phone
404755,Windows Hybrid
404756,Windows
404757,Android
404758,Android
404759,Windows
404760,Android
404761,Android
404762,Hyperloop
404763,Android
404764,iOS
404765,CLI
404766,iOS
404768,Hyperloop
404769,Hyperloop
404770,iOS
404771,Android
404773,iOS
404777,Android
404778,Android
404779,iOS
404779,Hyperloop
404780,Android
404781,Android
404782,iOS
404783,iOS
404783,Hyperloop
404784,iOS
404785,Windows
404786,iOS
404786,Hyperloop
404787,Android
404788,Android
404788,Hyperloop
404789,CLI
404790,Android
404790,Hyperloop
404792,iOS
404792,Hyperloop
404793,iOS
404794,Android
404795,Android
404796,Android
404797,Android
404799,Android
404801,iOS
404802,Android
404803,iOS
404804,iOS
404804,Hyperloop
404806,Android
404807,Android
404808,Android
404809,iOS
404811,iOS
404813,iOS
404813,Hyperloop
404814,iOS
404814,Hyperloop
404815,Hyperloop
404816,Windows
404817,Windows
404818,Android
404819,CLI
404821,iOS
404822,iOS
404823,iOS
404826,Android
404827,Android
404828,Android
404829,Windows
404830,Android
404831,Android
404832,Android
404833,Android
404835,iOS
404836,Windows
404837,Android
404838,Android
404839,Android
404842,iOS
404843,Android
404845,iOS
404846,iOS
404846,Android
404848,iOS
404849,Android
404850,iOS
404850,Android
404850,Windows
404851,iOS
404852,Android
404854,iOS
404855,Windows
404856,Android
404857,iOS
404858,iOS
404858,Hyperloop
404859,Android
404860,Windows
404862,Android
404863,Android
404864,iOS
404865,Windows
404866,Windows
404867,Windows
404868,iOS
404868,Hyperloop
404869,Hyperloop
404871,Android
404872,iOS
404873,iOS
404875,iOS
404876,Android
404877,iOS
404878,Windows
404879,iOS
404880,iOS
404881,CLI
404882,Windows
404883,Windows
404884,Windows
404885,Android
404886,Android
404887,iOS
404888,iOS
404889,iOS
404889,Tooling
404890,iOS
404891,iOS
404892,Hyperloop
404893,iOS
404894,iOS
404895,iOS
404897,iOS
404898,iOS
404899,iOS
404900,iOS
404901,Windows
404902,Windows
404903,Windows
404904,Tooling
404905,Windows
404906,iOS
404907,iOS
404908,iOS
404909,Windows
404910,Windows
404911,Windows
404912,Android
404913,Windows
404914,Android
404915,iOS
404916,Windows
404918,Android
404919,Android
404920,iOS
404921,Windows
404922,iOS
404923,Android
404924,iOS
404924,Hyperloop
404925,Windows
404926,Windows
404927,Windows
404928,iOS
404929,Android
404930,Windows
404931,Windows
404932,Windows
404933,Windows
404935,iOS
404936,iOS
404937,iOS
404938,Android
404939,iOS
404940,Android
404941,Android
404942,Windows
404943,Android
404944,Windows
404945,iOS
404946,Android
404947,Android
404948,Windows
404949,CLI
404949,Android
404950,Windows
404951,Windows
404952,Windows
404953,Android
404954,Android
404954,Hyperloop
404955,Windows
404956,Windows
404957,Windows
404958,Windows
404959,Windows
404960,iOS
404961,Windows
404962,Android
404963,Android
404964,Android
404965,Windows
404966,Android
404967,Windows
404968,Windows
404969,Windows
404970,Windows
404971,Windows
404972,Android
404972,Windows
404973,Android
404974,iOS
404975,iOS
404976,iOS
404978,iOS
404979,Android
404980,Windows
404982,Android
404983,Android
404984,Android
404985,Android
404986,Android
404987,iOS
404988,Windows
404989,iOS
404990,Android
404991,Android
404992,iOS
404993,Android
404994,Android
404996,Android
404997,Windows
404998,Windows
404999,Windows
405000,iOS
405001,Android
405002,Android
405003,iOS
405004,iOS
405006,Android
405007,Hyperloop
405007,Windows
405008,Android
405009,Windows
405010,iOS
405011,Android
405013,Android
405014,Windows
405015,iOS
405016,CLI
405017,Windows
405018,Windows
405020,Windows
405021,Windows
405022,Android
405023,Core
405024,CLI
405026,Windows
405027,Hyperloop
405028,iOS
405028,Hyperloop
405030,Windows
405031,iOS
405032,Android
405034,iOS
405035,CLI
405035,Android
405036,Android
405037,Windows
405038,Windows
405039,Windows
405040,Windows
405041,Windows
405042,Windows
405043,Windows
405044,Windows
405045,Windows
405046,Windows
405047,Windows
405051,Windows
405052,Windows
405053,Windows
405054,Windows
405055,Windows
405056,Windows
405057,Windows
405058,Windows
405059,Windows
405060,Windows
405062,Windows
405063,Windows
405064,Windows
405065,Windows
405066,Windows
405067,Windows
405071,Windows
405072,Windows
405073,Windows
405077,Windows
405078,Windows
405079,Windows
405080,Windows
405081,Windows
405082,Windows
405083,Windows
405084,Windows
405092,Windows
405094,Windows
405096,Windows
405097,Windows
405098,Windows
405107,Android
405109,Android
405112,Android
405113,Android
405114,Hyperloop
405115,Windows
405116,iOS
405117,Android
405118,Windows
405119,Windows
405122,iOS
405122,Hyperloop
405123,iOS
405124,iOS
405125,iOS
405126,Android
405127,Windows
405128,Windows
405129,Android
405130,Android
405131,Android
405131,Hyperloop
405132,Hyperloop
405133,Hyperloop
405134,Hyperloop
405135,Android
405136,Windows
405139,Android
405141,iOS
405141,Android
405143,iOS
405144,Android
405145,Windows
405146,Windows
405150,Android
405151,Windows
405153,Android
405154,Hyperloop
405155,Windows
405156,iOS
405157,Windows
405158,Android
405159,iOS
405161,Windows
405163,iOS
405164,iOS
405165,Windows
405167,Android
405171,Tooling
405172,Windows
405173,Windows
405174,Windows
405175,Windows
405177,Tooling
405178,Tooling
405179,iOS
405180,Android
405181,iOS
405182,iOS
405183,iOS
405184,iOS
405184,Android
405185,iOS
405186,iOS
405187,iOS
405188,iOS
405189,iOS
405190,iOS
405191,iOS
405192,iOS
405193,iOS
405195,iOS
405195,Android
405197,Android
405198,Android
405200,Windows
405201,Windows
405202,Android
405203,iOS
405203,Android
405204,Android
405205,Tooling
405206,Windows
405207,iOS
405207,Hyperloop
405208,Windows
405210,Windows
405211,iOS
405212,Android
405213,Windows
405214,Windows
405215,Windows
405216,Android
405217,Android
405218,Android
405219,Android
405220,Tooling
405220,Windows
405221,Windows
405222,Windows
405223,Tooling
405223,Windows
405225,Android
405228,iOS
405228,Android
405229,Android
405230,iOS
405230,Hyperloop
405231,Android
405232,Windows
405235,Windows
405238,iOS
405239,CLI
405239,Windows
405240,Android
405240,Tooling
405241,CLI
405241,Windows
405242,Android
405243,Windows
405244,Windows
405245,Android
405246,CLI
405246,Android
405247,CLI
405247,Android
405248,iOS
405249,Windows
405251,Android
405252,Windows
405254,Tooling
405254,Windows
405255,CLI
405255,Tooling
405255,Windows
405256,Android
405257,Windows
405258,iOS
405259,CLI
405259,Tooling
405259,Windows
405260,Android
405261,CLI
405261,Tooling
405261,Windows
405264,iOS
405264,Hyperloop
405265,iOS
405266,Windows
405267,Android
405267,Windows
405268,Windows
405269,Windows
405270,Android
405271,Tooling
405271,Windows
405272,Android
405273,Android
405274,Android
405275,Android
405275,Tooling
405276,Android
405277,Android
405277,Tooling
405278,Windows
405279,Windows
405280,CLI
405281,CLI
405281,Android
405281,Tooling
405282,Android
405283,iOS
405284,iOS
405285,iOS
405288,Windows
405289,iOS
405290,Android
405292,Hyperloop
405292,Windows
405293,iOS
405293,Android
405293,Windows
405294,Android
405295,Android
405296,iOS
405297,Android
405298,Windows
405299,Android
405300,Android
405301,Android
405302,iOS
405303,Windows
405304,Hyperloop
405305,Windows
405306,Android
405307,Windows
405308,Windows
405309,Windows
405310,Windows
405311,Windows
405313,Windows
405315,Android
405316,Hyperloop
405317,Android
405318,Windows
405319,Windows
405320,Windows
405322,Android
405322,Hyperloop
405323,iOS
405324,Android
405325,iOS
405326,Windows
405327,Android
405328,Windows
405329,Tooling
405330,Windows
405332,Hyperloop
405333,Windows
405334,Windows
405335,Windows
405336,iOS
405337,Android
405337,Hyperloop
405338,Windows
405339,Windows
405340,Windows
405341,Windows
405342,Windows
405344,Android
405345,iOS
405345,Android
405345,Windows
405346,Windows
405347,Windows
405348,TiAPI
405350,Core
405351,Windows
405353,Android
405357,iOS
405357,Android
405358,Windows
405359,iOS
405360,iOS
405362,Windows
405363,Android
405364,Hyperloop
405365,Android
405366,CLI
405366,iOS
405367,iOS
405367,Tooling
405368,iOS
405369,Windows
405370,Tooling
405371,Android
405372,Android
405373,Android
405374,iOS
405375,Windows
405376,iOS
405377,CLI
405379,iOS
405380,iOS
405381,iOS
405382,CLI
405382,Android
405383,CLI
405383,Android
405384,iOS
405385,TiAPI
405386,iOS
405387,iOS
405388,iOS
405389,iOS
405390,Android
405391,iOS
405392,iOS
405393,Android
405394,Android
405395,Android
405396,Android
405397,Android
405398,iOS
405399,iOS
405399,Android
405400,Windows
405401,Windows
405402,Core
405404,Android
405405,Android
405405,Hyperloop
405405,Windows
405406,iOS
405407,Android
405408,Android
405408,Windows
405409,CLI
405410,Windows
405412,Android
405413,Android
405416,iOS
405417,Android
405418,Hyperloop
405419,Hyperloop
405420,iOS
405421,Android
405423,Android
405424,Android
405425,iOS
405425,Tooling
405428,iOS
405429,Android
405433,Android
405436,Hyperloop
405437,iOS
405438,iOS
405439,iOS
405440,Android
405441,Windows
405442,Android
405443,Android
405445,Android
405446,Android
405448,Windows
405449,Windows
405450,Android
405451,Android
405452,Android
405454,LiveView
405454,Windows phone
405455,CLI
405456,CLI
405457,Android
405458,LiveView
405459,LiveView
405461,Tooling
405462,CLI
405463,Android
405464,Android
405467,Android
405468,Hyperloop
405469,Windows
405470,Windows
405471,Android
405472,iOS
405472,Tooling
405473,Android
405474,iOS
405475,iOS
405476,Windows
405477,Android
405478,Windows
405479,Windows
405481,CLI
405482,CLI
405482,Windows
405483,Android
405485,Android
405486,Android
405487,iOS
405488,CLI
405488,iOS
405488,Android
405489,iOS
405490,Android
405491,Android
405491,Tooling
405492,Hyperloop
405493,Hyperloop
405494,Windows
405495,Android
405496,Tooling
405497,CLI
405498,Android
405499,Windows
405500,Android
405501,iOS
405502,iOS
405503,Android
405504,Windows
405505,iOS
405506,Windows
405508,iOS
405508,Android
405509,iPad
405511,Android
405512,Android
405513,Windows
405516,Tooling
405520,Android
405521,Android
405522,Windows
405523,CLI
405523,Tooling
405524,CLI
405524,Tooling
405525,Android
405527,iOS
405527,Hyperloop
405529,Tooling
405530,iOS
405531,iOS
405532,CLI
405532,Tooling
405532,Windows
405535,Windows
405536,Hyperloop
405538,Windows
405539,Windows
405541,CLI
405541,Tooling
405542,Android
405544,Android
405546,Windows
405547,CLI
405547,iOS
405548,Android
405553,Windows
405554,Android
405555,iOS
405555,Android
405557,CLI
405557,iOS
405557,Android
405557,Tooling
405559,iOS
405559,Android
405563,Windows
405564,Android
405565,Android
405566,iOS
405568,iOS
405569,CLI
405571,Android
405572,iOS
405574,Android
405575,Windows
405576,iOS
405577,iOS
405577,Hyperloop
405578,CLI
405580,CLI
405582,Windows
405583,Android
405584,iOS
405587,Android
405588,Windows
405589,Android
405589,Tooling
405590,iOS
405591,Android
405591,Hyperloop
405592,Android
405593,iOS
405593,Android
405593,Windows
405593,Windows phone
405594,Android
405595,iOS
405595,Hyperloop
405596,CLI
405597,Android
405599,iOS
405600,Android
405600,Hyperloop
405601,Windows
405602,Android
405603,Android
405603,Hyperloop
405604,iOS
405605,Android
405607,iOS
405608,iOS
405609,Windows
405610,Android
405610,Hyperloop
405611,Android
405612,Android
405614,Android
405615,Android
405616,Android
405617,iOS
405617,Tooling
405618,CLI
405618,Android
405624,Android
405625,Android
405632,Android
405634,Android
405637,Android
405638,Android
405639,Android
405641,Android
405642,Hyperloop
405643,iOS
405643,Android
405644,Android
405646,Android
405647,iOS
405647,Tooling
405648,Android
405649,Android
405651,Android
405655,Windows
405656,iOS
405657,iOS
405658,Android
405659,iOS
405659,Tooling
405660,CLI
405660,Android
405661,Android
405662,Android
405663,iOS
405664,iOS
405666,iOS
405667,Android
405669,CLI
405669,iOS
405670,CLI
405670,Android
405671,iOS
405672,Android
405672,Tooling
405672,Hyperloop
405675,Android
405676,iOS
405677,LiveView
405679,Android
405680,iOS
405681,Android
405682,Windows
405683,Windows
405684,iOS
405686,Android
405687,iOS
405687,Hyperloop
405688,iOS
405689,iOS
405690,iOS
405691,Android
405692,iOS
405693,iOS
405694,Windows
405695,Android
405696,iOS
405696,Android
405697,Android
405699,Android
405700,iOS
405702,Windows
405703,iOS
405705,Windows
405707,Android
405708,Android
405710,iOS
405710,Android
405710,Windows
405711,iOS
405711,Android
405713,Windows
405714,Windows
405715,Android
405716,Android
405716,Hyperloop
405717,iOS
405717,Hyperloop
405718,Windows
405719,Android
405719,LiveView
405720,Android
405721,Hyperloop
405722,Android
405724,iOS
405724,Android
405725,Android
405726,Android
405727,Android
405728,iOS
405729,Android
405731,Windows
405732,Windows
405733,Android
405734,Android
405735,CLI
405736,iOS
405738,iOS
405738,Tooling
405739,iOS
405740,iOS
405740,Hyperloop
405741,iOS
405741,Hyperloop
405742,iOS
405743,Hyperloop
405744,iOS
405745,Android
405746,Windows
405747,Windows
405749,iOS
405749,Hyperloop
405750,Windows
405751,iOS
405752,iOS
405753,Android
405754,Windows
405754,Windows phone
405755,iOS
405756,iOS
405757,Android
405759,iOS
405760,Windows
405760,Windows phone
405761,Windows
405762,Hyperloop
405763,iOS
405764,Android
405765,Windows
405767,iOS
405768,Android
405769,iOS
405770,iOS
405770,Android
405773,iOS
405774,iOS
405775,iOS
405776,iOS
405777,iOS
405778,iOS
405779,Windows
405780,iOS
405782,Android
405783,iOS
405784,iOS
405785,Android
405787,iOS
405788,Windows
405789,iOS
405790,iOS
405790,Tooling
405791,iOS
405792,iOS
405793,Windows
405794,iOS
405795,Windows
405795,Windows phone
405796,iOS
405797,Windows
405798,iOS
405799,iOS
405800,iOS
405801,Android
405802,Android
405803,iOS
405804,Windows
405805,Windows
405806,Android
405807,Android
405809,iOS
405810,iOS
405810,Android
405812,CLI
405813,iOS
405814,Hyperloop
405815,Android
405816,Android
405818,Hyperloop
405819,iOS
405820,Windows
405820,Windows phone
405821,Android
405822,Android
405823,iOS
405824,iOS
405824,Android
405824,Windows
405824,Windows phone
405825,iOS
405825,Hyperloop
405826,iOS
405827,iOS
405828,iOS
405828,Android
405830,Windows
405831,iOS
405831,Hyperloop
405832,Windows
405832,Windows phone
405833,Windows
405833,Windows phone
405834,iOS
405835,iOS
405836,Windows
405837,iOS
405838,Android
405839,Hyperloop
405840,Windows
405840,Windows phone
405841,iOS
405842,Windows
405843,iOS
405844,iOS
405845,Windows
405846,iOS
405846,Hyperloop
405847,Android
405848,iOS
405849,Windows
405850,Android
405851,iOS
405852,Android
405853,iOS
405855,Android
405856,Android
405857,iOS
405858,Android
405859,Windows
405860,Android
405861,Android
405862,iOS
405863,Android
405865,Android
405866,Windows
405867,Android
405868,Android
405869,iOS
405869,Hyperloop
405870,iOS
405871,Windows
405872,Windows
405873,iOS
405875,TiAPI
405876,Android
405877,Android
405878,Android
405880,iOS
405880,Tooling
405881,iOS
405881,Tooling
405882,iOS
405882,Tooling
405883,Windows phone
405884,Android
405885,Android
405885,Hyperloop
405886,Windows
405886,Windows phone
405887,Windows
405888,CLI
405889,Android
405892,Android
405893,Android
405894,iOS
405894,Android
405894,Windows
405895,Android
405896,iOS
405896,Android
405897,iOS
405898,Android
405899,Android
405901,iOS
405902,iOS
405903,Android
405904,iOS
405905,iOS
405906,Android
405906,Hyperloop
405907,iOS
405908,Windows
405909,iOS
405909,Hyperloop
405910,Tooling
405911,iOS
405912,iOS
405913,Android
405914,iOS
405915,Android
405916,Android
405917,Android
405918,Windows
405919,iOS
405919,Hyperloop
405920,Windows
405921,iOS
405922,Windows
405922,Windows phone
405923,TiAPI
405924,iOS
405924,Hyperloop
405925,Android
405926,iOS
405926,Tooling
405927,Android
405928,Android
405928,Hyperloop
405929,Android
405929,Hyperloop
405930,Android
405931,Android
405932,iOS
405933,iOS
405933,Android
405933,LiveView
405934,iOS
405936,Hyperloop
405937,Android
405938,Android
405939,Android
405940,iOS
405940,Hyperloop
405942,Android
405943,Hyperloop
405944,Android
405945,Android
405946,Windows
405947,iOS
405949,Tooling
405950,iOS
405952,Hyperloop
405954,Android
405955,iOS
405956,Windows
405957,iOS
405958,iOS
405959,Android
405959,Hyperloop
405960,iOS
405960,Tooling
405961,iOS
405962,iOS
405963,iOS
405964,Android
405965,iOS
405966,iOS
405966,Tooling
405967,Windows
405968,Windows
405969,Windows
405970,Windows
405971,Windows
405972,Windows
405973,Android
405974,Android
405975,Windows
405976,Windows
405977,Windows
405978,Windows
405979,Hyperloop
405980,Android
405981,Android
405982,Android
405983,Android
405984,Windows
405985,Windows
405986,Android
405987,Windows
405988,iOS
405989,Hyperloop
405990,Windows
405991,iOS
405992,Android
405993,iOS
405994,Windows
405995,Windows
405996,Windows
405997,Windows
405998,Windows
405999,Windows
406000,Windows
406001,Windows
406002,iOS
406003,Android
406005,Windows
406006,Windows
406007,MobileWeb
406008,Android
406009,Windows
406010,iOS
406011,iOS
406012,iOS
406013,iOS
406014,Android
406015,Android
406016,Hyperloop
406017,iOS
406017,Android
406018,Android
406019,TiAPI
406020,iOS
406021,iOS
406022,iOS
406022,Tooling
406023,Android
406024,iOS
406026,iOS
406026,Tooling
406027,Windows
406028,Windows
406029,Android
406030,iOS
406031,Android
406032,Android
406033,iOS
406033,Hyperloop
406034,Android
406035,Android
406036,iOS
406037,Android
406038,Android
406039,Windows
406040,Android
406041,CLI
406041,Hyperloop
406042,Android
406043,Windows
406044,Android
406045,iOS
406045,Hyperloop
406046,iOS
406046,Android
406046,TiAPI
406047,CLI
406047,iOS
406047,Android
406048,iOS
406049,Android
406051,Android
406053,Android
406054,iOS
406054,Tooling
406055,iOS
406056,iOS
406057,iOS
406058,iOS
406058,Hyperloop
406061,iOS
406062,iOS
406062,Tooling
406063,Android
406063,Hyperloop
406064,Android
406064,Hyperloop
406065,iOS
406065,Hyperloop
406066,Windows
406067,iOS
406068,iOS
406068,Tooling
406069,Android
406071,Tooling
406072,Android
406072,Hyperloop
406073,Android
406073,Hyperloop
406074,iOS
406075,Android
406076,iOS
406076,Hyperloop
406077,iOS
406077,Tooling
406078,iOS
406080,Tooling
406081,Android
406082,Android
406083,iOS
406084,Tooling
406085,CLI
406085,Android
406086,Windows
406087,Tooling
406088,Android
406089,iOS
406089,Android
406090,iOS
406090,Android
406091,Android
406092,iOS
406093,Android
406094,Android
406095,Android
406096,iOS
406097,iOS
406098,Android
406099,Windows
406100,Android
406101,iOS
406102,Android
406102,Tooling
406103,Windows
406104,Android
406104,Tooling
406105,iOS
406106,TiAPI
406107,Windows
406108,Windows
406109,Android
406110,Android
406111,iOS
406112,iOS
406113,iOS
406113,Hyperloop
406114,iOS
406115,Android
406116,Android
406117,CLI
406117,Android
406118,Android
406119,Android
406120,iOS
406121,iOS
406122,iOS
406122,Tooling
406123,Tooling
406124,iOS
406124,Tooling
406125,Tooling
406125,Hyperloop
406126,Hyperloop
406127,iOS
406128,Hyperloop
406129,iOS
406130,Tooling
406130,Hyperloop
406131,iOS
406132,Android
406133,Android
406133,Tooling
406133,Hyperloop
406134,Android
406134,Tooling
406135,CLI
406136,iOS
406137,iOS
406137,Tooling
406138,Android
406139,iOS
406140,iOS
406141,iOS
406142,iOS
406143,Hyperloop
406144,Android
406144,Hyperloop
406145,Windows
406146,Windows
406147,iOS
406148,Android
406150,Tooling
406150,Hyperloop
406151,iOS
406152,iOS
406153,iOS
406154,iOS
406155,iOS
406156,Tooling
406157,iOS
406158,iOS
406159,iOS
406159,Hyperloop
406160,iOS
406160,Tooling
406160,Hyperloop
406161,Android
406161,Tooling
406161,Hyperloop
406162,iOS
406162,Tooling
406162,Hyperloop
406163,iOS
406164,iOS
406164,Tooling
406165,iOS
406167,Android
406167,Hyperloop
406168,iOS
406169,iOS
406170,Android
406171,iOS
406171,Tooling
406171,Hyperloop
406172,Android
406173,Tooling
406174,iOS
406174,Hyperloop
406175,Android
406176,iOS
406177,iOS
406178,Windows
406179,iOS
406179,Tooling
406180,iOS
406180,Tooling
406181,iOS
406182,iOS
406183,iOS
406184,iOS
406185,iOS
406186,iOS
406187,Android
406188,iOS
406189,Android
406190,Windows
406191,Android
406192,Windows
406193,Windows
406194,Windows
406195,Windows
406196,iOS
406197,Windows
406198,Windows
406199,Android
406200,Android
406200,Tooling
406201,iOS
406202,Windows
406203,Windows
406204,iOS
406206,Windows
406207,iOS
406207,Tooling
406208,CLI
406208,Android
406208,Tooling
406209,Android
406210,iOS
406211,Android
406212,Android
406213,Android
406213,Tooling
406213,Hyperloop
406214,iOS
406215,iOS
406217,Hyperloop
406218,iOS
406218,Hyperloop
406219,Android
406220,iOS
406220,Tooling
406221,iOS
406221,Tooling
406222,Windows
406223,iOS
406223,Android
406224,iOS
406226,Hyperloop
406227,iOS
406228,iOS
406230,Windows
406231,Windows
406232,Windows
406233,Windows
406234,Android
406234,Tooling
406235,Tooling
406236,iOS
406237,Android
406237,Tooling
406238,CLI
406238,Android
406238,Tooling
406240,iOS
406241,iOS
406241,Tooling
406242,iOS
406242,Tooling
406243,iOS
406243,Tooling
406244,Tooling
406244,Hyperloop
406244,LiveView
406245,Tooling
406245,Hyperloop
406246,CLI
406247,Windows
406248,Windows
406249,iOS
406249,Tooling
406249,Hyperloop
406250,iOS
406250,Tooling
406251,iOS
406252,iOS
406253,iOS
406253,Tooling
406253,Hyperloop
406254,Tooling
406255,iOS
406255,Tooling
406256,iOS
406257,Android
406258,Android
406259,Android
406259,Tooling
406260,Windows
406261,iOS
406262,iOS
406263,iOS
406264,Android
406265,Hyperloop
406266,Android
406266,Hyperloop
406267,Hyperloop
406268,Tooling
406270,iOS
406270,Tooling
406271,Android
406272,iOS
406272,Tooling
406273,Windows
406274,iOS
406275,iOS
406276,iOS
406277,iOS
406277,Tooling
406277,Hyperloop
406278,iOS
406279,iOS
406280,iOS
406280,Tooling
406280,Hyperloop
406281,Windows
406282,Windows
406283,iOS
406283,Tooling
406284,Windows
406285,Windows
406286,iOS
406287,iOS
406288,Windows
406289,Android
406290,Android
406291,Windows
406292,iOS
406292,Android
406294,Windows
406295,Windows
406296,Windows
406297,Windows
406298,Android
406299,iOS
406299,Tooling
406300,iOS
406300,Hyperloop
406302,Android
406303,Windows
406304,iOS
406304,Hyperloop
406305,Windows
406306,Windows
406307,iOS
406308,Android
406309,Android
406310,Android
406311,Windows
406312,Windows
406313,Windows
406316,Windows
406317,MobileWeb
406318,Windows
406320,Windows
406321,iOS
406321,Hyperloop
406322,Windows
406323,iOS
406324,Windows
406325,iOS
406325,Hyperloop
406326,iOS
406327,Android
406328,Tooling
406329,MobileWeb
406330,Windows
406331,Windows
406332,Android
406333,Windows
406334,Android
406335,iOS
406337,CLI
406337,Android
406338,Hyperloop
406339,Android
406339,Hyperloop
406340,iOS
406340,Hyperloop
406341,Android
406341,Tooling
406341,Hyperloop
406342,Hyperloop
406343,iOS
406343,Hyperloop
406344,iOS
406344,Hyperloop
406345,Windows
406346,iOS
406347,iOS
406348,iOS
406349,Android
406349,Hyperloop
406350,Windows
406351,iOS
406351,LiveView
406352,Windows
406353,Windows
406354,iOS
406355,Windows
406357,iOS
406358,Windows
406359,Windows
406360,iOS
406361,Windows
406362,Windows
406363,Hyperloop
406364,iOS
406365,iOS
406365,Hyperloop
406366,LiveView
406366,Windows
406367,Android
406368,Android
406369,iOS
406370,iOS
406371,iOS
406371,Tooling
406372,Android
406372,Hyperloop
406373,iOS
406373,Tooling
406374,Windows
406375,iOS
406376,iOS
406376,Tooling
406376,Hyperloop
406377,iOS
406377,Tooling
406377,Hyperloop
406378,iOS
406379,iOS
406379,Tooling
406379,Hyperloop
406380,LiveView
406380,Windows
406382,Windows
406383,Windows
406384,Windows
406385,iOS
406386,Windows
406387,Windows
406388,Windows
406389,Windows
406390,Hyperloop
406391,Windows
406392,Hyperloop
406393,iOS
406393,Tooling
406394,Core
406395,Android
406397,Android
406398,Android
406399,TiAPI
406400,Android
406401,Android
406402,Windows
406403,Android
406404,Windows
406405,Android
406406,Windows
406407,iOS
406407,Tooling
406408,iOS
406409,Release
406410,Android
406411,Android
406411,Hyperloop
406412,iOS
406414,Windows
406415,iOS
406416,iOS
406417,Android
406418,Windows
406419,iOS
406419,Tooling
406420,Android
406423,iOS
406424,Windows
406425,iOS
406425,Tooling
406426,CLI
406427,Android
406428,Android
406429,Tooling
406430,Windows
406432,Windows
406433,Android
406434,Android
406435,Android
406436,Android
406437,Android
406438,Android
406439,Android
406440,Android
406441,Android
406442,Android
406443,Android
406444,Android
406445,Android
406446,Android
406447,Android
406448,Android
406449,Android
406450,Android
406451,Android
406452,Android
406453,Android
406455,iOS
406456,iOS
406457,iOS
406458,iOS
406459,Android
406462,Windows
406464,Windows
406465,iOS
406465,Android
406467,iOS
406467,Hyperloop
406468,Android
406469,Windows
406470,iOS
406471,iOS
406472,iOS
406474,Windows
406475,Android
406476,Windows
406477,Tooling
406478,Windows
406479,Android
406480,Windows
406481,Android
406482,Android
406483,Android
406484,Hyperloop
406485,CLI
406485,Android
406486,iOS
406487,iOS
406488,Windows
406489,Windows
406490,iOS
406491,Android
406492,iOS
406492,Android
406492,Windows
406493,iOS
406494,iOS
406494,Android
406495,Windows
406496,Windows
406497,Android
406499,iOS
406499,LiveView
406500,Android
406501,Windows
406502,iOS
406502,Hyperloop
406503,iOS
406504,iOS
406505,Hyperloop
406506,iOS
406507,iOS
406508,iOS
406508,Android
406509,Android
406510,iOS
406510,Android
406511,Android
406512,iOS
406513,iOS
406513,Tooling
406514,Tooling
406515,iOS
406516,iOS
406517,iOS
406518,iOS
406519,Windows
406520,iOS
406521,iOS
406522,iOS
406524,iOS
406525,iOS
406526,CLI
406526,iOS
406527,iOS
406528,Windows
406529,Android
406530,iOS
406531,Android
406532,Android
406533,Windows
406534,Android
406535,iOS
406535,Android
406535,TiAPI
406535,Windows
406536,iOS
406537,Android
406538,Android
406539,Windows
406540,iOS
406541,Tooling
406542,iOS
406543,Android
406545,Android
406546,Tooling
406546,Windows
406547,Android
406548,Android
406549,Android
406550,CLI
406550,Windows
406551,Windows
406552,iOS
406553,Android
406554,Android
406555,Android
406556,Android
406558,Android
406559,Hyperloop
406561,Android
406562,Windows
406563,Android
406564,Android
406565,Android
406565,Tooling
406566,Tooling
406567,Android
406568,Android
406569,Windows
406570,iOS
406571,iOS
406571,Android
406572,Android
406573,Android
406574,Tooling
406575,Android
406576,iOS
406576,Hyperloop
406577,iOS
406578,Android
406579,CLI
406579,Android
406580,iOS
406581,Android
406582,Windows
406583,Windows
406584,Android
406585,iOS
406586,iOS
406587,iOS
406587,Hyperloop
406589,Android
406590,Android
406591,Android
406592,Windows
406593,Android
406594,Android
406595,Windows
406596,Android
406597,Windows
406598,Android
406599,Android
406600,Windows
406601,Windows
406602,Windows
406603,iOS
406604,Hyperloop
406605,Hyperloop
406606,iOS
406607,iOS
406608,Android
406609,Windows
406610,iOS
406611,Android
406612,Windows
406613,Android
406614,iOS
406614,Android
406615,Windows
406616,Windows
406617,iOS
406618,Windows
406619,Windows
406620,Windows
406621,Windows
406622,iOS
406623,Windows
406624,Android
406625,Windows
406626,Windows
406627,Windows
406628,iOS
406629,TiAPI
406630,Windows
406631,Windows
406632,Windows
406633,Android
406634,iOS
406635,Windows
406636,iOS
406636,Android
406637,iOS
406637,Android
406638,iOS
406638,Android
406639,Windows
406640,CLI
406641,Windows
406642,Windows
406644,Windows
406645,Windows
406646,Windows
406647,Windows
406648,Windows
406651,TiAPI
406652,Windows
406653,Windows
406656,Android
406656,Hyperloop
406657,Android
406657,Hyperloop
406658,Windows
406659,iOS
406660,Windows
406661,Windows
406662,Windows
406663,Windows
406664,Windows
406665,Windows
406666,Windows
406667,Windows
406668,Android
406668,Windows
406669,Windows
406670,Windows
406671,iOS
406672,Android
406674,Android
406675,Windows
406676,Windows
406677,Android
406678,Windows
406679,Windows
406680,Windows
406681,Windows
406682,Windows
406683,iOS
406683,Android
406684,Windows
406685,Windows
406686,iOS
406687,Windows
406688,Android
406688,LiveView
406689,iOS
406690,Tooling
406690,Windows
406691,iOS
406691,Tooling
406692,iOS
406693,Android
406694,Android
406695,Windows
406696,Windows
406697,iOS
406697,Tooling
406698,Windows
406700,iOS
406700,Tooling
406701,Windows
406702,Windows
406703,iOS
406703,Android
406704,iOS
406705,iOS
406706,Windows
406707,Android
406708,Windows
406709,Windows
406710,Windows
406712,Windows
406713,Windows
406714,Tooling
406715,Windows
406717,iOS
406718,Windows
406719,Windows
406720,Windows
406721,iOS
406722,Windows
406723,Windows
406724,Windows
406725,Android
406726,iOS
406728,Android
406728,Hyperloop
406729,Android
406729,Hyperloop
406731,Windows
406732,Android
406733,Windows
406734,Windows
406735,Windows
406736,Android
406737,Windows
406738,Windows
406739,Windows
406740,Hyperloop
406741,Windows
406742,Core
406744,Windows
406745,CLI
406746,Windows
406747,Windows
406748,Windows
406749,Windows
406750,iOS
406750,Tooling
406751,Windows
406752,Windows
406753,Windows
406754,Tooling
406754,Windows
406755,Android
406756,Android
406758,Windows
406759,TiAPI
406760,Android
406761,Android
406763,Windows
406764,Windows
406765,Tooling
406765,Windows
406766,Windows
406767,iOS
406768,Windows
406769,Android
406770,Windows
406771,iOS
406771,Android
406771,Windows
406772,Windows
406773,Windows
406774,Hyperloop
406775,iOS
406775,Tooling
406776,Hyperloop
406777,iOS
406777,Hyperloop
406778,Windows
406779,CLI
406780,Android
406781,iOS
406782,Windows
406783,Hyperloop
406784,iOS
406785,iOS
406786,iOS
406787,Android
406788,Windows
406789,Windows
406790,iOS
406791,iOS
406792,iOS
406793,Tooling
406794,Windows
406795,Android
406796,TiAPI
406797,iOS
406798,iOS
406799,Windows
406801,Android
406801,Hyperloop
406803,iOS
406804,Android
406804,Tooling
406805,Android
406805,Tooling
406806,Android
406806,Tooling
406807,Tooling
406808,iOS
406809,Windows
406810,Windows
406811,Windows
406812,Android
406813,TiAPI
406814,iOS
406814,Tooling
406815,Hyperloop
406816,Windows
406817,Android
406819,Windows
406820,Hyperloop
406821,Windows
406822,Windows
406823,Windows
406824,iOS
406824,Hyperloop
406825,360
406826,iOS
406827,Android
406828,Windows
406829,Tooling
406830,iOS
406830,Tooling
406831,Tooling
406832,iOS
406832,Hyperloop
406833,Windows
406835,iOS
406836,Android
406837,iOS
406838,Android
406839,Android
406840,iOS
406841,Android
406842,Android
406843,TiAPI
406844,iOS
406844,Hyperloop
406845,LiveView
406846,iOS
406847,Android
406848,iOS
406849,Windows
406850,iOS
406851,Windows
406852,iOS
406853,iOS
406854,Android
406854,Hyperloop
406855,Windows
406857,iOS
406857,Android
406857,Windows
406858,iOS
406859,Android
406859,Hyperloop
406860,iOS
406861,Windows
406862,iOS
406863,iOS
406864,iOS
406865,iOS
406866,iOS
406866,Android
406866,Windows
406867,iOS
406868,Windows
406869,Android
406870,Windows
406871,iOS
406873,iOS
406874,iOS
406875,Android
406876,Windows
406877,Windows
406879,Windows
406880,Tooling
406881,Windows
406882,Windows
406883,iOS
406885,Hyperloop
406886,Windows
406887,Windows
406888,Windows
406889,Windows
406890,LiveView
406892,Tooling
406893,Tooling
406894,iOS
406894,Hyperloop
406895,iOS
406896,iOS
406897,iOS
406898,iOS
406899,Android
406900,Android
406901,Android
406902,Android
406903,Windows
406904,Windows
406906,Windows
406907,Windows
406908,Android
406909,Windows
406910,Windows
406911,Windows
406913,Windows
406915,iOS
406915,Hyperloop
406916,Windows
406917,Hyperloop
406918,Android
406920,Android
406921,Android
406922,iOS
406923,iOS
406924,CLI
406925,iOS
406926,Android
406927,Android
406928,iOS
406928,Android
406929,iOS
406930,Windows
406931,Android
406931,Tooling
406932,iOS
406935,iOS
406935,Android
406935,Windows
406936,CLI
406936,iOS
406936,Android
406937,iOS
406939,Android
406941,Tooling
406943,iOS
406944,Android
406945,Android
406946,Hyperloop
406947,CLI
406949,Android
406950,Tooling
406951,Tooling
406952,iOS
406953,Android
406954,Android
406955,iOS
406955,Android
406956,Tooling
406957,iOS
406958,CLI
406958,Core
406959,Android
406960,iOS
406961,CLI
406962,iOS
406962,Android
406965,Android
406966,iOS
406967,iOS
406968,iOS
406968,Tooling
406970,Android
406971,Android
406972,Android
406973,Android
406974,iOS
406974,Tooling
406975,Windows
406976,iOS
406977,Hyperloop
406978,iOS
406979,Android
406980,Android
406981,iOS
406982,iOS
406984,iOS
406985,iOS
406986,iOS
406986,Hyperloop
406987,Android
406988,iOS
406989,Windows
406990,Windows
406991,Windows
406992,Android
406993,Android
406994,iOS
406995,Tooling
406996,Android
406997,iOS
406997,Tooling
406997,Hyperloop
406998,Android
406999,Android
407000,iOS
407001,iOS
407003,iOS
407004,Windows
407005,Android
407007,iOS
407009,iOS
407010,Android
407011,Android
407012,Android
407013,Android
407014,iOS
407015,Android
407016,Android
407017,Tooling
407018,Android
407019,Android
407020,Android
407021,iOS
407023,LiveView
407024,Android
407025,Android
407026,Android
407027,Android
407028,iOS
407028,Tooling
407029,iOS
407029,Tooling
407032,Android
407033,iOS
407034,Specification
407035,iOS
407036,iOS
407037,MobileWeb
407039,Hyperloop
407040,Hyperloop
407041,Hyperloop
407042,CLI
407042,iOS
407042,Android
407042,Tooling
407042,Hyperloop
407043,Android
407045,Release
407047,Android
407048,Android
407049,iOS
407050,iOS
407052,iOS
407053,iOS
407054,iOS
407055,iOS
407056,iOS
407058,iOS
407059,iOS
407060,TiAPI
407061,Android
407061,Hyperloop
407061,LiveView
407062,iOS
407063,iOS
407063,Android
407063,MobileWeb
407064,iOS
407065,iOS
407066,Android
407068,Windows
407069,Windows
407072,Windows
407073,iOS
407074,iOS
407075,Android
407076,Android
407077,Windows
407078,Android
407079,Android
407080,Hyperloop
407081,Windows
407083,Windows
407084,CLI
407085,iOS
407086,Android
407087,iOS
407087,Android
407090,Android
407091,Android
407094,iOS
407095,Android
407097,iOS
407097,TiAPI
407098,Windows
407100,Android
407101,Windows
407103,TiAPI
407104,iOS
407105,Tooling
407106,Android
407107,Tooling
407108,Tooling
407109,Android
407110,iOS
407111,Windows
407112,Windows
407113,Windows
407114,Windows
407115,Windows
407116,Windows
407117,Windows
407118,Windows
407119,Windows
407120,Windows
407121,Windows
407122,Windows
407123,Windows
407124,Windows
407125,iOS
407127,Windows
407128,Android
407128,Windows
407129,iOS
407129,TiAPI
407130,iOS
407130,Hyperloop
407131,iOS
407132,iOS
407133,iOS
407134,Android
407135,Android
407136,Android
407137,Windows
407138,Windows
407139,iOS
407140,iOS
407140,Android
407140,Windows
407141,Android
407142,Android
407143,iOS
407144,Windows
407145,Windows
407146,Tooling
407147,Android
407148,Android
407149,Hyperloop
407150,Android
407151,Tooling
407152,Hyperloop
407153,iOS
407153,Tooling
407154,iOS
407156,iOS
407157,iOS
407157,Android
407158,Android
407159,Android
407160,Android
407161,Android
407162,Windows
407163,Android
407164,iOS
407165,Android
407166,iOS
407167,Android
407168,Windows
407169,Windows
407170,iOS
407173,Windows
407174,Android
407175,iOS
407175,Hyperloop
407176,iOS
407178,Windows
407179,Hyperloop
407180,Hyperloop
407181,Tooling
407181,Hyperloop
407182,Hyperloop
407183,Windows
407184,Android
407185,iOS
407186,iOS
407187,Windows
407188,Android
407189,Android
407190,iOS
407191,Windows
407192,Windows
407193,iOS
407194,Android
407195,iOS
407196,Android
407197,iOS
407198,Windows
407199,Android
407200,Windows
407201,Android
407202,iOS
407203,Android
407204,iOS
407205,iOS
407207,Android
407208,iOS
407209,Windows
407210,Android
407211,Android
407211,Hyperloop
407212,iOS
407213,Android
407215,Android
407216,Windows
407217,iOS
407218,iOS
407218,Tooling
407219,Android
407220,Windows
407221,Android
407222,iOS
407223,Windows
407224,Windows
407225,iOS
407226,Windows
407228,iOS
407229,Windows
407230,Windows
407231,Windows
407232,Android
407233,iOS
407234,Windows
407235,Android
407236,Windows
407237,Android
407238,iOS
407239,iOS
407240,iOS
407241,iOS
407242,iOS
407243,iOS
407244,iOS
407245,Windows
407246,Windows
407247,Windows
407248,CLI
407251,Windows
407252,Windows
407253,Windows
407254,Windows
407255,Windows
407256,Windows
407257,Windows
407258,Windows
407259,iOS
407260,iOS
407261,Windows
407262,Android
407263,Android
407264,iOS
407265,Windows
407266,iOS
407268,iOS
407269,iOS
407270,Windows
407271,Android
407272,Windows
407273,Android
407275,Android
407276,iOS
407277,iOS
407278,iOS
407279,Android
407280,iOS
407282,iOS
407282,Tooling
407282,LiveView
407283,Android
407283,Tooling
407284,Windows
407285,Windows
407286,Windows
407287,Android
407288,Android
407289,Android
407290,Android
407291,Android
407292,iOS
407292,Android
407293,iOS
407294,iOS
407295,iOS
407296,Tooling
407297,Android
407298,Windows
407300,Android
407301,iOS
407302,Android
407303,Windows
407304,Android
407305,Android
407306,iOS
407307,iOS
407307,Tooling
407308,iOS
407309,iOS
407310,Android
407311,Android
407312,Android
407313,iOS
407314,Windows
407315,Windows
407316,Windows
407317,Windows
407318,TiAPI
407319,Android
407320,iOS
407321,iOS
407322,Android
407323,Android
407324,iOS
407324,Android
407325,iOS
407326,Windows
407327,Windows
407328,iOS
407329,iOS
407329,Tooling
407330,Android
407331,Hyperloop
407332,Windows
407333,iOS
407334,Windows
407335,Android
407337,iOS
407337,Android
407338,iOS
407339,iOS
407340,Android
407341,iOS
407342,iOS
407344,Android
407345,iOS
407346,Windows
407347,Android
407347,Hyperloop
407348,Android
407349,iOS
407350,iOS
407351,CLI
407351,Tooling
407352,Tooling
407352,Windows
407353,iOS
407354,Windows
407355,Windows
407356,Windows
407357,Windows
407358,Windows
407359,Windows
407360,iOS
407361,iOS
407362,iOS
407363,iOS
407364,iOS
407365,iOS
407366,iOS
407367,iOS
407368,Android
407369,Android
407370,Android
407371,Android
407372,Windows
407373,Windows
407374,iOS
407374,Tooling
407376,MobileWeb
407377,iOS
407378,iOS
407379,iOS
407379,Tooling
407380,Android
407382,iOS
407383,CLI
407384,iOS
407385,iOS
407386,iOS
407387,iOS
407388,Tooling
407389,iOS
407390,Android
407390,Tooling
407391,Tooling
407393,iOS
407395,iOS
407396,iOS
407397,Android
407398,iOS
407399,iOS
407400,iOS
407402,Tooling
407403,iOS
407404,CLI
407404,Android
407405,Android
407405,Hyperloop
407406,iOS
407407,iOS
407408,iOS
407409,CLI
407409,Tooling
407411,Windows
407412,iOS
407413,iOS
407414,Android
407415,Android
407416,iOS
407418,iOS
407419,iOS
407420,iOS
407421,Android
407422,Android
407424,Hyperloop
407425,Hyperloop
407426,iOS
407427,Windows
407428,iOS
407429,iOS
407430,iOS
407431,Windows
407432,Windows
407433,Windows
407434,Windows
407435,Windows
407436,Windows
407437,Windows
407438,Windows
407439,Windows
407440,Windows
407441,Windows
407442,Windows
407443,Windows
407444,Windows
407445,Windows
407446,Windows
407447,iOS
407448,Android
407449,Windows
407450,Windows
407451,Windows
407452,Windows
407453,Windows
407454,Android
407454,Hyperloop
407455,iOS
407456,iOS
407457,iOS
407458,iOS
407459,Windows
407460,Windows
407461,Windows
407462,Windows
407463,Android
407464,Windows
407465,Windows
407466,Windows
407467,Windows
407468,Windows
407469,Windows
407470,Windows
407471,Windows
407472,iOS
407473,Android
407474,iOS
407475,Windows
407476,Android
407477,Android
407478,iOS
407478,Android
407479,iOS
407480,Android
407481,Android
407482,Android
407483,Android
407484,Android
407485,iOS
407485,Tooling
407486,Android
407487,iOS
407487,Android
407488,iOS
407489,iOS
407490,iOS
407491,Android
407492,Android
407492,Hyperloop
407493,Android
407493,TiAPI
407494,iOS
407495,iOS
407496,Android
407497,Android
407498,Windows
407499,iOS
407501,Windows
407502,iOS
407503,Android
407504,Android
407505,iOS
407506,iOS
407507,Android
407508,Windows
407509,Android
407510,iOS
407511,iOS
407512,LiveView
407513,iOS
407514,CLI
407515,iOS
407516,Android
407517,Android
407518,CLI
407518,iOS
407519,Android
407520,iOS
407521,Android
407522,Android
407523,Android
407523,Hyperloop
407524,Android
407524,Hyperloop
407525,iOS
407526,Windows
407527,iOS
407528,Windows
407529,iOS
407530,iOS
407533,iOS
407534,Android
407535,Tooling
407536,Tooling
407537,Windows
407538,Android
407539,Android
407540,iOS
407541,Android
407542,Android
407543,iOS
407544,Android
407545,Android
407547,Android
407548,Android
407549,Android
407550,Android
407551,iOS
407551,Tooling
407552,Tooling
407553,iOS
407554,Windows
407555,Windows
407556,Windows
407557,iOS
407559,iOS
407560,iOS
407561,CLI
407562,iOS
407562,Tooling
407563,iOS
407564,Tooling
407565,iOS
407565,Android
407566,Android
407566,Tooling
407567,iOS
407568,Android
407569,Android
407570,Android
407571,Windows
407572,iOS
407573,iOS
407574,Android
407575,Windows
407577,Android
407578,Android
407579,Android
407580,Windows
407581,Windows
407582,CLI
407582,iOS
407583,iOS
407584,iOS
407586,Tooling
407586,Windows
407587,Android
407588,Android
407589,Android
407590,iOS
407591,iOS
407591,Tooling
407592,Android
407593,CLI
407593,iOS
407593,Android
407593,Tooling
407593,Hyperloop
407593,Windows
407594,Android
407595,Android
407596,Android
407597,Android
407598,Android
407599,Android
407600,Android
407601,Windows
407602,Tooling
407603,iOS
407603,Tooling
407604,iOS
407604,Tooling
407605,iOS
407605,Android
407605,Tooling
407606,Android
407607,iOS
407607,Tooling
407608,Android
407609,iOS
407610,Android
407611,Android
407612,iOS
407613,iOS
407614,iOS
407615,iOS
407617,Android
407618,iOS
407619,iOS
407620,Android
407620,Hyperloop
407621,iOS
407622,iOS
407623,iOS
407624,iOS
407624,Tooling
407625,iOS
407626,iOS
407626,Tooling
407627,LiveView
407628,iOS
407629,Android
407630,iOS
407632,Android
407633,Windows
407634,iOS
407634,LiveView
407635,Android
407636,Android
407637,Windows
407638,Android
407639,iOS
407641,iOS
407642,iOS
407643,Tooling
407645,iOS
407645,Android
407645,Windows
407647,iOS
407649,iOS
407650,Android
407651,iOS
407652,Android
407653,iOS
407654,Android
407654,Hyperloop
407655,iOS
407656,iOS
407657,iOS
407658,iOS
407659,iOS
407660,iOS
407661,iOS
407662,iOS
407663,iOS
407664,CLI
407664,iOS
407665,Tooling
407666,iOS
407667,Windows
407668,Android
407668,Hyperloop
407669,Android
407669,Hyperloop
407670,Android
407670,Hyperloop
407671,Hyperloop
407672,Android
407672,Hyperloop
407673,Windows
407674,Windows
407675,Android
407676,Android
407677,iOS
407677,Tooling
407678,Windows
407679,iOS
407680,iOS
407681,iOS
407682,Windows
407683,iOS
407683,Tooling
407684,Android
407685,Android
407687,iOS
407687,Tooling
407688,iOS
407689,Android
407691,Android
407692,Windows
407693,Windows
407694,Windows
407695,Windows
407696,Tooling
407696,Windows
407697,Tooling
407697,Windows
407698,iOS
407698,Tooling
407699,CLI
407700,CLI
407701,iOS
407701,Tooling
407702,iOS
407703,iOS
407704,Android
407705,Windows
407706,Windows
407707,Windows
407708,Android
407709,Android
407710,iOS
407710,Tooling
407711,Android
407711,Tooling
407712,Tooling
407713,Windows
407714,Windows
407715,Android
407716,Android
407717,Windows
407718,Windows
407719,Windows
407720,Android
407721,Android
407722,iOS
407723,Windows
407724,Tooling
407724,Windows
407725,Windows
407726,Tooling
407728,TiAPI
407729,iOS
407730,Android
407733,iOS
407735,iOS
407737,Android
407738,Windows
407741,Android
407742,iOS
407743,iOS
407745,Android
407746,Android
407748,Android
407749,iOS
407749,Tooling
407750,iOS
407751,iOS
407752,iOS
407753,Android
407754,iOS
407754,Tooling
407756,TiAPI
407757,iOS
407760,Android
407763,iOS
407764,Android
407765,Android
407766,Android
407767,Android
407768,Android
407769,Tooling
407770,Windows
407771,Android
407772,Android
407773,iOS
407774,Android
407775,Android
407776,iOS
407777,iOS
407777,Tooling
407778,Android
407779,Android
407780,Android
407781,Android
407782,Android
407783,Android
407784,Windows
407785,Tooling
407785,Windows
407786,Tooling
407786,Windows
407787,iOS
407788,Windows
407789,iOS
407791,CLI
407792,iOS
407792,Tooling
407793,iOS
407794,iOS
407795,iOS
407796,Android
407797,CLI
407797,iOS
407798,iOS
407799,iOS
407801,Android
407802,Android
407803,iOS
407804,Android
407805,Android
407806,iOS
407806,Tooling
407808,Android
407809,iOS
407809,Tooling
407810,iOS
407810,Tooling
407811,Android
407812,iOS
407813,iOS
407814,iOS
407814,Tooling
407815,Android
407817,Tooling
407818,iOS
407819,iOS
407821,iOS
407822,Android
407823,Android
407824,iOS
407825,iOS
407825,Android
407827,CLI
407828,iOS
407828,Tooling
407829,iOS
407831,iOS
407832,Android
407833,iOS
407834,iOS
407835,Android
407836,iOS
407837,iOS
407837,Tooling
407838,Windows
407839,Windows
407840,iOS
407841,iOS
407841,Tooling
407842,Tooling
407843,iOS
407844,CLI
407844,iOS
407844,Android
407844,Windows
407845,iOS
407846,CLI
407846,iOS
407847,Android
407848,TiAPI
407849,Android
407850,Windows
407851,Tooling
407852,Windows
407853,Windows
407854,Windows
407855,Windows
407856,Windows
407857,iOS
407858,Tooling
407859,Android
407860,iOS
407861,iOS
407862,Windows
407863,Android
407863,Tooling
407864,Tooling
407864,MobileWeb
407865,Windows
407866,Windows
407867,Android
407868,Tooling
407870,iOS
407870,Android
407871,iOS
407871,Tooling
407872,Tooling
407873,Android
407873,Tooling
407874,Tooling
407875,iOS
407876,iOS
407877,iOS
407878,Windows
407879,Tooling
407880,iOS
407881,iOS
407882,iOS
407883,iOS
407884,iOS
407885,iOS
407886,iOS
407887,iOS
407888,Windows
407889,Templates
407890,iOS
407891,CLI
407891,iOS
407892,CLI
407892,iOS
407893,Android
407894,iOS
407894,Android
407895,iOS
407896,iOS
407897,Tooling
407898,iOS
407899,Tooling
407900,iOS
407901,Windows
407902,iOS
407903,iOS
407904,Windows
407905,Android
407906,Android
407907,Android
407908,Android
407909,Android
407910,iOS
407910,Android
407911,Android
407912,Android
407913,iOS
407914,iOS
407915,iOS
407916,Windows
407917,iOS
407918,iOS
407919,iOS
407920,Android
407921,Android
407922,iOS
407923,Tooling
407924,iOS
407925,Windows
407926,iOS
407927,Tooling
407927,Windows
407928,iOS
407929,iOS
407930,iOS
407931,iOS
407932,Windows
407933,Android
407934,CLI
407935,Android
407936,iOS
407937,Windows
407938,Android
407939,Tooling
407940,Windows
407941,Android
407941,Tooling
407942,Windows
407943,Android
407944,CLI
407945,Windows
407946,Tooling
407947,Core
407948,Tooling
407949,iOS
407952,iOS
407953,iOS
407954,iOS
407955,iOS
407956,Tooling
407957,iOS
407958,Android
407959,iOS
407960,iOS
407960,Tooling
407961,Android
407962,Android
407963,Android
407964,Android
407965,Android
407966,Android
407967,Android
407968,iOS
407969,Android
407970,Windows
407971,iOS
407972,iOS
407973,CLI
407974,iOS
407975,iOS
407976,Android
407977,Android
407978,CLI
407979,iOS
407980,iOS
407981,Windows
407983,iOS
407984,iOS
407985,Windows
407986,Windows
407987,Windows
407988,Android
407989,Windows
407990,Android
407991,iOS
407992,Android
407993,Android
407995,Tooling
407996,iOS
407997,iOS
407998,CLI
407999,Tooling
408000,iOS
408001,iOS
408002,iOS
408003,Tooling
408004,iOS
408004,Tooling
408005,Android
408006,Android
408007,iOS
408007,Android
408008,iOS
408009,Android
408010,iOS
408011,CLI
408011,iOS
408012,iOS
408012,Android
408013,iOS
408014,iOS
408015,iOS
408016,Tooling
408017,CLI
408017,Android
408018,Android
408019,CLI
408019,iOS
408020,Tooling
408021,Tooling
408022,iOS
408023,iOS
408024,iOS
408024,Tooling
408025,iOS
408026,MobileWeb
408027,Windows
408029,iOS
408030,CLI
408031,Android
408031,Tooling
408032,iOS
408032,Tooling
408033,iOS
408033,Tooling
408034,iOS
408035,iOS
408035,Tooling
408036,Windows
408037,Android
408038,Windows
408039,iOS
408040,CLI
408041,iOS
408042,iOS
408042,TiAPI
408042,Windows
408043,Windows
408044,iOS
408044,Tooling
408045,iOS
408046,iOS
408047,CLI
408048,iOS
408049,iOS
408049,Tooling
408050,iOS
408051,Windows
408052,Windows
408053,MobileWeb
408054,iOS
408055,iOS
408056,iOS
408056,Tooling
408057,iOS
408057,Tooling
408058,iOS
408058,Tooling
408059,iOS
408059,Tooling
408060,iOS
408061,iOS
408061,Tooling
408062,iOS
408062,Tooling
408063,iOS
408063,Tooling
408064,CLI
408065,Android
408065,Tooling
408066,iOS
408067,Android
408068,iOS
408069,iOS
408070,iOS
408071,Android
408072,Android
408073,iOS
408074,iOS
408075,iOS
408076,Windows
408077,iOS
408078,Windows
408080,MobileWeb
408081,Windows
408082,Windows
408083,Windows
408084,Tooling
408085,iOS
408086,iOS
408087,iOS
408087,Android
408088,iOS
408088,Android
408089,Android
408090,iOS
408091,Android
408092,iOS
408093,Android
408093,LiveView
408094,iOS
408095,Tooling
408096,iOS
408097,Android
408098,iOS
408098,Tooling
408099,CLI
408100,Windows
408101,Windows
408102,iOS
408103,Windows
408104,Windows
408105,iOS
408106,Windows
408107,Windows
408108,iOS
408109,iOS
408110,Windows
408111,Windows
408112,iOS
408113,iOS
408114,Windows
408115,Windows
408116,Android
408117,iOS
408118,Windows
408119,iOS
408120,iOS
408121,Android
408122,Android
408123,Android
408125,Android
408126,Windows
408127,Android
408128,Windows
408129,Android
408130,Core
408131,Android
408132,iOS
408133,Windows
408134,Windows
408135,Windows
408136,LiveView
408136,Windows
408137,iOS
408138,Windows
408139,iOS
408140,Windows
408141,Windows
408142,Windows
408143,Windows
408144,Windows
408145,Windows
408146,Tooling
408146,Windows
408147,iOS
408147,Android
408148,Android
408149,iOS
408150,iOS
408151,iOS
408152,iOS
408153,iOS
408154,iOS
408155,iOS
408156,iOS
408157,iOS
408158,iOS
408159,Windows
408160,iOS
408161,iOS
408162,Windows
408163,LiveView
408164,LiveView
408165,iOS
408166,CLI
408166,Windows
408167,Windows
408168,iOS
408169,iOS
408170,iOS
408171,CLI
408171,Windows
408172,CLI
408172,Windows
408174,iOS
408175,Windows
408176,Windows
408177,Windows
408178,Android
408179,Android
408180,Android
408181,Windows
408182,Windows
408183,Windows
408184,Windows
408185,CLI
408186,Tooling
408187,Windows
408188,Windows
408189,Windows
408190,Windows
408191,Windows
408192,Windows
408193,Windows
408194,Windows
408195,Windows
408196,Windows
408197,Windows
408198,iOS
408199,CLI
408199,Windows
408200,Windows
408201,iOS
408203,CLI
408203,Windows
408204,Windows
408205,Windows
408206,CLI
408207,Windows
408208,Windows
408209,iOS
408210,Android
408211,Windows
408212,Windows
408213,CLI
408213,Windows
408214,Windows
408215,Tooling
408215,Windows
408216,Windows
408217,iOS
408218,iOS
408219,iOS
408220,iOS
408221,iOS
408222,Tooling
408222,Windows
408223,iOS
408224,Windows
408225,Android
408225,Tooling
408226,Windows
408227,CLI
408227,Windows
408228,CLI
408228,Windows
408229,Tooling
408229,Windows
408230,iOS
408231,Android
408232,Windows
408233,Windows
408234,Windows
408235,Windows
408236,Windows
408237,Android
408238,MobileWeb
408239,Windows
408240,Windows
408241,Windows
408242,CLI
408242,Windows
408243,iOS
408244,Android
408245,iOS
408246,iOS
408247,iOS
408248,Windows
408249,Windows
408250,Windows
408251,Windows
408252,Android
408253,Windows
408254,Windows
408255,Windows
408256,iOS
408257,Windows
408258,Windows
408259,Windows
408260,Windows
408261,Windows
408262,Windows
408263,TiAPI
408264,Tooling
408264,Windows
408265,iOS
408266,Android
408268,Windows
408269,Windows
408270,Android
408271,CLI
408271,Windows
408272,Windows
408273,Windows
408274,Windows
408275,Windows
408276,iOS
408277,Windows
408278,Windows
408279,Windows
408280,iOS
408281,Android
408282,Windows
408283,Windows
408284,Windows
408285,Windows
408286,Android
408287,Windows
408288,Windows
408289,Windows
408290,iOS
408291,Windows
408292,Windows
408293,Windows
408294,iOS
408295,Windows
408296,iOS
408297,iOS
408298,iOS
408299,iOS
408300,Windows
408301,Windows
408302,Windows
408303,Android
408304,Tooling
408304,Windows
408305,Tooling
408305,Windows
408306,iOS
408307,iOS
408308,iOS
408309,iOS
408310,iOS
408311,iOS
408312,iOS
408313,iOS
408313,Tooling
408314,Windows
408315,CLI
408315,iOS
408316,Windows
408317,Tooling
408317,Windows
408318,Tooling
408318,Windows
408320,Windows
408321,Windows
408322,Windows
408323,CLI
408323,Windows
408324,Android
408325,CLI
408325,Windows
408327,CLI
408327,iOS
408327,Android
408328,Android
408329,Windows
408330,Windows
408331,Windows
408332,Android
408333,Windows
408334,CLI
408334,Windows
408335,CLI
408335,Windows
408336,iOS
408337,iOS
408338,Android
408339,Android
408340,Android
408341,Android
408342,CLI
408343,Android
408344,Android
408345,Android
408346,MobileWeb
408347,iOS
408348,Android
408349,iOS
408350,Tooling
408350,Windows
408351,Cloud
408352,Android
408353,iOS
408355,Windows
408356,Android
408357,Windows
408358,Windows
408359,Windows
408360,Tooling
408361,LiveView
408362,Windows
408363,Tooling
408363,Windows
408364,BlackBerry
408365,Windows
408366,Tooling
408366,Windows
408367,Windows
408368,Windows
408369,CLI
408370,Tooling
408370,Windows
408371,Android
408372,Android
408374,Android
408375,iOS
408376,iOS
408376,Tooling
408377,Windows
408378,iOS
408379,iOS
408380,TiAPI
408381,TiAPI
408382,Windows
408383,Windows
408384,Windows
408385,Windows
408386,Windows
408387,Windows
408388,Windows
408389,iOS
408391,Android
408392,Android
408393,iOS
408394,iOS
408394,Android
408395,Android
408396,MobileWeb
408397,Android
408398,Android
408399,Windows
408400,Android
408401,iOS
408401,Android
408402,iOS
408403,iOS
408404,iOS
408405,Android
408406,iOS
408407,Windows
408408,iOS
408411,iOS
408412,Android
408413,Android
408414,Android
408416,Android
408417,Windows
408418,Windows
408419,Windows
408420,Windows
408421,Windows
408422,Windows
408423,iOS
408424,Android
408425,Windows
408426,Android
408427,iOS
408427,Tooling
408428,Android
408429,iOS
408430,Android
408431,iOS
408432,CLI
408432,iOS
408432,Tooling
408433,Tooling
408434,Tooling
408435,iOS
408436,Windows
408438,Android
408439,Windows
408440,Windows
408441,Android
408443,Windows
408444,Windows
408445,iOS
408446,Android
408447,TiAPI
408448,TiAPI
408449,CLI
408450,Windows
408451,iOS
408451,Android
408451,TiAPI
408451,Windows
408452,Android
408453,iOS
408454,iOS
408455,iOS
408456,LiveView
408457,CLI
408457,iOS
408458,Windows
408459,TiAPI
408460,Android
408461,iOS
408462,iOS
408463,iOS
408464,iOS
408466,iOS
408466,Android
408467,Windows
408468,iOS
408469,Windows
408470,Android
408471,iOS
408472,Release
408473,Release
408474,Tooling
408475,Release
408476,Release
408477,Release
408478,Release
408479,Release
408480,Release
408481,Release
408482,Release
408483,Release
408484,Release
408485,Release
408486,Release
408487,Release
408488,Release
408489,Release
408490,Release
408491,Release
408492,LiveView
408493,Windows
408494,iOS
408495,Android
408496,Android
408497,Android
408498,CLI
408499,Android
408500,CLI
408501,iOS
408502,CLI
408502,Android
408504,iOS
408505,CLI
408505,Tooling
408506,Windows
408507,Windows
408508,iOS
408509,Hyperloop
408509,Windows
408510,iOS
408511,CLI
408511,BlackBerry
408512,Android
408513,Android
408514,iOS
408516,Windows
408517,Windows
408518,Windows
408519,Windows
408520,Windows
408521,Windows
408522,Windows
408523,Windows
408524,Windows
408525,Windows
408526,Windows
408527,Windows
408528,Tooling
408529,MobileWeb
408530,Windows
408531,Windows
408532,TiAPI
408533,Windows
408535,Android
408536,Windows
408537,Windows
408538,iOS
408539,iOS
408540,Windows
408541,Windows
408542,Windows
408543,iOS
408544,Windows
408545,TiAPI
408546,Android
408547,CLI
408547,iOS
408548,Windows
408549,Windows
408550,Windows
408551,Windows
408552,Windows
408553,Windows
408554,Windows
408555,iOS
408556,CLI
408557,iOS
408557,Android
408558,iOS
408558,Android
408559,CLI
408560,iOS
408561,Windows
408562,Android
408563,Tooling
408564,Windows
408565,Android
408566,Windows
408567,Windows
408568,Windows
408569,Tooling
408570,Windows
408571,iOS
408572,Windows
408573,Windows
408574,iOS
408575,iOS
408576,Windows
408577,Tooling
408577,Windows
408578,Tooling
408578,Windows
408579,Tooling
408579,Windows
408580,Tooling
408580,Windows
408581,Windows
408582,Windows
408583,CLI
408586,iOS
408587,Release
408588,Release
408589,Tooling
408590,Release
408591,Release
408592,Release
408593,Release
408594,Release
408595,Release
408596,Release
408597,Release
408598,Release
408599,Release
408600,Release
408601,Release
408602,Release
408603,Release
408604,Release
408605,Release
408606,Release
408607,Release
408608,Release
408610,CLI
408610,Windows
408611,Windows
408612,Windows
408613,iOS
408614,CLI
408614,Android
408615,iOS
408616,CLI
408617,Android
408618,iOS
408619,CLI
408620,iOS
408620,Android
408620,Windows
408620,Windows Hybrid
408620,MobileWeb
408620,BlackBerry
408621,iOS
408622,Android
408624,Tooling
408625,Tooling
408626,Android
408627,CLI
408628,Windows
408629,iOS
408630,iOS
408631,iOS
408632,iOS
408633,iOS
408634,CLI
408636,Android
408637,Android
408638,Windows
408639,Tooling
408639,LiveView
408640,Windows
408641,iOS
408642,CLI
408643,Android
408643,LiveView
408644,Windows
408645,iOS
408645,Android
408645,LiveView
408646,LiveView
408647,Code Processor
408648,Code Processor
408649,CLI
408649,MobileWeb
408650,Android
408651,Android
408652,CLI
408652,Android
408653,BlackBerry
408654,CLI
408655,TiAPI
408656,TiAPI
408657,TiAPI
408658,TiAPI
408659,TiAPI
408660,Windows
408661,iOS
408662,iOS
408663,CLI
408664,LiveView
408665,TiAPI
408666,iOS
408666,LiveView
408667,CLI
408667,Android
408668,iOS
408669,iOS
408671,Android
408671,Tooling
408672,Android
408673,Windows
408674,Windows
408675,Tooling
408676,BlackBerry
408677,iOS
408678,iOS
408679,Windows
408680,Android
408681,CLI
408682,Tooling
408683,LiveView
408684,Tooling
408687,iOS
408688,Android
408688,Tooling
408688,Templates
408689,LiveView
408690,iOS
408692,Tooling
408693,iOS
408695,CLI
408696,iOS
408697,Android
408698,CLI
408698,Tooling
408699,CLI
408700,Android
408701,iOS
408702,Windows
408703,Windows
408704,iOS
408705,Tooling
408705,Windows
408706,Tooling
408706,Windows
408707,Windows
408708,Windows
408709,Windows
408710,Windows
408711,Tooling
408711,Windows
408712,Tooling
408712,Windows
408713,Tooling
408713,Windows
408714,Tooling
408714,Windows
408715,Windows
408716,Android
408717,iOS
408718,Android
408719,Tooling
408720,Android
408721,BlackBerry
408722,iOS
408723,iOS
408723,Android
408723,Cloud
408724,Tooling
408725,Tooling
408726,iOS
408726,Android
408727,TiAPI
408728,Tooling
408730,iOS
408731,Android
408732,iOS
408733,Android
408734,Tooling
408735,TiAPI
408736,Android
408737,Android
408738,iOS
408739,Android
408740,Android
408741,Windows
408742,Android
408743,Android
408744,iOS
408745,Tooling
408745,Windows
408746,iOS
408746,Android
408746,Windows
408747,Android
408748,iOS
408749,iOS
408750,TiAPI
408751,iOS
408752,Android
408753,Android
408754,iOS
408755,Android
408756,iOS
408757,Windows
408758,iOS
408759,Android
408762,Windows
408763,Tooling
408763,Windows
408764,iOS
408765,Tooling
408765,Windows
408766,Windows
408767,Windows
408768,Windows
408769,Windows
408770,Android
408771,Android
408773,Android
408774,Android
408774,Tooling
408775,Android
408776,CLI
408777,iOS
408778,Android
408780,iOS
408781,Tooling
408782,iOS
408783,Windows
408784,iOS
408785,iOS
408786,Tooling
408787,Android
408789,Windows
408790,CLI
408790,Tooling
408791,CLI
408792,Android
408793,iOS
408794,iOS
408795,Windows
408796,iOS
408796,Android
408797,iOS
408798,Windows
408799,Windows
408800,Windows
408801,LiveView
408802,iOS
408803,Tooling
408804,CLI
408805,Windows
408806,MobileWeb
408807,iOS
408808,Android
408809,iOS
408810,iOS
408811,Windows
408813,iOS
408814,iOS
408815,iOS
408816,iOS
408817,Android
408818,iOS
408819,iOS
408820,BlackBerry
408821,Android
408822,iOS
408823,iOS
408824,iOS
408825,CLI
408826,iOS
408827,iOS
408828,iOS
408829,CLI
408830,Android
408831,iOS
408832,iOS
408833,iOS
408834,iOS
408835,Android
408836,Android
408837,TiAPI
408838,CLI
408839,CLI
408840,iOS
408841,CLI
408841,Android
408842,iOS
408843,Windows
408844,iOS
408845,iOS
408846,CLI
408846,Windows
408847,CLI
408847,iOS
408848,iOS
408849,Windows
408850,CLI
408850,Android
408851,Windows
408852,iOS
408853,iOS
408854,iOS
408855,iOS
408856,iOS
408857,iOS
408858,iOS
408859,iOS
408860,iOS
408861,Windows
408862,Windows
408863,Windows
408864,Windows
408865,Windows
408866,Windows
408867,Windows
408869,Windows
408870,Windows
408871,Windows
408872,iOS
408873,Windows
408874,Windows
408875,Windows
408876,Windows
408877,Windows
408878,Windows
408879,iOS
408880,iOS
408882,Android
408884,Android
408885,iOS
408886,Windows
408887,Android
408889,TiAPI
408890,iOS
408891,iOS
408892,Android
408893,iOS
408894,iOS
408895,iOS
408896,Android
408897,iOS
408898,iOS
408899,iOS
408900,CLI
408900,Windows
408901,Windows
408902,CLI
408902,Windows
408903,Android
408904,iOS
408905,iOS
408906,iOS
408908,iOS
408909,TiAPI
408911,Android
408912,Android
408913,iOS
408914,MobileWeb
408915,iOS
408916,iOS
408917,iOS
408918,iOS
408919,MobileWeb
408920,iOS
408921,Tooling
408922,iOS
408923,iOS
408924,iOS
408925,iOS
408926,iOS
408927,iOS
408928,TiAPI
408929,iOS
408930,iOS
408931,TiAPI
408932,iOS
408933,TiAPI
408934,iOS
408935,iOS
408936,iOS
408937,iOS
408938,iOS
408939,Tooling
408939,Windows
408940,TiAPI
408942,iOS
408943,Android
408945,CLI
408946,Release
408947,Release
408948,Tooling
408949,Release
408950,Release
408951,Release
408952,Release
408953,Release
408954,Release
408955,Release
408956,Release
408957,Release
408958,Release
408959,Release
408960,Release
408961,Release
408962,Release
408963,Release
408964,Release
408965,Release
408966,Release
408967,Release
408968,iOS
408969,iOS
408970,TiAPI
408971,iOS
408972,iOS
408973,iOS
408974,iOS
408975,iOS
408976,iOS
408977,CLI
408977,360
408978,iOS
408979,CLI
408980,MobileWeb
408981,iOS
408982,iOS
408982,Tooling
408983,iOS
408984,iOS
408985,iOS
408987,Android
408988,iOS
408989,iOS
408990,iOS
408991,iOS
408992,MobileWeb
408993,iOS
408994,iOS
408995,CLI
408996,Android
408997,iOS
408998,iOS
408999,Android
409000,iOS
409001,iOS
409002,Android
409003,CLI
409003,iOS
409003,Android
409004,iOS
409005,iOS
409006,iOS
409007,iOS
409008,iOS
409009,Android
409011,iOS
409012,CLI
409012,Tooling
409012,Windows
409013,iOS
409014,iOS
409015,iOS
409016,iOS
409017,CLI
409018,CLI
409019,CLI
409020,CLI
409021,iOS
409022,TiAPI
409023,MobileWeb
409024,iOS
409025,Android
409026,iOS
409027,iOS
409028,CLI
409029,TiAPI
409031,Android
409032,Android
409033,iOS
409033,Tooling
409034,iOS
409035,iOS
409036,LiveView
409037,iOS
409038,iOS
409039,CLI
409040,iOS
409041,CLI
409042,iOS
409043,TiAPI
409044,CLI
409044,iOS
409044,Android
409044,MobileWeb
409044,BlackBerry
409045,Android
409046,iOS
409047,CLI
409047,iOS
409047,Android
409047,Tooling
409047,MobileWeb
409047,BlackBerry
409048,iOS
409048,Android
409049,Android
409050,iOS
409051,LiveView
409052,Android
409053,iOS
409054,Windows
409055,Windows
409057,iOS
409058,iOS
409059,iOS
409060,CLI
409061,CLI
409061,Android
409062,CLI
409062,Android
409063,MobileWeb
409064,TiAPI
409066,iOS
409066,Android
409067,iOS
409068,Android
409069,iOS
409070,Android
409071,Android
409072,iOS
409072,Core
409073,CLI
409073,Tooling
409073,Windows
409074,CLI
409074,Tooling
409074,Windows
409075,CLI
409075,Tooling
409075,Windows
409076,iOS
409076,Android
409077,iOS
409077,Tooling
409078,Tooling
409078,Windows
409079,iOS
409080,MobileWeb
409081,Android
409082,Android
409083,iOS
409083,Android
409084,CLI
409084,iOS
409084,Android
409084,Tooling
409084,MobileWeb
409085,iOS
409086,iOS
409087,iOS
409088,iOS
409089,CLI
409090,Android
409091,Android
409092,CLI
409092,iOS
409092,Android
409092,Tooling
409092,BlackBerry
409093,iOS
409095,Android
409096,CLI
409097,Android
409098,CLI
409098,iOS
409098,Android
409098,BlackBerry
409099,iOS
409100,iOS
409101,iOS
409102,CLI
409103,Tooling
409104,iOS
409104,Android
409105,Android
409106,iOS
409107,TiAPI
409108,iOS
409109,Android
409110,iOS
409111,Windows
409112,Android
409112,MobileWeb
409113,Android
409115,CLI
409116,Android
409117,Android
409117,Tooling
409118,iOS
409118,Android
409118,TiAPI
409119,Android
409120,iOS
409121,CLI
409121,Tooling
409121,Windows
409122,iOS
409123,iOS
409124,CLI
409124,Tooling
409124,Windows
409125,CLI
409125,Tooling
409125,Windows
409126,CLI
409126,Tooling
409126,Windows
409127,CLI
409127,Tooling
409127,Windows
409128,iOS
409129,Android
409130,iOS
409131,iOS
409132,iOS
409133,iOS
409134,Android
409135,Release
409136,Release
409137,Tooling
409138,Release
409139,Release
409140,Release
409141,Release
409142,Release
409143,Release
409144,Release
409145,Release
409146,Release
409147,Release
409148,Release
409149,Release
409150,Release
409151,Release
409152,Release
409153,Release
409154,Release
409155,Release
409156,Release
409157,Android
409158,Android
409159,iOS
409160,iOS
409161,iOS
409163,iOS
409163,Tooling
409164,Core
409165,Android
409166,CLI
409167,Android
409168,Android
409169,iOS
409170,Windows
409171,Android
409172,Android
409174,CLI
409174,MobileWeb
409175,Windows
409176,iOS
409177,iOS
409178,Android
409179,Android
409180,Windows
409181,iOS
409182,iOS
409183,Android
409184,Android
409185,iOS
409186,Android
409187,iOS
409188,Android
409189,iOS
409190,iOS
409191,iOS
409191,Android
409192,CLI
409193,CLI
409194,Android
409196,Android
409197,Android
409198,Windows
409199,Windows
409200,Windows
409201,MobileWeb
409202,CLI
409203,iOS
409204,Android
409205,iOS
409206,Android
409207,Android
409208,Tooling
409209,Tooling
409210,Android
409211,Android
409212,iOS
409213,CLI
409213,iOS
409214,iOS
409215,iOS
409216,iOS
409217,iOS
409218,iOS
409219,iOS
409220,Windows
409221,Windows
409222,Windows
409223,Windows
409224,Windows
409225,Windows
409226,Windows
409227,Windows
409228,Windows
409229,Windows
409230,Windows
409231,Windows
409232,Windows
409233,Windows
409234,Windows
409235,Windows
409236,Windows
409237,Windows
409238,Windows
409239,Windows
409240,CLI
409240,Android
409241,Tooling
409242,iOS
409242,Tooling
409244,iOS
409245,Android
409246,Android
409247,Android
409248,iOS
409249,iOS
409250,Android
409251,iOS
409252,Android
409253,Android
409254,Android
409255,iOS
409256,iOS
409257,Android
409259,Android
409260,iOS
409261,CLI
409262,Android
409262,Tooling
409263,iOS
409264,Android
409265,CLI
409265,Android
409266,Android
409267,iOS
409268,Windows
409269,iOS
409270,iOS
409271,iOS
409272,Android
409273,Android
409274,MobileWeb
409275,iOS
409275,Android
409276,Android
409277,Android
409278,Android
409279,Windows
409280,CLI
409280,Windows
409281,Windows
409282,Windows
409283,Windows
409284,Windows
409285,Windows
409286,Windows
409287,Windows
409288,Windows
409289,Windows
409290,Windows
409292,Android
409293,iOS
409294,Android
409295,iOS
409297,Android
409298,Tooling
409298,MobileWeb
409299,Android
409300,iOS
409301,Tooling
409301,Windows
409302,iOS
409303,iOS
409304,Tooling
409306,Android
409307,iOS
409308,Android
409309,Android
409310,CLI
409310,Tooling
409311,Android
409312,CLI
409314,Android
409315,Android
409316,iOS
409317,CLI
409317,Android
409318,iOS
409319,CLI
409319,iOS
409320,iOS
409322,CLI
409323,iOS
409324,iOS
409325,iOS
409326,iOS
409327,Windows
409328,Windows
409329,CLI
409330,Android
409331,iOS
409332,iOS
409333,iOS
409334,Windows Hybrid
409335,Android
409336,Android
409337,CLI
409338,iOS
409339,iOS
409340,iOS
409341,Release
409342,Release
409343,Tooling
409344,Release
409345,Release
409346,Release
409347,Release
409348,Release
409349,Release
409350,Release
409351,Release
409352,Release
409353,Release
409354,Release
409355,Release
409356,Release
409357,Release
409358,Release
409359,Release
409360,Release
409361,Release
409362,Release
409363,iOS
409364,iOS
409365,iOS
409366,iOS
409367,iOS
409368,iOS
409369,iOS
409370,Android
409371,iOS
409372,iOS
409374,iOS
409375,iOS
409376,Android
409377,iOS
409378,iOS
409379,iOS
409380,iOS
409381,Android
409382,iOS
409383,BlackBerry
409384,iOS
409385,iOS
409386,iOS
409387,iOS
409388,iOS
409389,iOS
409390,Android
409391,Android
409392,Android
409393,Android
409394,iOS
409395,iOS
409396,iOS
409397,Android
409398,iOS
409399,Android
409400,Tizen
409401,iOS
409402,iOS
409403,iOS
409404,Cloud
409405,CLI
409406,Android
409407,iOS
409408,iOS
409409,iOS
409410,Android
409411,CLI
409411,Tooling
409412,iOS
409413,iOS
409414,iOS
409415,iOS
409416,iOS
409417,iOS
409418,iOS
409419,Android
409420,Code Processor
409421,CLI
409422,CLI
409423,iOS
409424,iOS
409425,CLI
409426,iOS
409427,CLI
409427,iOS
409428,iOS
409429,iOS
409430,CLI
409430,iOS
409431,iOS
409432,CLI
409433,iOS
409434,iOS
409435,iOS
409436,iOS
409437,iOS
409438,MobileWeb
409439,Android
409440,iOS
409441,CLI
409441,iOS
409442,CLI
409442,iOS
409443,iOS
409444,iOS
409445,Android
409446,TiAPI
409447,iOS
409449,iOS
409450,CLI
409451,iOS
409452,CLI
409453,iOS
409454,iOS
409455,iOS
409456,iOS
409457,iOS
409458,iOS
409459,iOS
409460,iOS
409461,iOS
409462,iOS
409463,Code Processor
409464,CLI
409464,iOS
409465,iOS
409466,CLI
409467,CLI
409467,Tooling
409468,iOS
409469,iOS
409470,iOS
409471,iOS
409472,CLI
409472,Tooling
409473,MobileWeb
409474,iOS
409475,iOS
409476,iOS
409477,iOS
409478,iOS
409479,CLI
409479,Tooling
409480,iOS
409481,Android
409482,Android
409483,iOS
409484,iOS
409485,iOS
409486,Android
409487,iOS
409488,Android
409489,iOS
409490,iOS
409491,iOS
409492,Android
409493,iOS
409494,iOS
409495,iOS
409496,iOS
409497,iOS
409498,Android
409499,Android
409500,Android
409501,CLI
409501,iOS
409502,iOS
409503,CLI
409504,CLI
409505,CLI
409506,CLI
409506,iOS
409507,iOS
409508,iOS
409509,CLI
409510,iOS
409511,Android
409512,Android
409513,Android
409514,CLI
409514,iOS
409515,CLI
409515,iOS
409516,iOS
409517,Android
409518,iOS
409519,CLI
409520,CLI
409521,CLI
409522,CLI
409523,CLI
409524,Android
409525,iOS
409526,CLI
409527,iOS
409528,CLI
409529,Android
409530,Android
409531,iOS
409532,CLI
409533,CLI
409534,iOS
409535,iOS
409536,Android
409537,CLI
409538,Android
409539,Android
409540,Android
409541,Android
409542,Android
409543,iOS
409544,Android
409545,Android
409546,Android
409547,iOS
409548,iOS
409549,Android
409550,TiAPI
409551,Android
409552,Android
409553,iOS
409554,Android
409555,iOS
409556,iOS
409557,Android
409558,CLI
409559,CLI
409560,iOS
409561,Android
409563,Android
409565,Android
409566,Windows
409567,Windows
409568,iOS
409568,Tooling
409569,CLI
409569,iOS
409569,Tooling
409570,iOS
409570,Tooling
409571,iOS
409571,Tooling
409572,iOS
409572,Tooling
409573,iOS
409573,Tooling
409574,iOS
409574,Tooling
409575,iOS
409575,Tooling
409576,CLI
409576,Android
409577,CLI
409578,CLI
409578,Windows
409579,CLI
409579,Android
409580,CLI
409580,iOS
409581,Android
409582,Android
409583,iOS
409584,CLI
409584,Android
409585,CLI
409586,iOS
409587,iOS
409587,Android
409588,iOS
409589,CLI
409590,Windows
409591,iOS
409592,Android
409593,iOS
409594,Android
409595,Code Processor
409596,Android
409597,iOS
409599,iOS
409600,Android
409601,iOS
409603,iOS
409604,Android
409606,Android
409607,iOS
409608,Android
409609,Android
409610,Android
409611,Tooling
409612,iOS
409613,iOS
409614,Tooling
409615,iOS
409616,iOS
409616,Android
409617,iOS
409618,iOS
409619,iOS
409619,Android
409620,iOS
409622,Android
409623,TiAPI
409624,iOS
409625,iOS
409626,Android
409627,Android
409629,iOS
409630,Core
409631,CLI
409631,iOS
409632,Android
409633,iOS
409634,iOS
409635,Android
409636,CLI
409637,TiAPI
409638,iOS
409639,Android
409640,MobileWeb
409641,Android
409643,iOS
409644,iOS
409645,BlackBerry
409646,BlackBerry
409647,BlackBerry
409648,iOS
409649,iOS
409650,Android
409651,iOS
409652,iOS
409653,BlackBerry
409654,Tooling
409655,iOS
409656,iOS
409657,BlackBerry
409658,BlackBerry
409659,BlackBerry
409660,BlackBerry
409661,BlackBerry
409662,BlackBerry
409663,CLI
409664,BlackBerry
409665,iOS
409665,Android
409666,BlackBerry
409667,iOS
409668,iOS
409669,iOS
409670,iOS
409671,iOS
409672,BlackBerry
409673,BlackBerry
409674,BlackBerry
409675,BlackBerry
409676,Android
409677,CLI
409678,iOS
409679,iOS
409680,Android
409681,BlackBerry
409682,Android
409683,BlackBerry
409684,Android
409685,BlackBerry
409686,iOS
409687,CLI
409687,iOS
409688,BlackBerry
409689,BlackBerry
409690,Tooling
409691,iOS
409692,iOS
409693,iOS
409694,BlackBerry
409695,CLI
409696,BlackBerry
409697,BlackBerry
409698,Android
409699,iOS
409700,iOS
409701,iOS
409702,iOS
409703,CLI
409704,BlackBerry
409705,iOS
409706,iOS
409706,BlackBerry
409707,BlackBerry
409708,BlackBerry
409709,Android
409710,Android
409711,Android
409712,Android
409713,Android
409714,Android
409715,Android
409716,iOS
409717,iOS
409718,iOS
409719,Android
409720,iOS
409720,Hyperloop
409721,iOS
409722,Tooling
409722,BlackBerry
409723,Tooling
409724,CLI
409724,Android
409725,CLI
409726,Android
409726,Tooling
409727,iOS
409728,BlackBerry
409729,CLI
409730,Android
409731,Android
409732,iOS
409733,iOS
409734,iOS
409735,iOS
409736,iOS
409737,Tooling
409738,iOS
409739,TiAPI
409740,Android
409741,Android
409742,iOS
409743,iOS
409743,Android
409744,iOS
409745,CLI
409746,Android
409747,Release
409748,Release
409749,Tooling
409750,Release
409751,Release
409752,Release
409753,Release
409754,Release
409755,Release
409756,Release
409757,Release
409758,Release
409759,Release
409760,Release
409761,Release
409762,Release
409763,Release
409764,Release
409765,Release
409766,Release
409767,Release
409768,Release
409769,Android
409769,Tooling
409770,Android
409770,Tooling
409771,iOS
409772,CLI
409772,Android
409773,iOS
409774,iOS
409776,Android
409777,Android
409778,Android
409779,CLI
409779,Android
409780,Android
409781,Tizen
409782,Android
409783,Android
409784,Android
409785,Android
409786,Android
409787,Android
409788,Android
409789,iOS
409789,360
409790,CLI
409790,Android
409791,Core
409792,iOS
409793,iOS
409794,iOS
409796,iOS
409797,Tooling
409798,Android
409799,LiveView
409800,Android
409801,iOS
409802,Android
409803,Tizen
409804,iOS
409804,Cloud
409805,iOS
409805,Cloud
409806,CLI
409806,Android
409807,iOS
409807,Android
409809,iOS
409810,iOS
409811,Android
409812,Android
409813,Android
409814,Android
409815,iOS
409816,Android
409817,iOS
409817,Tooling
409818,iOS
409819,Tooling
409820,Android
409821,iOS
409822,Android
409823,Android
409824,iOS
409825,iOS
409827,iOS
409827,Android
409828,CLI
409829,iOS
409830,Android
409831,Android
409832,Android
409833,BlackBerry
409834,Android
409835,iOS
409836,iOS
409836,Android
409837,Android
409838,Tooling
409839,Android
409839,LiveView
409840,Cloud
409841,Android
409842,Android
409843,CLI
409844,CLI
409845,CLI
409846,CLI
409847,Android
409848,CLI
409849,iOS
409849,Android
409850,Android
409851,MobileWeb
409852,Android
409853,Android
409854,Android
409855,Android
409856,iOS
409857,CLI
409857,iOS
409858,Cloud
409859,CLI
409860,CLI
409861,BlackBerry
409862,CLI
409863,Android
409864,iOS
409865,Android
409866,LiveView
409867,Android
409868,Android
409870,iOS
409871,iOS
409871,Android
409872,iOS
409873,iOS
409874,Android
409875,TiAPI
409876,CLI
409876,Android
409877,iOS
409878,iOS
409879,Windows Hybrid
409880,LiveView
409881,MobileWeb
409882,Android
409883,Android
409884,iOS
409885,iOS
409886,Android
409888,Android
409889,Android
409890,CLI
409890,Android
409892,TiAPI
409893,Android
409894,iOS
409895,Android
409896,Android
409897,CLI
409898,iOS
409899,Android
409900,iOS
409901,TiAPI
409902,Android
409903,iOS
409904,CLI
409905,iOS
409906,Android
409907,BlackBerry
409908,iOS
409909,iOS
409910,iOS
409911,iOS
409912,iOS
409913,iOS
409914,iOS
409915,iOS
409916,iOS
409917,iOS
409918,iOS
409919,iOS
409920,iOS
409921,iOS
409922,iOS
409923,iOS
409924,iOS
409925,iOS
409926,iOS
409927,iOS
409928,iOS
409929,iOS
409930,iOS
409931,iOS
409932,Android
409933,Code Processor
409934,iOS
409935,iOS
409936,MobileWeb
409937,Android
409938,iOS
409939,CLI
409940,Android
409941,Android
409942,Android
409943,Android
409944,iOS
409944,Android
409945,CLI
409946,CLI
409946,iOS
409947,BlackBerry
409948,BlackBerry
409949,Cloud
409950,MobileWeb
409951,iOS
409952,iOS
409953,CLI
409954,CLI
409955,Android
409956,iOS
409957,CLI
409959,MobileWeb
409960,iOS
409961,iOS
409962,Windows
409962,BlackBerry
409963,CLI
409963,Android
409964,iOS
409965,iOS
409966,CLI
409967,Android
409968,Android
409969,Android
409970,CLI
409971,CLI
409971,iOS
409972,Windows Hybrid
409973,Android
409974,iOS
409975,CLI
409976,Android
409977,Android
409978,Android
409979,Windows
409979,MobileWeb
409981,iOS
409982,Android
409983,BlackBerry
409984,BlackBerry
409985,iOS
409986,BlackBerry
409987,CLI
409988,iOS
409990,iOS
409991,Tooling
409992,Android
409993,iOS
409994,iOS
409995,TiAPI
409996,Android
409997,Android
409998,Android
409999,TiAPI
410000,Windows Hybrid
410001,MobileWeb
410002,Windows Hybrid
410003,Windows Hybrid
410004,Windows Hybrid
410005,CLI
410005,Android
410006,CLI
410007,CLI
410008,iOS
410009,CLI
410009,BlackBerry
410010,CLI
410010,Android
410011,CLI
410012,iOS
410013,CLI
410013,Android
410014,CLI
410015,CLI
410016,CLI
410016,BlackBerry
410017,BlackBerry
410018,BlackBerry
410019,CLI
410019,Windows Hybrid
410020,iOS
410021,CLI
410021,BlackBerry
410022,iOS
410023,BlackBerry
410024,TiAPI
410025,TiAPI
410026,Android
410027,TiAPI
410028,Android
410029,CLI
410031,CLI
410032,Android
410033,BlackBerry
410034,CLI
410035,BlackBerry
410036,BlackBerry
410037,CLI
410037,Android
410038,BlackBerry
410039,Android
410040,BlackBerry
410041,CLI
410042,CLI
410043,Windows Hybrid
410044,iOS
410045,Android
410046,BlackBerry
410048,Android
410049,Android
410050,CLI
410050,iOS
410050,Android
410051,BlackBerry
410052,Tooling
410053,BlackBerry
410054,iOS
410055,CLI
410056,Android
410057,MobileWeb
410058,BlackBerry
410059,iOS
410060,Android
410061,iOS
410062,iOS
410063,Android
410064,BlackBerry
410065,Windows Hybrid
410066,Windows Hybrid
410067,Windows Hybrid
410068,BlackBerry
410069,MobileWeb
410070,Windows Hybrid
410071,BlackBerry
410072,iOS
410073,Android
410073,Tooling
410074,iOS
410075,Cloud
410077,iOS
410078,Android
410079,CLI
410080,Tooling
410080,BlackBerry
410081,Tooling
410081,MobileWeb
410082,iOS
410082,Tooling
410083,Android
410083,Tooling
410084,Android
410085,Android
410086,Android
410087,Android
410088,Android
410089,Android
410091,Android
410092,CLI
410093,Android
410094,CLI
410095,iOS
410096,Android
410097,Android
410098,CLI
410099,CLI
410100,Android
410101,Android
410102,Android
410103,Android
410104,TiAPI
410105,Android
410106,iOS
410107,iOS
410108,iOS
410109,iOS
410110,Android
410111,iOS
410112,iOS
410112,Android
410113,Android
410114,Android
410115,Tooling
410116,iOS
410117,Android
410118,iOS
410119,iOS
410120,iOS
410120,Android
410120,Tooling
410121,CLI
410122,CLI
410123,Android
410124,Android
410125,iOS
410126,Android
410127,LiveView
410128,Code Processor
410129,CLI
410130,CLI
410131,Android
410132,Android
410133,Android
410134,CLI
410135,CLI
410136,CLI
410137,Android
410138,Tooling
410139,Cloud
410140,Windows Hybrid
410141,Windows Hybrid
410142,iOS
410143,iOS
410144,CLI
410144,Tooling
410145,Tooling
410146,CLI
410147,Android
410148,Android
410149,Android
410150,TiAPI
410151,Android
410152,BlackBerry
410153,BlackBerry
410154,BlackBerry
410155,iOS
410155,MobileWeb
410156,Android
410157,BlackBerry
410158,BlackBerry
410159,Android
410160,iOS
410161,iOS
410162,Android
410163,iOS
410164,Android
410166,iOS
410166,MobileWeb
410167,iOS
410167,MobileWeb
410168,Android
410169,Android
410170,Android
410171,iOS
410172,Android
410173,Tooling
410174,Windows Hybrid
410175,iOS
410175,Android
410175,MobileWeb
410176,MobileWeb
410177,iOS
410177,MobileWeb
410178,iOS
410178,MobileWeb
410179,iOS
410180,Android
410181,iOS
410181,Android
410181,TiAPI
410182,MobileWeb
410183,Windows Hybrid
410184,iOS
410185,Android
410186,iOS
410187,Android
410188,BlackBerry
410189,Android
410190,Android
410191,iOS
410192,iOS
410193,MobileWeb
410194,BlackBerry
410195,BlackBerry
410196,BlackBerry
410197,BlackBerry
410198,BlackBerry
410200,BlackBerry
410201,BlackBerry
410202,BlackBerry
410203,BlackBerry
410204,BlackBerry
410205,Android
410206,Android
410207,BlackBerry
410208,BlackBerry
410209,BlackBerry
410210,BlackBerry
410211,BlackBerry
410212,BlackBerry
410213,BlackBerry
410214,BlackBerry
410215,BlackBerry
410216,BlackBerry
410217,BlackBerry
410218,BlackBerry
410219,BlackBerry
410220,BlackBerry
410221,BlackBerry
410222,BlackBerry
410223,BlackBerry
410224,BlackBerry
410225,BlackBerry
410226,BlackBerry
410227,BlackBerry
410228,BlackBerry
410229,CLI
410229,Windows Hybrid
410230,CLI
410231,iOS
410232,Android
410232,Cloud
410233,iOS
410234,Android
410235,Android
410236,LiveView
410237,Release
410238,Release
410239,Tooling
410240,Release
410241,Release
410242,Release
410243,Release
410244,Release
410245,Release
410246,Release
410247,Release
410248,Release
410249,Release
410250,Release
410251,Release
410252,Release
410253,Release
410254,Release
410255,Release
410256,Release
410257,Release
410258,Release
410259,Release
410260,Release
410261,Release
410262,Release
410264,Windows Hybrid
410265,Android
410266,Android
410267,Android
410268,Android
410269,iOS
410270,Android
410271,iOS
410272,iOS
410272,Tooling
410273,iOS
410273,Android
410274,Windows Hybrid
410275,Windows Hybrid
410276,iOS
410276,Core
410277,CLI
410278,Android
410279,BlackBerry
410280,BlackBerry
410281,Windows Hybrid
410282,Windows Hybrid
410283,iOS
410284,iOS
410285,Android
410286,CLI
410287,CLI
410288,CLI
410289,CLI
410290,CLI
410291,CLI
410292,iOS
410293,Android
410294,Android
410295,iOS
410296,iOS
410297,CLI
410297,Tooling
410298,Android
410298,Tooling
410299,iOS
410300,Windows Hybrid
410301,CLI
410302,iOS
410303,iOS
410303,Tooling
410304,Tooling
410305,Windows Hybrid
410306,Tooling
410307,MobileWeb
410308,Android
410309,CLI
410309,iOS
410310,BlackBerry
410311,BlackBerry
410312,BlackBerry
410313,iOS
410314,Android
410315,TiAPI
410316,iOS
410317,iOS
410318,iOS
410319,Android
410321,Android
410322,iOS
410324,Windows Hybrid
410325,CLI
410326,MobileWeb
410327,Android
410328,iOS
410330,Android
410331,CLI
410332,iOS
410333,iOS
410334,iOS
410335,CLI
410336,Android
410336,LiveView
410338,CLI
410338,Tooling
410339,iOS
410342,CLI
410343,Android
410344,iOS
410345,iOS
410347,iOS
410348,iOS
410350,Android
410351,Android
410352,iOS
410353,Android
410354,iOS
410355,iOS
410356,iOS
410357,Release
410358,Release
410359,Tooling
410360,Release
410361,Release
410362,Release
410363,Release
410364,Release
410365,Release
410366,Release
410367,Release
410368,Release
410369,Release
410370,Release
410371,Release
410372,Release
410373,Release
410374,Release
410375,Release
410376,Release
410377,Release
410378,Release
410379,Release
410380,Release
410381,Release
410382,Release
410383,iOS
410384,Android
410385,Android
410386,iOS
410387,iOS
410388,Windows Hybrid
410389,iOS
410391,iOS
410392,iOS
410393,CLI
410393,Android
410394,Android
410395,Android
410396,Android
410397,Android
410398,Windows Hybrid
410399,TiAPI
410400,MobileWeb
410401,MobileWeb
410402,Android
410403,iOS
410404,iOS
410405,Android
410406,CLI
410407,MobileWeb
410408,MobileWeb
410409,MobileWeb
410410,Android
410411,TiAPI
410412,Android
410413,Android
410414,iOS
410415,Android
410416,CLI
410416,iOS
410417,iOS
410419,LiveView
410420,Android
410421,MobileWeb
410422,iOS
410423,CLI
410423,iOS
410424,iOS
410425,iOS
410426,Android
410427,iOS
410428,Android
410429,Android
410430,iOS
410431,BlackBerry
410432,Android
410433,iOS
410434,Android
410435,Windows Hybrid
410437,Android
410438,iOS
410439,TiAPI
410440,TiAPI
410441,Android
410442,Android
410443,Windows Hybrid
410444,iOS
410445,Android
410446,iOS
410447,Android
410448,iOS
410449,Android
410450,iOS
410451,Android
410452,iOS
410453,CLI
410454,Android
410456,iOS
410457,iOS
410458,Android
410459,iOS
410460,Android
410461,iOS
410462,MobileWeb
410463,Android
410464,Android
410465,iOS
410466,iOS
410467,Android
410468,iOS
410469,iOS
410470,iOS
410471,Windows Hybrid
410472,Android
410473,CLI
410474,MobileWeb
410475,Android
410476,Android
410477,TiAPI
410478,iOS
410479,Tooling
410480,Android
410481,Android
410482,Code Processor
410483,Android
410483,TiAPI
410485,MobileWeb
410487,CLI
410488,Android
410491,iOS
410492,iOS
410493,TiAPI
410494,TiAPI
410495,MobileWeb
410496,Android
410497,Android
410498,CLI
410498,BlackBerry
410499,Windows Hybrid
410500,CLI
410500,Android
410501,CLI
410502,CLI
410503,iOS
410504,CLI
410505,CLI
410506,Windows Hybrid
410507,iOS
410508,Release
410509,Release
410510,Tooling
410511,Release
410512,Release
410513,Release
410514,Release
410515,Release
410516,Release
410517,Release
410518,Release
410519,Release
410520,Release
410521,Release
410522,Release
410523,Release
410524,Release
410525,Release
410526,Release
410527,Release
410528,Release
410529,Release
410530,Release
410531,Release
410532,Release
410533,Release
410534,LiveView
410535,Android
410537,MobileWeb
410538,MobileWeb
410539,iOS
410540,iOS
410541,Android
410542,TiAPI
410543,CLI
410543,Android
410544,Android
410545,Windows Hybrid
410546,iOS
410547,MobileWeb
410548,MobileWeb
410549,iOS
410549,MobileWeb
410550,Android
410551,Android
410552,Android
410554,CLI
410555,iOS
410556,Android
410557,CLI
410558,Android
410559,iOS
410560,Android
410561,iOS
410562,iOS
410563,CLI
410564,Android
410565,LiveView
410566,Android
410568,CLI
410569,Windows Hybrid
410570,iOS
410571,iOS
410572,iOS
410573,Android
410574,CLI
410575,Android
410576,CLI
410577,CLI
410577,Android
410578,iOS
410579,iOS
410580,iOS
410581,CLI
410581,Android
410582,Android
410583,Android
410584,iOS
410585,Android
410586,Android
410587,iOS
410588,iOS
410589,Android
410590,CLI
410591,Android
410592,CLI
410592,iOS
410593,iOS
410594,iOS
410595,Android
410596,iOS
410597,iOS
410598,Android
410599,iOS
410600,Cloud
410601,Android
410601,Code Processor
410602,Android
410603,360
410603,BlackBerry
410604,Android
410605,Android
410606,iOS
410607,CLI
410608,Android
410608,Code Processor
410609,Android
410610,TiAPI
410611,iOS
410612,CLI
410613,iOS
410614,Android
410615,Tooling
410616,iOS
410617,CLI
410618,CLI
410619,Android
410621,iOS
410622,iOS
410623,iOS
410624,iOS
410625,iOS
410626,iOS
410627,iOS
410628,Android
410629,Android
410630,Android
410631,Android
410632,iOS
410633,iOS
410634,iOS
410635,CLI
410636,iOS
410637,iOS
410638,Android
410639,Android
410640,CLI
410641,CLI
410642,iOS
410643,BlackBerry
410644,BlackBerry
410645,iOS
410646,Android
410647,iOS
410647,Android
410648,iOS
410649,Android
410650,Android
410651,TiAPI
410652,iOS
410653,Android
410654,TiAPI
410655,Android
410656,CLI
410657,CLI
410658,LiveView
410659,Tooling
410660,Android
410661,iOS
410662,CLI
410663,Core
410664,MobileWeb
410665,Android
410666,iOS
410667,iOS
410668,iOS
410670,iOS
410671,Android
410672,Android
410673,CLI
410673,Android
410674,CLI
410675,CLI
410676,Android
410677,iOS
410678,iOS
410679,Android
410680,Android
410681,Android
410682,Android
410683,Android
410684,MobileWeb
410688,Android
410689,iOS
410690,iOS
410691,Android
410692,CLI
410693,Android
410694,CLI
410694,Android
410695,CLI
410695,Android
410696,CLI
410696,Android
410697,CLI
410698,Android
410699,Android
410700,Android
410701,CLI
410702,Android
410703,iOS
410704,iOS
410705,Android
410706,Android
410707,TiAPI
410708,Android
410709,Android
410709,Tooling
410710,Android
410711,iOS
410712,Android
410713,CLI
410714,Android
410715,Android
410717,CLI
410717,iOS
410718,LiveView
410719,iOS
410720,MobileWeb
410721,BlackBerry
410722,iOS
410723,iOS
410724,Android
410725,CLI
410726,CLI
410727,Android
410728,LiveView
410729,CLI
410730,Android
410731,Android
410732,Android
410733,iOS
410734,iOS
410735,CLI
410736,BlackBerry
410737,LiveView
410738,CLI
410738,Android
410739,iOS
410740,iOS
410741,Android
410742,Android
410743,CLI
410743,Android
410744,CLI
410744,Android
410746,iOS
410747,iOS
410748,iOS
410749,iOS
410749,Hyperloop
410750,Android
410751,iOS
410752,Android
410753,iOS
410754,iOS
410755,Android
410756,iOS
410757,iOS
410758,Android
410759,iOS
410760,Android
410761,Android
410762,iOS
410763,iOS
410764,iOS
410765,Android
410766,iOS
410767,Android
410768,Android
410769,iOS
410770,iOS
410771,LiveView
410772,iOS
410773,Android
410774,iOS
410775,Android
410776,Android
410777,iOS
410778,Android
410779,Android
410780,iOS
410781,Android
410782,Android
410784,CLI
410786,TiAPI
410787,Android
410788,iOS
410789,Android
410790,Android
410791,iOS
410791,Android
410792,CLI
410792,Android
410793,LiveView
410794,CLI
410794,Android
410795,Android
410796,LiveView
410797,Android
410798,Android
410799,iOS
410800,iOS
410801,Tooling
410802,Android
410803,CLI
410804,CLI
410806,iOS
410807,Cloud
410808,CLI
410809,CLI
410812,iOS
410813,iOS
410814,Windows Hybrid
410815,CLI
410816,TiAPI
410817,MobileWeb
410818,MobileWeb
410819,Android
410820,iOS
410821,iOS
410822,CLI
410822,iOS
410823,Android
410824,iOS
410825,Release
410826,Release
410827,Tooling
410828,Release
410829,Release
410830,Release
410831,Release
410832,Release
410833,Release
410834,Release
410835,Release
410836,Release
410837,Release
410838,Release
410839,Release
410840,Release
410841,Release
410842,Release
410843,Release
410844,Release
410845,Release
410846,Release
410847,Release
410848,Release
410849,Release
410850,Release
410851,CLI
410851,Android
410853,Anvil
410854,Tooling
410855,Tooling
410856,iOS
410857,Android
410858,iOS
410859,Android
410860,Android
410861,Android
410862,CLI
410862,Android
410863,Android
410864,iOS
410864,Android
410865,Android
410866,Android
410867,iOS
410868,BlackBerry
410869,Android
410870,Android
410870,Anvil
410871,TiAPI
410872,iOS
410873,MobileWeb
410874,CLI
410875,Android
410876,Android
410877,iOS
410878,LiveView
410879,iOS
410879,Hyperloop
410880,Code Processor
410881,iOS
410882,Android
410882,Hyperloop
410883,Hyperloop
410883,Windows
410884,CLI
410885,CLI
410886,Android
410887,iOS
410888,Code Processor
410889,iOS
410890,Release
410891,CLI
410892,CLI
410893,CLI
410894,CLI
410895,CLI
410895,Code Processor
410896,BlackBerry
410897,BlackBerry
410898,Tooling
410899,Android
410900,Android
410900,LiveView
410901,Tizen
410902,Tizen
410903,Tizen
410904,CLI
410904,Android
410905,Android
410906,Android
410907,Tooling
410908,Android
410909,iOS
410910,CLI
410910,iOS
410911,iOS
410912,Android
410913,iOS
410914,iOS
410915,iOS
410916,Tizen
410917,Android
410918,iOS
410919,CLI
410920,iOS
410921,iOS
410923,Android
410924,Android
410925,Android
410926,iOS
410927,Android
410928,Android
410929,iOS
410930,iOS
410931,BlackBerry
410932,BlackBerry
410933,Android
410934,Android
410935,Tizen
410936,CLI
410937,Android
410938,Android
410939,iOS
410940,Android
410941,iOS
410942,CLI
410942,iOS
410943,iOS
410944,Android
410945,iOS
410946,Android
410947,Android
410948,iOS
410949,Android
410950,CLI
410951,iOS
410952,MobileWeb
410953,Android
410954,Android
410955,iOS
410957,BlackBerry
410959,Android
410960,iOS
410961,Android
410962,iOS
410963,iOS
410964,iOS
410965,Android
410966,iOS
410967,Android
410968,iOS
410969,Android
410970,CLI
410970,Android
410971,Android
410972,Android
410973,iOS
410974,iOS
410975,Android
410976,Android
410977,CLI
410978,Android
410979,CLI
410980,MobileWeb
410981,TiAPI
410982,CLI
410982,Android
410983,Android
410984,Android
410985,iOS
410985,Android
410986,Windows Hybrid
410987,Android
410988,Android
410988,Tooling
410990,iOS
410991,iOS
410994,iOS
410995,iOS
410996,MobileWeb
410997,iOS
410998,Android
410999,iOS
411000,iOS
411001,Android
411002,iOS
411003,Tooling
411004,CLI
411005,CLI
411005,iOS
411006,CLI
411006,Android
411007,Release
411008,Android
411010,Android
411011,Android
411011,MobileWeb
411012,iOS
411013,iOS
411014,Android
411015,iOS
411016,Android
411017,iOS
411018,CLI
411018,Android
411019,Android
411020,Android
411021,Android
411022,iOS
411023,CLI
411024,Android
411025,CLI
411025,Android
411026,MobileWeb
411027,CLI
411027,Android
411028,CLI
411028,Android
411029,iOS
411029,MobileWeb
411030,iOS
411030,Android
411030,MobileWeb
411030,BlackBerry
411031,iOS
411031,MobileWeb
411032,CLI
411033,Android
411034,iOS
411035,Android
411036,Android
411038,Android
411039,CLI
411040,Core
411041,CLI
411042,Android
411043,MobileWeb
411044,CLI
411045,MobileWeb
411046,Android
411047,MobileWeb
411048,iOS
411049,MobileWeb
411050,Cloud
411051,MobileWeb
411052,Android
411053,iOS
411054,Android
411055,Android
411056,Android
411057,iOS
411058,iOS
411059,Core
411060,CLI
411061,CLI
411062,Android
411063,Android
411065,iOS
411066,iOS
411067,Android
411069,Android
411070,Android
411071,iOS
411072,iOS
411073,Android
411074,Android
411075,iOS
411076,iOS
411077,Android
411078,Android
411079,iOS
411080,Android
411081,iOS
411082,iOS
411083,iOS
411084,CLI
411085,iOS
411086,Android
411087,Android
411088,Android
411089,iOS
411090,Android
411091,Android
411092,iOS
411093,CLI
411093,Code Processor
411094,Android
411095,Android
411096,CLI
411096,Android
411097,CLI
411098,CLI
411098,iOS
411099,CLI
411100,Anvil
411101,Tooling
411102,Android
411102,Anvil
411103,CLI
411105,CLI
411105,iOS
411106,CLI
411106,iOS
411107,CLI
411108,LiveView
411109,CLI
411110,Android
411111,Android
411112,iOS
411113,CLI
411114,Tizen
411115,Android
411116,CLI
411116,Android
411117,iOS
411117,Tooling
411118,iOS
411119,BlackBerry
411120,CLI
411120,Tooling
411121,iOS
411121,Tooling
411122,CLI
411122,iOS
411123,Android
411124,CLI
411125,Code Processor
411126,iOS
411127,iOS
411127,Android
411128,CLI
411129,iOS
411130,Android
411131,iOS
411132,Android
411133,iOS
411133,Anvil
411134,Android
411135,CLI
411136,iOS
411137,iOS
411137,Android
411138,iOS
411139,Tooling
411140,CLI
411141,CLI
411142,CLI
411143,iOS
411143,Android
411144,CLI
411144,iOS
411145,iOS
411145,Android
411146,Android
411147,iOS
411147,Tooling
411148,iOS
411149,CLI
411150,CLI
411151,iOS
411151,Tooling
411152,Android
411153,iOS
411154,MobileWeb
411155,CLI
411155,iOS
411156,BlackBerry
411157,CLI
411158,CLI
411159,iOS
411160,Android
411161,Cloud
411162,Android
411163,Android
411164,CLI
411165,iOS
411166,CLI
411167,iOS
411168,CLI
411169,CLI
411170,Anvil
411171,MobileWeb
411172,iOS
411173,MobileWeb
411174,iOS
411175,Android
411176,CLI
411176,Android
411177,Android
411178,CLI
411178,Android
411179,TiAPI
411180,Android
411181,iOS
411182,iOS
411183,Android
411184,CLI
411184,iOS
411185,iOS
411186,TiAPI
411187,iOS
411188,Android
411189,Android
411190,Android
411191,iOS
411192,Android
411193,Android
411194,iOS
411195,Android
411196,iOS
411197,iOS
411198,Android
411199,iOS
411200,iOS
411201,Android
411202,iOS
411203,Android
411204,Tizen
411205,iOS
411206,Android
411207,Android
411208,iOS
411209,CLI
411209,iOS
411210,iOS
411210,Tooling
411211,CLI
411212,Tizen
411213,BlackBerry
411214,CLI
411214,iOS
411215,iOS
411216,Tizen
411217,iOS
411218,Android
411219,iOS
411220,Android
411221,iOS
411222,iOS
411223,iOS
411223,Tooling
411224,Android
411225,Tooling
411225,Tizen
411226,Android
411227,CLI
411228,Android
411229,iOS
411230,Android
411231,Android
411233,iOS
411234,CLI
411234,iOS
411235,CLI
411236,iOS
411237,iOS
411238,Android
411239,CLI
411239,iOS
411240,Android
411241,Android
411242,Android
411243,iOS
411244,CLI
411245,CLI
411246,Android
411247,iOS
411248,Android
411249,Cloud
411250,Cloud
411251,iOS
411252,Android
411253,Hyperloop
411254,Android
411255,Android
411256,MobileWeb
411257,CLI
411257,Tooling
411258,iOS
411259,Android
411260,iOS
411261,iOS
411262,iOS
411263,iOS
411264,iOS
411265,iOS
411266,MobileWeb
411267,iOS
411269,iOS
411270,Android
411271,iOS
411272,BlackBerry
411273,iOS
411274,Android
411275,iOS
411276,iOS
411277,Android
411278,Android
411279,Tizen
411280,BlackBerry
411281,MobileWeb
411282,Android
411283,iOS
411283,Android
411283,MobileWeb
411284,iOS
411285,Android
411286,iOS
411287,CLI
411288,Android
411289,iOS
411290,Android
411291,iOS
411292,iOS
411293,Android
411294,BlackBerry
411295,iOS
411296,Android
411297,Android
411298,iOS
411299,iOS
411300,iOS
411301,iOS
411302,Android
411303,MobileWeb
411304,Android
411305,Android
411306,iOS
411307,BlackBerry
411308,iOS
411309,iOS
411310,Android
411311,Android
411312,iOS
411313,Android
411314,Android
411315,Android
411316,iOS
411317,TiAPI
411318,Android
411319,LiveView
411320,MobileWeb
411321,CLI
411322,Android
411323,iOS
411324,iOS
411325,BlackBerry
411326,Tizen
411327,iOS
411328,iOS
411329,iOS
411330,iOS
411331,iOS
411332,MobileWeb
411333,Android
411334,iOS
411335,CLI
411335,Android
411336,Android
411337,iOS
411338,Android
411339,iOS
411340,BlackBerry
411341,Android
411342,iOS
411343,iOS
411344,CLI
411345,iOS
411346,iOS
411348,iOS
411349,iOS
411350,Android
411351,iOS
411352,iOS
411353,BlackBerry
411354,CLI
411354,iOS
411355,iOS
411356,iOS
411357,iOS
411358,CLI
411359,Android
411360,Android
411361,Android
411362,Android
411363,Cloud
411364,CLI
411365,CLI
411365,iOS
411366,iOS
411367,iOS
411368,MobileWeb
411369,iOS
411370,Android
411371,iOS
411372,CLI
411372,Tooling
411373,iOS
411374,Android
411375,iOS
411376,CLI
411377,Code Processor
411378,iOS
411378,Android
411378,MobileWeb
411379,Android
411380,LiveView
411381,MobileWeb
411382,iOS
411383,iOS
411384,Android
411385,iOS
411387,iOS
411388,iOS
411389,iOS
411391,Android
411392,iOS
411396,iOS
411397,iOS
411398,iOS
411399,iOS
411400,iOS
411401,iOS
411402,iOS
411403,Android
411404,iOS
411405,iOS
411406,Android
411407,iOS
411408,Android
411409,iOS
411410,Android
411411,iOS
411412,Android
411413,iOS
411414,iOS
411415,Android
411416,Android
411417,iOS
411418,Android
411419,CLI
411420,Android
411421,Android
411422,Android
411423,Android
411425,BlackBerry
411426,iOS
411426,Core
411427,Android
411428,Code Processor
411429,Code Processor
411430,Code Processor
411431,iOS
411432,Code Processor
411433,iOS
411434,Android
411435,Android
411436,Android
411437,iOS
411439,CLI
411439,Android
411440,Android
411440,Tooling
411441,CLI
411441,Android
411441,Tooling
411442,iOS
411443,Android
411444,iOS
411445,Android
411446,iOS
411447,iOS
411448,iOS
411449,Code Processor
411450,iOS
411451,iOS
411452,iOS
411453,iOS
411454,iOS
411455,iOS
411456,iOS
411457,iOS
411458,Android
411459,iOS
411460,MobileWeb
411461,iOS
411462,iOS
411463,Android
411464,iOS
411465,iOS
411466,Android
411467,Android
411468,Android
411469,Android
411470,Android
411471,iOS
411472,Android
411473,Android
411474,Android
411475,Android
411476,Code Processor
411477,BlackBerry
411478,iOS
411479,BlackBerry
411480,BlackBerry
411481,BlackBerry
411482,iOS
411483,Android
411484,Android
411485,Android
411486,Android
411487,Android
411488,iOS
411489,Android
411490,CLI
411490,iOS
411491,Android
411492,iOS
411493,Release
411494,Release
411495,Release
411496,Tooling
411497,Release
411498,Release
411499,Release
411500,Release
411501,Release
411502,Release
411503,Release
411504,Release
411505,Release
411506,Release
411507,Release
411508,Release
411509,Release
411510,Release
411511,Release
411512,Release
411513,Release
411514,Release
411515,Release
411516,Release
411517,Release
411518,Release
411519,Release
411520,iOS
411521,iOS
411522,iOS
411523,Android
411524,Android
411525,iOS
411526,Android
411527,iOS
411528,iOS
411529,iOS
411530,iOS
411531,iOS
411532,iOS
411533,Android
411534,iOS
411535,CLI
411536,iOS
411537,BlackBerry
411538,iOS
411539,BlackBerry
411540,iOS
411541,iOS
411542,iOS
411543,iOS
411544,iOS
411545,iOS
411546,iOS
411547,iOS
411548,iOS
411549,iOS
411550,CLI
411550,iOS
411551,Android
411552,iOS
411553,iOS
411554,Android
411555,iOS
411556,iOS
411557,iOS
411558,iOS
411559,iOS
411560,Android
411561,iOS
411562,iOS
411563,Android
411564,LiveView
411565,CLI
411565,iOS
411566,Android
411566,Cloud
411567,iOS
411568,iOS
411568,Core
411569,CLI
411569,iOS
411570,CLI
411570,iOS
411571,Android
411572,iOS
411573,iOS
411574,iOS
411575,Android
411576,Tooling
411577,Android
411579,Android
411580,Android
411581,Android
411583,Android
411584,iOS
411585,Android
411586,Android
411587,Android
411588,Android
411589,iOS
411590,Android
411591,iOS
411592,Android
411593,TiAPI
411594,iOS
411595,Tizen
411596,iOS
411597,iOS
411598,iOS
411599,iOS
411600,iOS
411601,iOS
411602,iOS
411604,iOS
411605,iOS
411606,iOS
411607,iOS
411608,iOS
411609,Android
411611,iOS
411612,iOS
411613,CLI
411613,iOS
411614,iOS
411615,iOS
411616,iOS
411617,Android
411618,Android
411619,iOS
411620,iOS
411621,iOS
411622,Android
411623,iOS
411624,Tooling
411625,iOS
411626,Android
411627,BlackBerry
411628,iOS
411629,iOS
411630,iOS
411631,iOS
411632,Code Processor
411633,iOS
411634,iOS
411635,BlackBerry
411636,MobileWeb
411637,MobileWeb
411638,iOS
411639,Android
411640,CLI
411641,Android
411642,Android
411643,iOS
411644,Android
411645,Code Processor
411646,Android
411647,Android
411648,Android
411649,Code Processor
411650,Code Processor
411651,Code Processor
411652,iOS
411653,LiveView
411654,iOS
411656,iOS
411657,Android
411658,iOS
411659,iOS
411660,iOS
411661,iOS
411662,iOS
411663,iOS
411664,iOS
411665,iOS
411666,CLI
411667,Android
411668,Code Processor
411669,Code Processor
411670,iOS
411671,TiAPI
411672,iOS
411673,CLI
411673,Android
411673,Tooling
411674,Android
411675,iOS
411676,Android
411676,Tooling
411677,Android
411677,Tooling
411678,Android
411678,Tooling
411679,Android
411679,Tooling
411680,Android
411680,Tooling
411681,Android
411681,Tooling
411682,Android
411682,Tooling
411683,Android
411683,Tooling
411684,Android
411684,Tooling
411685,iOS
411686,iOS
411687,Android
411688,iOS
411689,iOS
411690,CLI
411691,iOS
411692,Android
411693,CLI
411694,CLI
411695,Android
411695,LiveView
411696,CLI
411697,CLI
411697,iOS
411697,LiveView
411698,BlackBerry
411699,iOS
411700,iOS
411701,iOS
411702,Android
411703,Android
411704,CLI
411705,iOS
411706,iOS
411707,iOS
411708,Android
411709,Android
411710,iOS
411711,iOS
411712,iOS
411713,Android
411714,Android
411715,CLI
411716,Code Processor
411717,MobileWeb
411718,iOS
411719,iOS
411720,Android
411721,iOS
411722,MobileWeb
411723,Code Processor
411724,iOS
411725,Android
411726,Code Processor
411727,Android
411728,Android
411729,Android
411730,iOS
411731,Android
411732,Android
411733,Android
411734,iOS
411735,iOS
411736,Android
411737,iOS
411738,LiveView
411739,Android
411740,Core
411741,iOS
411742,Android
411743,iOS
411744,Android
411745,Android
411746,Android
411747,iOS
411748,CLI
411749,iOS
411750,Android
411751,CLI
411752,iOS
411753,iOS
411754,iOS
411755,Android
411756,iOS
411757,iOS
411757,Android
411758,CLI
411759,Android
411760,iOS
411761,Android
411762,CLI
411762,iOS
411763,LiveView
411764,Android
411765,Android
411766,iOS
411766,Android
411767,Android
411768,Code Processor
411769,Code Processor
411770,iOS
411771,Android
411772,Android
411773,iOS
411774,iOS
411775,iOS
411776,Android
411777,BlackBerry
411778,Android
411779,iOS
411779,Android
411780,Core
411781,iOS
411782,MobileWeb
411783,Android
411784,iOS
411785,Android
411786,BlackBerry
411787,BlackBerry
411788,LiveView
411789,Release
411790,Release
411791,Release
411792,Tooling
411793,Release
411794,Release
411795,Release
411796,Release
411797,Release
411798,Release
411799,Release
411800,Release
411801,Release
411802,Release
411803,Release
411804,Release
411805,Release
411806,Release
411807,Release
411808,Release
411809,Release
411810,Release
411811,Release
411812,Release
411813,Release
411814,Release
411815,Release
411816,LiveView
411817,Android
411817,Templates
411818,iOS
411818,Android
411819,BlackBerry
411820,BlackBerry
411821,BlackBerry
411822,BlackBerry
411823,iOS
411824,Core
411825,iOS
411826,iOS
411827,TiAPI
411828,iOS
411829,Android
411830,Android
411831,CLI
411832,Android
411832,Tooling
411833,Android
411833,Tooling
411834,Android
411834,Tooling
411835,Android
411835,Tooling
411836,BlackBerry
411838,BlackBerry
411839,iOS
411840,MobileWeb
411841,Android
411842,Android
411843,Android
411844,Android
411845,Android
411846,Android
411847,Android
411848,BlackBerry
411849,Android
411850,Android
411851,BlackBerry
411852,Android
411853,Android
411854,iOS
411855,CLI
411855,Tooling
411856,Android
411857,Android
411858,Android
411859,Tooling
411860,CLI
411861,CLI
411862,MobileWeb
411863,Android
411864,Android
411865,Android
411866,iOS
411867,iOS
411868,Android
411869,iOS
411869,Android
411870,Android
411871,BlackBerry
411872,Tizen
411873,BlackBerry
411874,Android
411875,BlackBerry
411876,CLI
411876,Android
411877,CLI
411877,iOS
411878,Tizen
411879,iOS
411880,iOS
411881,iOS
411882,BlackBerry
411883,Tizen
411884,Android
411885,iOS
411885,Android
411886,BlackBerry
411887,BlackBerry
411888,BlackBerry
411889,BlackBerry
411890,iOS
411890,Android
411891,iOS
411891,Android
411892,iOS
411892,Android
411893,iOS
411893,BlackBerry
411894,LiveView
411895,iOS
411895,Android
411896,BlackBerry
411897,CLI
411897,Android
411897,Tooling
411898,CLI
411898,Android
411898,Tooling
411899,TiAPI
411900,LiveView
411901,iOS
411901,Tooling
411902,iOS
411903,Android
411904,Android
411905,Android
411906,BlackBerry
411907,iOS
411908,BlackBerry
411909,BlackBerry
411910,BlackBerry
411911,Android
411912,BlackBerry
411913,BlackBerry
411914,CLI
411915,BlackBerry
411916,BlackBerry
411917,Android
411917,TiAPI
411918,BlackBerry
411920,BlackBerry
411921,Android
411922,iOS
411922,Android
411923,iOS
411923,Android
411924,Android
411925,iOS
411925,Android
411926,iOS
411926,Android
411927,Android
411928,BlackBerry
411929,BlackBerry
411930,BlackBerry
411931,Android
411932,Android
411932,Tooling
411933,MobileWeb
411934,MobileWeb
411935,iOS
411936,iOS
411936,Android
411937,Android
411938,iOS
411939,CLI
411940,Android
411942,LiveView
411943,LiveView
411944,BlackBerry
411945,Cloud
411946,BlackBerry
411947,iOS
411947,Android
411948,LiveView
411949,Android
411949,Tooling
411950,LiveView
411951,Android
411953,LiveView
411954,BlackBerry
411955,Android
411956,CLI
411956,iOS
411957,MobileWeb
411958,Android
411959,iOS
411960,iOS
411961,iOS
411962,iOS
411963,iOS
411964,iOS
411965,Templates
411966,Android
411967,iOS
411968,iOS
411969,iOS
411970,Android
411971,Android
411972,Android
411973,iOS
411974,MobileWeb
411975,Android
411977,iOS
411977,Tooling
411978,CLI
411978,iOS
411980,Hyperloop
411981,Hyperloop
411982,Hyperloop
411983,Hyperloop
411984,iOS
411985,BlackBerry
411986,Android
411986,Tooling
411987,iOS
411988,iOS
411989,CLI
411990,LiveView
411991,Core
411992,LiveView
411993,LiveView
411994,LiveView
411995,iOS
411996,Android
411997,BlackBerry
411998,TiAPI
411999,TiAPI
412000,Android
412001,iOS
412002,TiAPI
412003,MobileWeb
412004,iOS
412005,Android
412006,Android
412007,Android
412008,iOS
412010,iOS
412011,Android
412012,iOS
412013,iOS
412014,Android
412015,Android
412016,iOS
412017,iOS
412018,iOS
412019,Android
412020,iOS
412021,iOS
412022,iOS
412023,MobileWeb
412024,BlackBerry
412025,Android
412026,Android
412027,iOS
412028,iOS
412029,iOS
412030,Android
412031,iOS
412032,iOS
412033,iOS
412034,iOS
412035,iOS
412036,Android
412037,Android
412038,Android
412039,Tooling
412040,iOS
412042,BlackBerry
412043,Android
412044,Android
412045,iOS
412047,iOS
412048,iOS
412049,Android
412050,Android
412051,Android
412052,Code Processor
412053,LiveView
412054,CLI
412054,Tooling
412055,Android
412056,iOS
412057,LiveView
412058,Android
412059,iOS
412060,Core
412061,Android
412062,iOS
412062,LiveView
412063,LiveView
412064,Android
412066,iOS
412067,iOS
412068,iOS
412069,Android
412070,Android
412071,iOS
412072,iOS
412073,iOS
412074,iOS
412075,iOS
412076,iOS
412077,Android
412079,Android
412080,Android
412081,Core
412082,iOS
412083,iOS
412084,iOS
412085,iOS
412086,iOS
412087,BlackBerry
412088,iOS
412089,iOS
412090,iOS
412091,iOS
412092,iOS
412093,BlackBerry
412094,iOS
412095,BlackBerry
412096,iOS
412097,BlackBerry
412098,iOS
412099,Android
412100,iOS
412101,iOS
412102,MobileWeb
412103,iOS
412104,iOS
412105,iOS
412106,iOS
412107,iOS
412108,Cloud
412109,Tooling
412110,iOS
412111,iOS
412112,iOS
412113,iOS
412114,iOS
412115,BlackBerry
412116,BlackBerry
412117,iOS
412118,iOS
412119,iOS
412120,iOS
412121,iOS
412122,iOS
412123,iOS
412125,iOS
412126,iOS
412129,iOS
412130,iOS
412131,LiveView
412132,Android
412133,iOS
412134,iOS
412135,iOS
412136,iOS
412137,MobileWeb
412138,MobileWeb
412139,iOS
412140,Core
412141,Android
412143,iOS
412144,iOS
412145,iOS
412146,iOS
412147,iOS
412148,iOS
412149,Android
412150,Tooling
412151,iOS
412152,iOS
412153,Android
412154,iOS
412155,Android
412156,iOS
412157,iOS
412158,iOS
412159,Android
412160,iOS
412161,CLI
412162,CLI
412163,iOS
412164,iOS
412165,Android
412167,iOS
412168,iOS
412169,Android
412170,BlackBerry
412171,iOS
412172,Android
412173,iOS
412175,iOS
412176,Android
412177,iOS
412178,Android
412179,iOS
412180,iOS
412181,TiAPI
412182,iOS
412183,LiveView
412184,Android
412185,BlackBerry
412186,Android
412187,iOS
412188,BlackBerry
412189,Android
412190,iOS
412191,BlackBerry
412192,iOS
412193,iOS
412194,iOS
412195,iOS
412196,iOS
412198,iOS
412199,BlackBerry
412200,iOS
412201,Android
412202,iOS
412203,iOS
412204,iOS
412205,iOS
412206,iOS
412207,iOS
412208,Android
412209,iOS
412210,Android
412210,Tooling
412211,iOS
412212,Android
412213,iOS
412214,Specification
412215,TiAPI
412216,iOS
412217,iOS
412218,iOS
412219,Android
412221,iOS
412223,iOS
412224,BlackBerry
412225,iOS
412226,iOS
412227,iOS
412228,Android
412229,iOS
412230,iOS
412231,MobileWeb
412232,iOS
412233,iOS
412234,iOS
412235,Android
412236,iOS
412237,iOS
412239,iOS
412240,iOS
412241,Android
412242,iOS
412243,iOS
412244,LiveView
412245,iOS
412246,iOS
412247,iOS
412248,iOS
412249,iOS
412250,iOS
412251,360
412252,iOS
412253,Android
412254,iOS
412255,Android
412256,LiveView
412257,Code Processor
412260,LiveView
412261,LiveView
412262,Code Processor
412263,iOS
412264,LiveView
412265,iOS
412266,Android
412267,MobileWeb
412268,BlackBerry
412269,BlackBerry
412270,MobileWeb
412271,Code Processor
412272,BlackBerry
412273,Android
412274,Android
412275,iOS
412276,Android
412277,Android
412277,Tooling
412278,Android
412279,iOS
412280,iOS
412281,iOS
412282,iOS
412283,iOS
412284,iOS
412285,Code Processor
412286,LiveView
412287,Android
412288,LiveView
412289,Android
412290,Android
412291,Android
412292,Tizen
412293,iOS
412294,BlackBerry
412295,MobileWeb
412296,Android
412297,iOS
412298,Android
412299,Android
412300,iOS
412301,Android
412302,iOS
412303,Android
412305,Tooling
412306,BlackBerry
412307,BlackBerry
412308,iOS
412309,iOS
412310,LiveView
412311,Android
412312,Android
412313,Android
412314,Tizen
412316,iOS
412317,Code Processor
412318,Code Processor
412319,BlackBerry
412320,Tooling
412321,LiveView
412322,BlackBerry
412323,Code Processor
412324,Code Processor
412325,iOS
412326,Android
412327,Android
412328,Android
412329,CLI
412330,Android
412331,Android
412332,Android
412332,Tooling
412333,BlackBerry
412334,BlackBerry
412336,TiAPI
412337,LiveView
412339,iOS
412340,iOS
412341,BlackBerry
412342,Android
412343,iOS
412344,iOS
412345,iOS
412346,Android
412347,Android
412348,Code Processor
412349,iOS
412350,BlackBerry
412351,BlackBerry
412352,BlackBerry
412353,iOS
412354,BlackBerry
412355,Core
412356,BlackBerry
412357,MobileWeb
412358,Android
412359,CLI
412359,iOS
412359,Tooling
412360,Android
412361,Android
412362,Android
412363,Android
412364,Code Processor
412365,Code Processor
412366,BlackBerry
412367,Android
412368,BlackBerry
412369,Android
412370,Android
412371,Android
412372,BlackBerry
412373,Android
412374,Android
412376,MobileWeb
412377,iOS
412378,360
412378,Cloud
412379,Android
412380,BlackBerry
412381,BlackBerry
412382,BlackBerry
412383,iOS
412384,Android
412385,BlackBerry
412386,BlackBerry
412387,BlackBerry
412388,Tooling
412389,Android
412390,iOS
412392,CLI
412392,iOS
412392,LiveView
412393,Android
412394,BlackBerry
412395,Code Processor
412396,BlackBerry
412397,iOS
412398,iOS
412399,iOS
412400,MobileWeb
412401,Tooling
412402,TiAPI
412403,TiAPI
412404,BlackBerry
412405,BlackBerry
412406,BlackBerry
412408,Android
412409,Android
412410,iOS
412411,Android
412412,CLI
412413,Android
412414,Android
412415,CLI
412417,iOS
412418,CLI
412419,CLI
412420,Android
412421,BlackBerry
412422,iOS
412423,Android
412424,Android
412425,iOS
412426,BlackBerry
412427,Android
412428,Android
412429,Code Processor
412430,Android
412430,Tooling
412431,Code Processor
412432,Android
412433,iOS
412434,Release
412435,Release
412436,Tooling
412437,Release
412438,Release
412439,Release
412440,Release
412441,Release
412442,Release
412443,Release
412444,Release
412445,Release
412446,Release
412447,Release
412448,Release
412449,Release
412450,Release
412451,Release
412452,Release
412453,Release
412454,Release
412455,Release
412456,Release
412457,Release
412458,Release
412459,Release
412460,Release
412461,CLI
412462,Windows Hybrid
412462,MobileWeb
412463,Android
412464,iOS
412464,Android
412465,iOS
412466,BlackBerry
412468,iOS
412469,Android
412470,iOS
412471,Code Processor
412472,BlackBerry
412473,Android
412474,BlackBerry
412475,MobileWeb
412476,Android
412477,Android
412478,Android
412479,BlackBerry
412480,Android
412481,CLI
412482,Android
412483,iOS
412484,Android
412486,LiveView
412487,Android
412488,iOS
412489,TiAPI
412490,Android
412491,iOS
412492,Android
412493,iOS
412494,Android
412495,Code Processor
412496,iOS
412497,Code Processor
412498,CLI
412498,iOS
412499,Android
412499,Tooling
412500,iOS
412501,Android
412502,Android
412503,Android
412504,iOS
412505,iOS
412506,iOS
412506,Android
412507,Code Processor
412508,Android
412508,Tooling
412509,CLI
412509,Android
412510,iOS
412510,Android
412510,Core
412511,BlackBerry
412512,Code Processor
412513,Code Processor
412514,Specification
412515,BlackBerry
412516,Core
412517,Android
412518,BlackBerry
412519,Code Processor
412520,Windows
412521,Windows
412522,iOS
412523,iOS
412524,Android
412525,Android
412526,BlackBerry
412527,BlackBerry
412529,iOS
412529,Android
412530,iOS
412530,Android
412531,iOS
412531,Android
412532,Android
412533,Android
412534,iOS
412535,BlackBerry
412536,BlackBerry
412537,iOS
412537,Android
412538,iOS
412538,Android
412539,Android
412540,CLI
412540,Tooling
412542,Code Processor
412543,iOS
412544,Code Processor
412545,BlackBerry
412546,Android
412547,Android
412548,Android
412549,MobileWeb
412550,Code Processor
412552,Android
412553,iOS
412554,Android
412555,Android
412556,BlackBerry
412557,Android
412558,CLI
412559,Android
412560,CLI
412561,Code Processor
412563,MobileWeb
412564,iOS
412565,BlackBerry
412566,iOS
412567,Android
412568,iOS
412569,MobileWeb
412570,iOS
412571,Android
412572,iOS
412573,Android
412574,Android
412575,iOS
412576,iOS
412577,iOS
412579,iOS
412580,iOS
412581,iOS
412582,Android
412583,Code Processor
412584,CLI
412584,iOS
412584,LiveView
412585,BlackBerry
412586,Android
412587,BlackBerry
412588,BlackBerry
412589,Android
412590,Android
412591,CLI
412592,Android
412593,BlackBerry
412594,iOS
412594,LiveView
412596,Android
412597,iOS
412598,CLI
412599,Code Processor
412600,iOS
412602,BlackBerry
412603,BlackBerry
412604,iOS
412606,Core
412607,Android
412608,Android
412608,LiveView
412609,LiveView
412610,LiveView
412611,Android
412612,CLI
412613,LiveView
412614,MobileWeb
412615,Android
412616,Android
412617,CLI
412618,Code Processor
412619,BlackBerry
412620,MobileWeb
412621,Code Processor
412622,iOS
412623,BlackBerry
412624,BlackBerry
412625,BlackBerry
412626,CLI
412627,BlackBerry
412628,iOS
412629,MobileWeb
412630,BlackBerry
412631,CLI
412632,BlackBerry
412633,BlackBerry
412634,LiveView
412635,BlackBerry
412636,Android
412637,MobileWeb
412638,CLI
412638,Android
412639,Android
412640,Code Processor
412641,iOS
412642,CLI
412643,Android
412644,Android
412645,BlackBerry
412646,Code Processor
412647,Code Processor
412648,MobileWeb
412649,Android
412649,Core
412650,Android
412651,BlackBerry
412652,iOS
412653,CLI
412654,MobileWeb
412655,Android
412656,LiveView
412657,TiAPI
412658,TiAPI
412659,LiveView
412660,MobileWeb
412661,MobileWeb
412662,Android
412663,MobileWeb
412664,Android
412665,CLI
412666,Android
412667,Android
412668,LiveView
412669,Android
412670,Android
412671,Android
412672,Android
412673,Android
412674,Android
412675,CLI
412676,LiveView
412677,Android
412678,Android
412679,iOS
412680,LiveView
412681,Android
412682,iOS
412683,LiveView
412684,MobileWeb
412685,Android
412686,LiveView
412687,LiveView
412688,LiveView
412690,iOS
412690,Android
412690,Core
412691,MobileWeb
412692,Android
412693,iOS
412694,Android
412695,Android
412696,Tooling
412697,Android
412698,CLI
412699,CLI
412700,Android
412701,Code Processor
412702,Android
412703,Android
412704,Android
412705,Android
412706,Android
412707,Android
412708,Android
412709,Android
412710,Android
412711,Android
412712,Android
412713,Android
412714,Android
412715,Android
412716,CLI
412717,Android
412718,Android
412719,MobileWeb
412720,Android
412720,Tooling
412721,iOS
412722,BlackBerry
412723,Core
412724,CLI
412725,Core
412726,Android
412727,Android
412728,Android
412729,Android
412730,Android
412731,Code Processor
412732,Android
412733,iOS
412734,Android
412735,Android
412736,iOS
412737,Android
412738,Code Processor
412739,LiveView
412740,Android
412741,Android
412742,LiveView
412743,Android
412744,CLI
412745,CLI
412746,iOS
412747,iOS
412747,TiAPI
412748,Android
412749,CLI
412750,iOS
412751,iOS
412752,iOS
412753,iOS
412754,iOS
412755,LiveView
412756,CLI
412757,Android
412758,LiveView
412759,BlackBerry
412760,CLI
412761,LiveView
412763,iOS
412764,LiveView
412765,LiveView
412766,Tooling
412767,CLI
412768,iOS
412768,Android
412768,Core
412769,iOS
412770,Android
412772,CLI
412772,iOS
412773,Android
412774,BlackBerry
412775,iOS
412776,iOS
412777,BlackBerry
412778,CLI
412779,CLI
412780,CLI
412781,Android
412782,MobileWeb
412783,MobileWeb
412784,Android
412785,BlackBerry
412786,CLI
412786,iOS
412787,iOS
412788,Android
412789,BlackBerry
412790,iOS
412791,BlackBerry
412792,CLI
412793,CLI
412794,iOS
412795,BlackBerry
412796,BlackBerry
412797,Android
412798,Android
412799,CLI
412800,BlackBerry
412801,CLI
412802,Android
412802,Core
412803,iOS
412804,iOS
412805,CLI
412806,Android
412807,LiveView
412808,BlackBerry
412809,CLI
412810,Release
412811,Tizen
412812,CLI
412813,CLI
412814,LiveView
412815,iOS
412816,CLI
412817,Android
412818,Tooling
412819,MobileWeb
412820,Code Processor
412821,iOS
412822,Android
412822,Tooling
412823,CLI
412824,iOS
412825,Code Processor
412826,Code Processor
412827,Android
412828,Core
412829,BlackBerry
412830,Windows
412831,Android
412832,iOS
412833,Android
412834,Android
412835,iOS
412836,MobileWeb
412837,LiveView
412838,CLI
412838,LiveView
412839,CLI
412840,BlackBerry
412841,iOS
412842,Tizen
412843,Android
412844,Core
412845,Android
412846,Android
412847,Android
412848,Android
412848,Tooling
412849,Android
412850,CLI
412851,Android
412852,Android
412853,BlackBerry
412854,CLI
412855,Android
412856,BlackBerry
412857,Android
412858,iOS
412859,iOS
412860,TiAPI
412861,iOS
412862,BlackBerry
412863,iOS
412864,Android
412865,Android
412866,Android
412866,Tooling
412867,BlackBerry
412868,MobileWeb
412869,Android
412871,Android
412872,iOS
412873,BlackBerry
412874,CLI
412876,Core
412877,CLI
412878,BlackBerry
412879,Android
412880,Code Processor
412881,iOS
412882,Code Processor
412883,iOS
412884,Android
412885,iOS
412886,iOS
412887,Android
412888,Android
412889,BlackBerry
412890,BlackBerry
412891,Code Processor
412892,BlackBerry
412894,BlackBerry
412895,iOS
412896,Android
412896,Tooling
412897,Android
412897,Tooling
412898,iOS
412899,iOS
412900,BlackBerry
412901,iOS
412902,iOS
412903,iOS
412904,Release
412905,Release
412906,Tooling
412907,Release
412908,Release
412909,Release
412910,Release
412911,Release
412912,Release
412913,Release
412914,Release
412915,Release
412916,Release
412917,Release
412918,Release
412919,Release
412920,Release
412921,Release
412922,Release
412923,Release
412924,Release
412925,Release
412926,Release
412927,Release
412928,Release
412929,Release
412930,Release
412931,iOS
412932,iOS
412933,Core
412934,Android
412935,BlackBerry
412936,iOS
412937,Core
412938,iOS
412939,BlackBerry
412940,iOS
412941,iOS
412942,iOS
412943,iOS
412944,LiveView
412945,Code Processor
412946,LiveView
412947,Android
412948,CLI
412949,iOS
412950,Android
412951,Android
412952,Core
412953,Android
412954,CLI
412955,iOS
412956,iOS
412957,iOS
412958,iOS
412959,iOS
412960,iOS
412961,iOS
412962,BlackBerry
412963,Android
412964,Android
412965,iOS
412966,CLI
412967,Android
412968,Android
412969,Android
412971,BlackBerry
412972,Android
412973,iOS
412973,Android
412974,iOS
412974,Android
412975,iOS
412976,BlackBerry
412977,iOS
412978,iOS
412979,iOS
412980,CLI
412981,Android
412982,CLI
412983,Android
412984,MobileWeb
412985,iOS
412986,MobileWeb
412987,iOS
412988,Specification
412989,Specification
412990,Specification
412991,Specification
412992,Android
412992,Tooling
412993,iOS
412994,TiAPI
412995,TiAPI
412996,TiAPI
412997,iOS
412998,iOS
412999,CLI
413000,Android
413001,Tooling
413002,CLI
413003,Android
413004,Tooling
413005,Android
413006,iOS
413007,TiAPI
413008,Android
413010,Android
413011,iOS
413012,iOS
413013,Android
413014,Code Processor
413015,Android
413016,Android
413017,Core
413018,CLI
413019,Android
413020,iOS
413021,iOS
413022,Core
413023,iOS
413024,CLI
413025,Android
413026,Code Processor
413027,Android
413027,Tooling
413028,BlackBerry
413029,iOS
413030,Android
413031,TiAPI
413032,Android
413033,Code Processor
413034,Code Processor
413035,iOS
413036,iOS
413037,Android
413038,Android
413039,BlackBerry
413040,Android
413041,Core
413042,iOS
413043,BlackBerry
413044,CLI
413045,Android
413046,iOS
413047,Android
413048,TiAPI
413049,Android
413050,Code Processor
413051,Android
413052,Android
413053,CLI
413054,Android
413054,Tooling
413055,CLI
413056,CLI
413057,Android
413058,MobileWeb
413059,Android
413060,MobileWeb
413061,MobileWeb
413062,iOS
413063,Android
413064,iOS
413065,Code Processor
413066,iOS
413067,Android
413068,Android
413069,CLI
413070,iOS
413071,Code Processor
413072,Code Processor
413073,Android
413074,iOS
413075,Code Processor
413076,Android
413077,Android
413078,Android
413079,Code Processor
413080,CLI
413081,Code Processor
413082,Code Processor
413083,iOS
413084,Code Processor
413085,Code Processor
413086,Android
413087,Android
413088,Android
413089,Code Processor
413090,BlackBerry
413091,CLI
413091,Code Processor
413092,Code Processor
413093,Code Processor
413094,Code Processor
413095,Code Processor
413096,BlackBerry
413097,Android
413098,BlackBerry
413099,Tooling
413100,BlackBerry
413101,Code Processor
413102,BlackBerry
413103,BlackBerry
413104,CLI
413104,Windows
413105,Windows
413106,Android
413107,Android
413108,TiAPI
413109,TiAPI
413110,Code Processor
413111,iOS
413112,Android
413113,TiAPI
413114,iOS
413115,Android
413116,Android
413117,iOS
413118,Android
413119,iOS
413120,iOS
413121,iOS
413122,Android
413123,Code Processor
413124,Code Processor
413125,Code Processor
413126,Android
413127,iOS
413128,Tizen
413129,BlackBerry
413130,Code Processor
413131,Android
413132,Android
413133,Android
413134,BlackBerry
413135,Android
413136,BlackBerry
413137,BlackBerry
413138,BlackBerry
413139,Android
413140,Tizen
413141,Code Processor
413142,Tizen
413143,iOS
413144,CLI
413145,Specification
413146,CLI
413147,iOS
413147,Android
413148,Code Processor
413149,Code Processor
413150,BlackBerry
413151,MobileWeb
413152,Code Processor
413153,iOS
413154,Code Processor
413155,Code Processor
413156,Code Processor
413157,Code Processor
413158,Code Processor
413159,Code Processor
413160,Code Processor
413161,CLI
413162,iOS
413163,Tizen
413164,iOS
413165,Android
413166,Android
413168,CLI
413169,Android
413170,CLI
413171,CLI
413172,CLI
413173,Android
413174,MobileWeb
413175,iOS
413176,iOS
413177,Android
413178,TiAPI
413179,Android
413180,Code Processor
413181,TiAPI
413182,CLI
413183,iOS
413184,Core
413185,BlackBerry
413186,Android
413187,BlackBerry
413188,iOS
413189,iOS
413191,BlackBerry
413192,BlackBerry
413194,Android
413195,Android
413196,BlackBerry
413197,Android
413198,BlackBerry
413199,BlackBerry
413200,Android
413201,Android
413202,TiAPI
413203,Android
413204,Android
413205,MobileWeb
413207,BlackBerry
413208,iOS
413209,CLI
413210,CLI
413211,Android
413212,iOS
413213,Code Processor
413214,MobileWeb
413215,Android
413217,CLI
413217,Android
413218,MobileWeb
413219,iOS
413220,iOS
413221,TiAPI
413222,Code Processor
413223,Android
413224,CLI
413224,iOS
413225,iOS
413226,MobileWeb
413227,Android
413228,Android
413229,MobileWeb
413230,Android
413231,iOS
413231,Android
413232,iOS
413232,Android
413233,iOS
413234,iOS
413235,iOS
413235,Android
413236,Code Processor
413237,Code Processor
413238,Code Processor
413239,Tizen
413240,CLI
413241,BlackBerry
413242,iOS
413244,CLI
413245,iOS
413246,CLI
413247,Android
413248,iOS
413250,Android
413251,iOS
413252,BlackBerry
413253,iOS
413254,iOS
413255,Android
413256,iOS
413257,Android
413258,iOS
413259,iOS
413260,Android
413261,Android
413262,Android
413263,CLI
413264,iOS
413265,Android
413266,Android
413267,Android
413268,Android
413269,Android
413270,iOS
413271,iOS
413272,Tooling
413273,iOS
413274,Android
413275,iOS
413276,Android
413277,iOS
413278,CLI
413279,iOS
413280,iOS
413281,iOS
413282,Android
413283,iOS
413284,iOS
413285,Android
413286,MobileWeb
413287,CLI
413287,Android
413288,iOS
413289,CLI
413290,CLI
413291,Android
413292,iOS
413293,Android
413294,Tizen
413295,Code Processor
413298,BlackBerry
413299,iOS
413300,iOS
413301,BlackBerry
413302,iOS
413302,Core
413304,Android
413305,Android
413306,Android
413307,Android
413308,Android
413309,Android
413310,Android
413311,iOS
413312,Android
413313,Code Processor
413314,Android
413315,Code Processor
413316,Code Processor
413317,Android
413318,Android
413319,Code Processor
413320,Android
413321,iOS
413322,Android
413323,Code Processor
413324,BlackBerry
413325,BlackBerry
413326,BlackBerry
413327,BlackBerry
413329,BlackBerry
413331,Code Processor
413332,Code Processor
413333,Android
413334,Android
413335,TiAPI
413336,Code Processor
413337,TiAPI
413338,MobileWeb
413339,BlackBerry
413340,Tizen
413341,Android
413342,iOS
413342,Android
413343,Tooling
413344,Tooling
413345,Tooling
413346,Tooling
413347,Tooling
413348,Tooling
413349,Tooling
413350,Tooling
413351,Android
413351,MobileWeb
413352,BlackBerry
413353,Android
413354,iOS
413355,TiAPI
413356,TiAPI
413357,Specification
413358,TiAPI
413359,Code Processor
413360,BlackBerry
413361,Android
413362,Android
413363,Code Processor
413364,TiAPI
413365,MobileWeb
413366,CLI
413367,CLI
413368,BlackBerry
413369,Android
413370,Android
413371,Code Processor
413372,Code Processor
413373,Android
413374,Android
413375,iOS
413376,iOS
413377,Tizen
413379,Android
413380,Android
413381,Code Processor
413382,CLI
413383,Android
413384,Android
413385,BlackBerry
413386,iOS
413387,CLI
413388,BlackBerry
413389,iOS
413392,iOS
413394,iOS
413394,Android
413395,iOS
413396,Android
413397,iOS
413398,BlackBerry
413399,Code Processor
413400,Code Processor
413401,Android
413402,BlackBerry
413403,CLI
413403,Core
413403,Code Processor
413404,CLI
413404,Core
413404,Code Processor
413405,CLI
413405,Core
413405,Code Processor
413406,CLI
413406,Core
413406,Code Processor
413407,iOS
413407,Core
413408,iOS
413408,Core
413409,iOS
413410,Android
413411,Android
413412,CLI
413413,Android
413414,iOS
413415,Core
413416,CLI
413416,Android
413417,CLI
413417,iOS
413418,CLI
413419,CLI
413420,iOS
413421,Android
413422,BlackBerry
413423,Android
413425,Code Processor
413426,Code Processor
413427,BlackBerry
413428,BlackBerry
413429,Android
413429,Core
413430,iOS
413430,Core
413431,Android
413432,Android
413433,Android
413434,CLI
413435,CLI
413436,iOS
413436,Android
413438,iOS
413439,Android
413440,Android
413441,Android
413442,Android
413443,BlackBerry
413444,MobileWeb
413445,Code Processor
413446,Android
413447,iOS
413448,Android
413449,iOS
413450,iOS
413450,Core
413451,Anvil
413452,iOS
413452,Core
413453,iOS
413454,iOS
413455,MobileWeb
413456,BlackBerry
413457,BlackBerry
413458,CLI
413459,Android
413460,BlackBerry
413461,Android
413462,Android
413463,BlackBerry
413464,Android
413465,CLI
413467,Android
413468,iOS
413469,Android
413470,BlackBerry
413471,BlackBerry
413472,BlackBerry
413473,Android
413474,BlackBerry
413475,Code Processor
413477,Android
413477,Tooling
413478,Code Processor
413479,iOS
413480,Android
413481,iOS
413482,BlackBerry
413483,Android
413484,Android
413485,Android
413486,iOS
413487,Android
413488,iOS
413489,iOS
413490,MobileWeb
413492,Android
413493,iOS
413494,Android
413495,Android
413496,CLI
413497,CLI
413498,CLI
413500,Code Processor
413501,CLI
413502,Code Processor
413503,Code Processor
413504,CLI
413505,CLI
413506,Android
413507,Android
413508,CLI
413509,iOS
413510,CLI
413511,Android
413512,CLI
413513,CLI
413514,Android
413515,Android
413517,iOS
413518,Android
413519,iOS
413520,iOS
413521,Android
413522,Code Processor
413523,CLI
413524,CLI
413525,iOS
413526,TiAPI
413527,Android
413528,Tooling
413529,iOS
413530,Code Processor
413531,iOS
413532,iOS
413533,Code Processor
413534,Android
413535,iOS
413536,CLI
413536,Code Processor
413537,CLI
413537,Code Processor
413538,iOS
413538,Android
413538,Core
413539,CLI
413539,Core
413539,Code Processor
413540,CLI
413541,BlackBerry
413542,BlackBerry
413543,MobileWeb
413544,BlackBerry
413545,Tooling
413546,CLI
413547,CLI
413548,Code Processor
413549,CLI
413549,iOS
413550,CLI
413550,iOS
413551,BlackBerry
413552,iOS
413553,BlackBerry
413554,BlackBerry
413555,CLI
413556,iOS
413556,MobileWeb
413557,Tizen
413558,MobileWeb
413559,MobileWeb
413561,MobileWeb
413562,BlackBerry
413563,Release
413564,Release
413565,Release
413566,Tooling
413567,Release
413568,Release
413569,Release
413570,Release
413571,Release
413572,Release
413573,Release
413574,Release
413575,Release
413576,Release
413577,Release
413578,Release
413579,Release
413580,Release
413581,Release
413582,Release
413583,Release
413584,Release
413585,Release
413586,Release
413587,Release
413588,Release
413589,Release
413590,Release
413591,BlackBerry
413592,Anvil
413593,Android
413594,iOS
413595,BlackBerry
413596,BlackBerry
413597,BlackBerry
413598,iOS
413599,iOS
413599,MobileWeb
413600,iOS
413601,MobileWeb
413602,Code Processor
413603,BlackBerry
413604,CLI
413605,Tooling
413606,BlackBerry
413607,Android
413607,Tooling
413608,BlackBerry
413609,MobileWeb
413610,Android
413611,iOS
413612,Android
413613,Android
413614,CLI
413615,CLI
413616,iOS
413617,Android
413618,iOS
413618,Tooling
413619,Android
413620,TiAPI
413621,iOS
413622,iOS
413623,Code Processor
413624,Code Processor
413625,iOS
413626,Code Processor
413627,Code Processor
413628,iOS
413629,iOS
413630,MobileWeb
413631,CLI
413632,Tooling
413633,CLI
413634,MobileWeb
413635,Code Processor
413636,CLI
413637,Tooling
413638,Specification
413639,iOS
413640,iOS
413641,BlackBerry
413642,Android
413643,MobileWeb
413644,iOS
413645,CLI
413646,iOS
413647,iOS
413648,CLI
413649,BlackBerry
413650,BlackBerry
413651,TiAPI
413652,BlackBerry
413653,Android
413654,iOS
413655,Android
413655,Tooling
413656,Android
413656,Tooling
413657,iOS
413658,iOS
413659,Android
413659,Tooling
413660,Android
413661,iOS
413662,BlackBerry
413663,Android
413664,TiAPI
413665,iOS
413666,iOS
413667,Core
413668,Anvil
413670,Android
413671,CLI
413672,iOS
413673,iOS
413674,BlackBerry
413675,Android
413676,iOS
413677,iOS
413677,Android
413677,TiAPI
413678,Android
413679,iOS
413680,iOS
413681,BlackBerry
413682,BlackBerry
413683,Anvil
413684,Anvil
413685,iOS
413686,BlackBerry
413687,BlackBerry
413688,iOS
413689,Android
413690,CLI
413691,iOS
413691,Android
413692,Android
413693,BlackBerry
413694,BlackBerry
413695,iOS
413696,BlackBerry
413697,BlackBerry
413698,BlackBerry
413699,TiAPI
413700,Android
413701,CLI
413701,iOS
413701,Android
413701,Core
413701,Code Processor
413702,CLI
413703,CLI
413704,CLI
413705,iOS
413706,CLI
413707,CLI
413708,iOS
413709,Android
413710,Android
413711,iOS
413712,Android
413713,BlackBerry
413714,BlackBerry
413715,BlackBerry
413716,Android
413717,BlackBerry
413718,Android
413719,iOS
413720,BlackBerry
413721,Android
413722,Android
413723,iOS
413724,BlackBerry
413725,BlackBerry
413726,TiAPI
413727,iOS
413728,BlackBerry
413729,iOS
413730,CLI
413731,CLI
413732,iOS
413733,BlackBerry
413734,CLI
413735,CLI
413736,BlackBerry
413737,Tooling
413738,BlackBerry
413739,BlackBerry
413740,TiAPI
413741,BlackBerry
413742,CLI
413744,BlackBerry
413745,iOS
413746,BlackBerry
413747,CLI
413748,Android
413749,BlackBerry
413750,TiAPI
413751,BlackBerry
413752,Tooling
413753,iOS
413754,BlackBerry
413755,Android
413756,iOS
413757,BlackBerry
413758,BlackBerry
413759,Tooling
413760,Android
413761,CLI
413762,Android
413763,Android
413764,Code Processor
413765,BlackBerry
413766,BlackBerry
413767,iOS
413768,BlackBerry
413769,Android
413770,CLI
413771,BlackBerry
413772,iOS
413773,iOS
413774,BlackBerry
413775,BlackBerry
413776,Android
413777,Android
413778,Android
413779,Android
413780,Android
413781,BlackBerry
413782,iOS
413783,Android
413784,Android
413785,iOS
413787,iOS
413788,Android
413789,iOS
413790,MobileWeb
413791,Android
413793,Code Processor
413794,Code Processor
413795,Android
413796,CLI
413797,Android
413798,Android
413799,CLI
413800,MobileWeb
413801,CLI
413802,CLI
413803,CLI
413804,Android
413805,MobileWeb
413806,CLI
413808,MobileWeb
413809,MobileWeb
413810,MobileWeb
413811,Android
413812,Android
413813,CLI
413814,CLI
413814,iOS
413814,360
413815,iOS
413816,CLI
413817,Tooling
413818,Code Processor
413819,CLI
413820,MobileWeb
413821,Core
413822,iOS
413823,iOS
413824,Android
413825,Android
413826,BlackBerry
413827,BlackBerry
413828,BlackBerry
413829,iOS
413830,Code Processor
413831,Android
413832,BlackBerry
413833,iOS
413834,iOS
413835,iOS
413836,CLI
413837,iOS
413838,Android
413839,iOS
413840,iOS
413841,Android
413842,MobileWeb
413843,iOS
413844,CLI
413845,BlackBerry
413846,Android
413847,BlackBerry
413848,BlackBerry
413849,Android
413850,Android
413851,Code Processor
413852,CLI
413853,Android
413853,Tooling
413854,CLI
413855,CLI
413856,Android
413856,Tooling
413857,iOS
413858,iOS
413859,TiAPI
413860,CLI
413861,CLI
413862,CLI
413863,CLI
413864,CLI
413865,BlackBerry
413866,Android
413867,BlackBerry
413868,CLI
413869,iOS
413870,iOS
413871,Android
413872,Code Processor
413873,Code Processor
413874,Code Processor
413875,CLI
413875,Tizen
413876,CLI
413876,Tizen
413877,CLI
413878,CLI
413879,CLI
413880,iOS
413881,CLI
413881,Denso
413882,Android
413883,Android
413884,Android
413885,Android
413886,Android
413887,Android
413888,Android
413889,Android
413890,Android
413891,Android
413892,iOS
413893,iOS
413894,BlackBerry
413895,BlackBerry
413896,BlackBerry
413897,iOS
413898,iOS
413899,Android
413900,iOS
413901,Android
413902,MobileWeb
413903,Code Processor
413904,iOS
413905,iOS
413906,iOS
413907,iOS
413908,iOS
413909,iOS
413910,iOS
413911,CLI
413912,CLI
413913,Android
413914,iOS
413915,Android
413916,Code Processor
413917,Android
413918,BlackBerry
413919,iOS
413919,Android
413920,Android
413921,Android
413922,Android
413923,iOS
413924,TiAPI
413924,Core
413925,BlackBerry
413926,BlackBerry
413927,BlackBerry
413928,BlackBerry
413929,BlackBerry
413930,Android
413931,iOS
413932,Android
413933,Android
413934,iOS
413935,Android
413936,BlackBerry
413937,iOS
413938,CLI
413939,CLI
413940,Android
413941,CLI
413942,MobileWeb
413943,iOS
413944,TiAPI
413945,Code Processor
413946,Code Processor
413947,Android
413948,Code Processor
413949,CLI
413950,CLI
413951,CLI
413952,Code Processor
413953,iOS
413954,Code Processor
413955,Code Processor
413956,Code Processor
413957,Code Processor
413958,Code Processor
413959,Code Processor
413960,Code Processor
413961,Code Processor
413963,MobileWeb
413964,iOS
413965,Android
413966,CLI
413966,Denso
413967,iOS
413968,iOS
413969,CLI
413970,CLI
413971,BlackBerry
413972,BlackBerry
413973,BlackBerry
413974,BlackBerry
413975,BlackBerry
413976,BlackBerry
413977,BlackBerry
413978,Code Processor
413979,iOS
413980,BlackBerry
413981,BlackBerry
413982,BlackBerry
413983,BlackBerry
413984,BlackBerry
413985,BlackBerry
413986,BlackBerry
413987,BlackBerry
413988,CLI
413989,Android
413990,iOS
413991,CLI
413992,CLI
413992,MobileWeb
413993,CLI
413993,MobileWeb
413994,CLI
413994,iOS
413995,CLI
413995,iOS
413996,iOS
413997,Android
413998,CLI
413999,Android
414000,Tooling
414001,Android
414002,iOS
414003,Android
414004,Android
414005,iOS
414006,iOS
414007,iOS
414008,iOS
414009,CLI
414010,Tooling
414011,Android
414012,MobileWeb
414013,Android
414014,iOS
414015,Tooling
414016,iOS
414017,Code Processor
414018,MobileWeb
414019,CLI
414020,CLI
414021,CLI
414022,Code Processor
414023,Android
414024,Android
414025,Android
414026,Android
414027,Android
414029,iOS
414030,Android
414031,Android
414032,Android
414033,iOS
414034,MobileWeb
414035,CLI
414036,Android
414037,iOS
414038,CLI
414039,Android
414040,CLI
414041,Android
414042,Android
414043,Android
414044,TiAPI
414045,BlackBerry
414046,iOS
414047,CLI
414048,Android
414049,iOS
414050,BlackBerry
414051,CLI
414051,Tooling
414052,BlackBerry
414053,Android
414054,MobileWeb
414055,CLI
414056,Android
414057,Android
414058,CLI
414059,Core
414060,Android
414061,BlackBerry
414062,BlackBerry
414063,BlackBerry
414064,Android
414065,BlackBerry
414066,iOS
414067,Android
414068,CLI
414069,MobileWeb
414070,iOS
414071,iOS
414073,CLI
414074,CLI
414075,CLI
414076,Android
414077,CLI
414077,iOS
414078,iOS
414079,BlackBerry
414080,MobileWeb
414081,Release
414082,MobileWeb
414083,Android
414084,CLI
414085,CLI
414086,iOS
414087,iOS
414088,iOS
414089,iOS
414090,iOS
414091,iOS
414092,iOS
414093,Android
414094,CLI
414094,Tooling
414095,CLI
414096,Android
414097,Code Processor
414098,CLI
414099,MobileWeb
414100,iOS
414101,Release
414102,Release
414103,Release
414104,Tooling
414105,Release
414106,Release
414107,Release
414108,Release
414109,Release
414110,Release
414111,Release
414112,Release
414113,Release
414114,Release
414115,Release
414116,Release
414117,Release
414118,Release
414119,Release
414120,Release
414121,Release
414122,Release
414123,Release
414124,Release
414125,Release
414126,Release
414127,Release
414128,iOS
414129,iOS
414130,iOS
414131,Android
414131,Tooling
414132,CLI
414133,Android
414134,CLI
414135,iOS
414136,MobileWeb
414137,Android
414138,TiAPI
414139,CLI
414140,iOS
414141,Android
414142,BlackBerry
414143,Android
414144,CLI
414144,Tooling
414145,Android
414146,Tooling
414147,MobileWeb
414147,Code Processor
414148,BlackBerry
414149,BlackBerry
414150,BlackBerry
414151,iOS
414151,Core
414152,CLI
414153,iOS
414154,iOS
414155,iOS
414156,iOS
414157,Android
414158,CLI
414159,iOS
414160,CLI
414161,CLI
414162,CLI
414163,Android
414164,Android
414165,iOS
414166,MobileWeb
414167,CLI
414168,Android
414169,iOS
414170,Android
414171,Code Processor
414172,CLI
414173,Tooling
414174,CLI
414175,iOS
414176,iOS
414177,iOS
414178,CLI
414179,iOS
414180,CLI
414181,Android
414182,CLI
414183,Android
414184,iOS
414185,Android
414186,Android
414187,CLI
414188,iOS
414189,CLI
414190,Android
414191,iOS
414192,CLI
414193,CLI
414194,CLI
414195,Android
414196,CLI
414197,CLI
414198,CLI
414199,iOS
414200,CLI
414200,iOS
414201,MobileWeb
414202,Android
414203,CLI
414204,CLI
414205,MobileWeb
414206,Android
414207,Android
414208,iOS
414209,CLI
414210,iOS
414211,iOS
414212,iOS
414213,iOS
414214,iOS
414215,iOS
414216,Android
414217,Tooling
414218,iOS
414219,Android
414220,Code Processor
414221,BlackBerry
414222,iOS
414223,BlackBerry
414224,MobileWeb
414225,BlackBerry
414226,BlackBerry
414227,BlackBerry
414228,BlackBerry
414229,BlackBerry
414230,BlackBerry
414231,BlackBerry
414232,BlackBerry
414233,BlackBerry
414234,BlackBerry
414235,BlackBerry
414236,BlackBerry
414237,BlackBerry
414238,CLI
414238,MobileWeb
414239,Android
414240,CLI
414241,Android
414242,Tooling
414242,MobileWeb
414243,CLI
414244,MobileWeb
414245,Code Processor
414246,iOS
414247,Code Processor
414248,Android
414248,Tooling
414249,Android
414250,Android
414251,iOS
414252,Android
414253,CLI
414254,iOS
414255,iOS
414255,Android
414256,Android
414257,CLI
414258,iOS
414258,Tooling
414259,MobileWeb
414260,Android
414261,Android
414262,Android
414263,Code Processor
414264,iOS
414265,CLI
414266,Code Processor
414267,Android
414268,Android
414269,CLI
414270,Android
414271,iOS
414272,Tooling
414273,Android
414273,Tooling
414274,Android
414275,CLI
414276,iOS
414277,iOS
414278,iOS
414279,CLI
414280,Core
414281,iOS
414282,iOS
414283,iOS
414284,Android
414285,CLI
414286,MobileWeb
414287,CLI
414288,iOS
414289,Android
414290,iOS
414291,iOS
414292,Android
414293,iOS
414294,iOS
414295,Code Processor
414296,iOS
414297,Android
414298,Android
414299,Android
414300,iOS
414301,iOS
414302,Android
414304,BlackBerry
414305,BlackBerry
414306,BlackBerry
414307,BlackBerry
414308,Android
414309,Android
414310,Android
414311,Android
414312,Android
414313,iOS
414314,iOS
414315,BlackBerry
414316,BlackBerry
414317,Android
414317,Tooling
414318,iOS
414320,iOS
414321,MobileWeb
414322,BlackBerry
414323,Android
414324,Android
414324,Tooling
414325,CLI
414326,CLI
414327,Android
414328,Android
414329,Android
414330,Android
414331,Android
414332,CLI
414333,Android
414334,TiAPI
414335,BlackBerry
414336,Android
414337,Tooling
414338,Android
414339,TiAPI
414340,TiAPI
414341,Tooling
414342,Tooling
414343,Android
414344,BlackBerry
414345,Android
414346,Code Processor
414347,Android
414348,iOS
414349,TiAPI
414350,Android
414351,Android
414352,iOS
414353,Android
414354,iOS
414355,MobileWeb
414356,Android
414357,iOS
414358,Android
414358,Tooling
414359,Android
414360,Android
414361,TiAPI
414362,Code Processor
414365,Code Processor
414367,Tooling
414368,MobileWeb
414369,iOS
414370,iOS
414371,iOS
414372,CLI
414373,Android
414374,Android
414375,iOS
414376,Android
414377,Android
414378,Code Processor
414379,CLI
414380,iOS
414381,Android
414382,Android
414383,Android
414384,iOS
414385,Android
414386,Android
414387,Android
414388,iOS
414389,iOS
414390,Android
414391,MobileWeb
414392,Android
414393,iOS
414394,Android
414395,CLI
414396,Android
414397,Android
414398,Android
414399,iOS
414400,iOS
414401,Android
414403,BlackBerry
414404,BlackBerry
414405,BlackBerry
414406,BlackBerry
414407,BlackBerry
414408,BlackBerry
414409,BlackBerry
414410,BlackBerry
414411,BlackBerry
414412,BlackBerry
414413,BlackBerry
414414,BlackBerry
414415,Android
414416,MobileWeb
414417,MobileWeb
414418,iOS
414419,TiAPI
414421,Android
414422,iOS
414423,Anvil
414424,MobileWeb
414425,Anvil
414426,Android
414427,iOS
414428,Code Processor
414429,Code Processor
414430,Code Processor
414431,iOS
414432,iOS
414433,Android
414434,iOS
414435,Tooling
414436,Android
414437,iOS
414437,Android
414438,iOS
414439,CLI
414440,iOS
414442,CLI
414443,CLI
414444,Android
414444,Tooling
414445,Android
414446,iOS
414447,Android
414448,BlackBerry
414449,BlackBerry
414450,BlackBerry
414451,BlackBerry
414452,BlackBerry
414453,iOS
414454,TiAPI
414455,Android
414456,iOS
414458,BlackBerry
414459,iOS
414460,iOS
414461,iOS
414462,iOS
414463,Android
414465,Android
414466,CLI
414467,iOS
414468,iOS
414469,Android
414471,Android
414472,Android
414473,Android
414474,iOS
414475,Android
414476,iOS
414477,iOS
414478,Android
414479,Android
414480,iOS
414481,iOS
414482,iOS
414483,Android
414484,iOS
414484,Tooling
414485,iOS
414486,iOS
414487,MobileWeb
414488,Android
414489,Android
414490,Core
414491,BlackBerry
414492,Android
414493,Tooling
414494,Android
414495,Android
414496,Android
414497,Android
414498,Android
414499,Android
414500,Android
414501,Android
414502,Android
414503,BlackBerry
414504,BlackBerry
414505,BlackBerry
414506,BlackBerry
414507,BlackBerry
414508,BlackBerry
414509,BlackBerry
414511,iOS
414512,TiAPI
414513,Android
414514,Android
414515,CLI
414516,CLI
414517,iOS
414518,iOS
414519,Android
414520,iOS
414521,Android
414522,Android
414523,iOS
414524,iOS
414525,iOS
414526,MobileWeb
414527,MobileWeb
414528,iOS
414529,iOS
414530,iOS
414531,Android
414532,Android
414533,Android
414534,Android
414535,Android
414535,Tooling
414536,Android
414537,Android
414538,CLI
414539,CLI
414540,CLI
414541,Android
414542,MobileWeb
414543,Android
414544,MobileWeb
414545,Android
414547,Tizen
414548,Tizen
414549,MobileWeb
414549,Tizen
414549,Denso
414550,iOS
414551,iOS
414552,Tooling
414553,CLI
414554,Tooling
414555,iOS
414556,BlackBerry
414557,Android
414558,iOS
414559,TiAPI
414560,Tooling
414561,Android
414562,MobileWeb
414563,TiAPI
414564,Android
414565,Android
414566,Android
414567,Anvil
414568,Android
414569,Anvil
414570,Tooling
414571,iOS
414572,Anvil
414573,iOS
414574,iOS
414575,iOS
414576,MobileWeb
414577,Tooling
414578,Android
414579,CLI
414580,iOS
414581,MobileWeb
414582,Android
414583,iOS
414584,Code Processor
414585,Code Processor
414586,BlackBerry
414587,iOS
414588,iOS
414589,Tooling
414590,iOS
414591,Android
414592,CLI
414593,iOS
414594,Android
414595,iOS
414596,iOS
414597,iOS
414598,Tooling
414599,Tooling
414600,Tooling
414601,Tooling
414602,iOS
414603,Android
414604,Android
414605,Android
414606,Android
414607,Code Processor
414608,Tooling
414609,CLI
414610,Tooling
414611,Android
414612,Tooling
414613,Android
414614,CLI
414615,Tooling
414617,iOS
414618,iOS
414619,Android
414620,Android
414622,iOS
414623,Android
414624,Android
414625,CLI
414626,iOS
414627,Code Processor
414628,Code Processor
414629,Code Processor
414630,iOS
414630,Tooling
414631,MobileWeb
414632,MobileWeb
414633,iOS
414634,MobileWeb
414635,iOS
414635,Tooling
414636,Tooling
414637,Android
414638,iOS
414639,Android
414640,Android
414641,iOS
414642,Tooling
414643,Tooling
414644,Tooling
414645,iOS
414646,CLI
414647,iOS
414648,iOS
414649,Tooling
414650,Tooling
414651,Tooling
414652,Tooling
414653,Tooling
414654,Tooling
414655,Tooling
414656,Tooling
414657,Tooling
414658,Tooling
414659,Android
414660,Android
414661,Android
414662,Android
414663,Android
414664,Android
414665,iOS
414666,iOS
414667,Android
414668,iOS
414669,iOS
414670,iOS
414671,iOS
414672,MobileWeb
414673,Tooling
414674,CLI
414675,CLI
414676,Tooling
414677,Tooling
414678,iOS
414679,Tooling
414680,Android
414681,Tooling
414682,Tooling
414683,Tooling
414684,Tooling
414685,TiAPI
414686,Core
414687,iOS
414688,Android
414689,CLI
414690,Tooling
414691,Tooling
414692,Tooling
414693,Android
414694,Android
414695,iOS
414696,iOS
414697,iOS
414698,iOS
414699,iOS
414700,iOS
414701,iOS
414702,iOS
414703,iOS
414704,Android
414705,Android
414706,Android
414707,iOS
414708,Android
414709,Android
414710,iOS
414711,Android
414713,iOS
414714,Android
414715,Android
414716,Android
414717,Tooling
414718,Tooling
414719,Tooling
414720,iOS
414721,iOS
414722,iOS
414723,Android
414724,iOS
414725,iOS
414726,Android
414727,Android
414728,Android
414729,Android
414730,Tooling
414731,Tooling
414732,iOS
414733,Android
414734,iOS
414735,Tooling
414736,Tooling
414737,Tooling
414738,iOS
414739,Android
414740,iOS
414741,iOS
414742,iOS
414743,Android
414744,MobileWeb
414746,Android
414747,Android
414748,Android
414749,CLI
414750,Android
414751,iOS
414752,Android
414753,Tooling
414754,Tooling
414755,Tooling
414756,Android
414756,Tooling
414757,iOS
414758,Android
414759,Android
414760,Android
414761,iOS
414762,Tooling
414763,Tooling
414764,Android
414765,BlackBerry
414766,Android
414767,Anvil
414768,Android
414769,Android
414770,Android
414771,Android
414772,Android
414773,Android
414774,Android
414774,Tooling
414775,Android
414776,Android
414777,iOS
414778,iOS
414779,Tooling
414780,iOS
414781,iOS
414782,Code Processor
414783,Tooling
414784,Android
414785,Tooling
414786,CLI
414787,Tooling
414788,Tooling
414789,Tooling
414790,Android
414791,Tooling
414792,Tooling
414793,iOS
414794,Android
414795,Android
414796,Core
414797,Code Processor
414798,MobileWeb
414799,MobileWeb
414800,Core
414801,iOS
414802,Android
414803,Android
414804,Android
414805,BlackBerry
414806,Android
414807,Android
414808,iOS
414809,CLI
414810,Android
414811,iOS
414812,Android
414813,iOS
414814,iOS
414815,Android
414816,CLI
414817,CLI
414818,iOS
414819,Android
414820,Android
414821,Android
414822,CLI
414823,Android
414824,Android
414825,Android
414826,iOS
414827,iOS
414828,iOS
414829,iOS
414830,iOS
414831,Android
414832,iOS
414833,iOS
414834,TiAPI
414835,TiAPI
414836,iOS
414837,iOS
414838,iOS
414839,Android
414840,iOS
414841,iOS
414842,Android
414843,Android
414844,CLI
414845,CLI
414846,CLI
414847,Android
414848,Android
414849,CLI
414850,iOS
414851,Android
414852,Android
414853,iOS
414854,iOS
414855,iOS
414856,iOS
414857,Core
414858,Android
414858,Tooling
414859,Tooling
414860,iOS
414861,iOS
414861,Android
414862,iOS
414862,Android
414863,iOS
414863,Android
414864,iOS
414865,iOS
414866,iOS
414867,Android
414868,iOS
414869,iOS
414870,Android
414871,iOS
414872,iOS
414873,Android
414874,iOS
414875,iOS
414876,CLI
414877,TiAPI
414878,TiAPI
414879,iOS
414880,MobileWeb
414881,Core
414882,Android
414883,Android
414884,iOS
414886,iOS
414887,iOS
414888,iOS
414889,iOS
414890,BlackBerry
414891,Templates
414892,iOS
414893,iOS
414894,iOS
414895,Windows Hybrid
414896,Windows
414897,iOS
414898,iOS
414899,iOS
414900,Windows
414901,Windows
414902,iOS
414903,iOS
414904,iOS
414905,Android
414906,Android
414907,iOS
414908,iOS
414909,iOS
414910,Windows
414911,iOS
414912,Windows
414914,Windows
414915,Windows
414916,iOS
414917,iOS
414918,iOS
414919,Android
414920,iOS
414921,Android
414922,Android
414923,Android
414924,iOS
414925,iOS
414926,Android
414927,iOS
414928,iOS
414928,Tooling
414929,iOS
414930,iOS
414931,iOS
414932,Android
414933,iOS
414934,iOS
414935,Windows
414936,iOS
414937,Windows
414939,Windows
414940,Windows
414941,iOS
414942,Windows
414943,Windows
414944,Windows
414945,Windows
414946,Windows
414947,Windows
414948,Windows
414949,Windows
414950,Anvil
414951,TiAPI
414952,MobileWeb
414953,Tooling
414954,iOS
414955,iOS
414956,Android
414957,Android
414957,Tooling
414958,Android
414958,Tooling
414959,iOS
414960,iOS
414961,BlackBerry
414962,BlackBerry
414963,iOS
414964,Android
414965,Windows
414966,Core
414967,Windows
414968,Windows
414969,Windows
414970,Windows
414971,Windows
414972,iOS
414973,iOS
414974,iOS
414975,iOS
414976,Windows
414977,Windows
414978,iOS
414979,iOS
414980,Android
414981,iOS
414982,Android
414983,CLI
414984,Windows
414986,Windows
414987,iOS
414989,Windows
414990,Windows
414991,Windows
414992,Windows
414993,iOS
414994,iOS
414995,Windows
414996,iOS
414997,Windows
414998,iOS
414999,iOS
415000,iOS
415001,iOS
415002,iOS
415003,iOS
415004,iOS
415005,iOS
415006,iOS
415007,iOS
415008,Android
415009,iOS
415010,Windows
415011,Windows
415012,Windows
415013,Android
415014,iOS
415015,iOS
415016,iOS
415017,Windows
415018,iOS
415019,iOS
415020,iOS
415020,Android
415021,MobileWeb
415022,MobileWeb
415023,iOS
415024,Android
415025,iOS
415026,iOS
415027,Android
415028,Windows
415029,iOS
415031,Android
415032,iOS
415033,Android
415034,Android
415035,Android
415036,Tooling
415037,iOS
415038,iOS
415039,iOS
415040,Android
415041,Anvil
415042,Android
415043,iOS
415044,Windows
415045,Windows
415046,Windows
415047,iOS
415048,iOS
415049,Windows
415050,Windows
415051,iOS
415052,iOS
415053,BlackBerry
415054,Android
415055,BlackBerry
415056,Android
415057,iOS
415058,iOS
415059,Android
415061,Anvil
415062,iOS
415063,iOS
415064,iOS
415065,iOS
415066,Android
415067,Android
415068,Android
415069,Core
415070,BlackBerry
415071,iOS
415072,iOS
415075,Android
415076,Windows
415077,Windows
415078,Windows
415079,Windows
415080,Core
415081,Windows
415082,iOS
415083,iOS
415084,iOS
415085,Android
415086,iOS
415087,iOS
415088,Windows
415089,Windows
415090,iOS
415091,Android
415092,BlackBerry
415093,iOS
415094,iOS
415095,BlackBerry
415096,BlackBerry
415097,BlackBerry
415098,iOS
415099,BlackBerry
415100,TiAPI
415101,Android
415102,CLI
415103,CLI
415104,Windows
415105,Android
415106,iOS
415107,iOS
415108,iOS
415109,Android
415110,iOS
415111,Tooling
415112,MobileWeb
415113,Windows
415114,MobileWeb
415116,iOS
415117,Android
415118,iOS
415119,Anvil
415120,Anvil
415121,iOS
415122,iOS
415123,iOS
415124,Code Processor
415125,Code Processor
415126,CLI
415127,CLI
415128,iOS
415129,Windows
415130,Windows
415131,Windows
415133,Android
415134,iOS
415135,iOS
415136,MobileWeb
415137,Windows
415138,Windows Hybrid
415139,Windows
415140,Windows
415141,Windows
415142,Windows
415143,Windows
415144,Windows
415145,Windows
415146,Windows
415147,Windows Hybrid
415148,Windows
415149,Windows Hybrid
415150,Windows Hybrid
415151,Windows
415152,Android
415152,Tooling
415153,BlackBerry
415154,Android
415155,iOS
415156,iOS
415157,iOS
415158,iOS
415159,iOS
415160,Tooling
415161,Tooling
415162,Android
415164,BlackBerry
415165,Tooling
415166,Android
415167,Tooling
415168,BlackBerry
415169,BlackBerry
415170,BlackBerry
415171,BlackBerry
415172,BlackBerry
415173,BlackBerry
415174,BlackBerry
415175,BlackBerry
415176,BlackBerry
415177,BlackBerry
415178,Android
415179,iOS
415180,MobileWeb
415181,iOS
415182,iOS
415183,Android
415184,iOS
415185,iOS
415186,Android
415187,Android
415188,Android
415189,Android
415190,iOS
415191,iOS
415192,Core
415193,iOS
415194,Tooling
415195,iOS
415196,Tooling
415196,MobileWeb
415197,BlackBerry
415198,BlackBerry
415199,iOS
415200,Windows
415201,BlackBerry
415202,BlackBerry
415203,BlackBerry
415204,iOS
415205,iOS
415206,iOS
415207,Android
415208,BlackBerry
415209,TiAPI
415210,iOS
415211,Code Processor
415212,Android
415213,iOS
415214,Android
415215,Android
415216,iOS
415217,Android
415218,Windows
415219,Android
415220,Anvil
415221,BlackBerry
415222,iOS
415223,Android
415224,iOS
415224,Android
415225,Android
415226,TiAPI
415227,BlackBerry
415228,iOS
415228,Android
415229,Android
415230,iOS
415231,iOS
415232,Android
415233,Android
415234,iOS
415235,Android
415236,iOS
415237,iOS
415238,MobileWeb
415239,iOS
415240,Android
415241,iOS
415242,Code Processor
415243,MobileWeb
415244,Core
415245,iOS
415246,Android
415247,Code Processor
415248,Android
415249,MobileWeb
415250,Android
415251,iOS
415252,Android
415253,TiAPI
415254,iOS
415255,iOS
415256,Android
415257,Android
415258,iOS
415259,iOS
415260,iOS
415261,Windows
415262,BlackBerry
415263,BlackBerry
415264,Code Processor
415265,Code Processor
415266,MobileWeb
415267,iOS
415268,CLI
415269,Android
415270,iOS
415270,Android
415271,Android
415272,iOS
415273,CLI
415274,CLI
415275,CLI
415276,CLI
415276,MobileWeb
415277,CLI
415277,Android
415277,Tooling
415278,CLI
415279,CLI
415280,CLI
415281,CLI
415282,CLI
415283,CLI
415284,CLI
415284,MobileWeb
415285,CLI
415286,CLI
415287,Anvil
415288,CLI
415289,Android
415290,iOS
415291,Windows
415292,BlackBerry
415293,TiAPI
415294,Tooling
415295,Anvil
415296,Anvil
415297,Anvil
415298,iOS
415299,Android
415300,iOS
415301,Android
415302,iOS
415303,Android
415304,iOS
415305,iOS
415306,iOS
415307,BlackBerry
415308,iOS
415309,iOS
415310,Android
415311,Android
415312,Android
415312,Tooling
415313,MobileWeb
415314,BlackBerry
415315,BlackBerry
415316,BlackBerry
415317,BlackBerry
415318,BlackBerry
415319,Android
415320,iOS
415321,Android
415322,iOS
415323,BlackBerry
415324,BlackBerry
415325,BlackBerry
415326,BlackBerry
415327,BlackBerry
415328,BlackBerry
415329,BlackBerry
415330,Tooling
415331,iOS
415332,Tooling
415333,Android
415334,iOS
415335,Android
415336,Android
415337,Tooling
415338,iOS
415338,Android
415339,iOS
415340,Android
415341,iOS
415342,iOS
415343,iOS
415344,iOS
415345,iOS
415346,iOS
415347,CLI
415348,Tooling
415349,Code Processor
415350,Code Processor
415351,Windows
415352,Code Processor
415353,Windows
415354,iOS
415354,Android
415355,Code Processor
415356,MobileWeb
415357,BlackBerry
415358,BlackBerry
415359,iOS
415360,iOS
415361,Windows
415362,Windows
415363,Windows
415364,Windows
415365,Windows Hybrid
415366,Windows
415367,Windows
415368,Windows
415369,Windows
415370,Windows
415371,Windows
415372,Windows
415373,Windows
415374,Windows
415375,Windows Hybrid
415376,Windows
415377,Windows
415378,Windows
415379,Windows
415380,Windows
415381,Windows
415382,Windows
415383,Windows
415384,Windows
415385,Windows
415386,Windows
415387,Windows
415388,Windows
415389,Windows
415390,Windows
415391,Android
415392,iOS
415393,Android
415394,iOS
415395,Code Processor
415396,Tooling
415397,Android
415398,iOS
415399,Android
415400,iOS
415401,Android
415407,iOS
415408,iOS
415409,Android
415410,iOS
415411,Android
415412,iOS
415413,iOS
415414,MobileWeb
415415,MobileWeb
415416,Android
415417,iOS
415418,iOS
415419,iOS
415420,iOS
415421,MobileWeb
415422,BlackBerry
415423,MobileWeb
415424,iOS
415425,iOS
415426,iOS
415427,TiAPI
415428,iOS
415429,MobileWeb
415430,iOS
415431,iOS
415431,MobileWeb
415432,Android
415433,MobileWeb
415434,Android
415435,iOS
415436,BlackBerry
415437,BlackBerry
415438,MobileWeb
415439,iOS
415440,iOS
415441,iOS
415442,Android
415443,Android
415444,Android
415445,Android
415446,BlackBerry
415447,BlackBerry
415448,BlackBerry
415449,BlackBerry
415450,BlackBerry
415451,BlackBerry
415452,Android
415453,MobileWeb
415454,iOS
415455,MobileWeb
415456,iOS
415457,Android
415458,Android
415459,iOS
415460,iOS
415461,Android
415462,Android
415463,iOS
415464,MobileWeb
415465,Android
415466,BlackBerry
415467,BlackBerry
415468,BlackBerry
415469,BlackBerry
415470,BlackBerry
415471,iOS
415472,BlackBerry
415473,BlackBerry
415474,BlackBerry
415475,BlackBerry
415476,BlackBerry
415477,BlackBerry
415478,BlackBerry
415479,BlackBerry
415480,BlackBerry
415481,BlackBerry
415482,Android
415484,Android
415485,Android
415486,iOS
415487,Android
415488,TiAPI
415489,iOS
415490,BlackBerry
415491,MobileWeb
415492,iOS
415493,iOS
415494,MobileWeb
415495,iOS
415496,iOS
415497,iOS
415498,iOS
415499,MobileWeb
415500,iOS
415501,Android
415502,Tooling
415503,MobileWeb
415504,iOS
415505,iOS
415506,iOS
415507,Tooling
415508,Android
415509,iOS
415510,iOS
415511,iOS
415512,Tooling
415513,MobileWeb
415514,MobileWeb
415515,MobileWeb
415516,BlackBerry
415517,BlackBerry
415518,BlackBerry
415519,Tooling
415520,MobileWeb
415521,Android
415522,iOS
415523,iOS
415524,iOS
415525,Android
415526,Android
415527,MobileWeb
415528,MobileWeb
415529,iOS
415530,TiAPI
415531,Tooling
415532,Android
415533,Android
415534,iOS
415535,BlackBerry
415536,iOS
415537,MobileWeb
415538,iOS
415539,Android
415540,Android
415541,iOS
415542,BlackBerry
415543,BlackBerry
415544,BlackBerry
415545,BlackBerry
415546,Android
415547,BlackBerry
415548,iOS
415549,iOS
415550,BlackBerry
415551,BlackBerry
415552,BlackBerry
415553,BlackBerry
415554,iOS
415555,Android
415556,MobileWeb
415557,MobileWeb
415558,Tooling
415559,MobileWeb
415560,MobileWeb
415561,iOS
415562,MobileWeb
415563,Android
415564,BlackBerry
415565,BlackBerry
415566,BlackBerry
415567,Android
415568,iOS
415569,iOS
415570,MobileWeb
415571,TiAPI
415572,TiAPI
415573,Android
415574,Android
415575,Android
415576,Android
415577,Android
415578,Tooling
415579,Android
415580,MobileWeb
415581,Android
415582,iOS
415583,iOS
415584,Android
415585,Android
415586,iOS
415587,Android
415588,BlackBerry
415589,BlackBerry
415590,BlackBerry
415591,BlackBerry
415592,BlackBerry
415593,BlackBerry
415594,MobileWeb
415595,TiAPI
415596,MobileWeb
415597,TiAPI
415598,TiAPI
415599,MobileWeb
415600,MobileWeb
415601,TiAPI
415602,TiAPI
415603,BlackBerry
415604,Android
415605,iOS
415606,TiAPI
415607,MobileWeb
415608,iOS
415609,iOS
415610,Android
415611,Android
415612,Android
415613,iOS
415613,Android
415614,iOS
415615,MobileWeb
415616,Android
415617,iOS
415618,iOS
415619,Tooling
415620,iOS
415621,iOS
415622,Tooling
415623,Android
415624,Android
415625,Android
415626,MobileWeb
415627,iOS
415628,BlackBerry
415629,Android
415630,iOS
415630,Android
415631,Android
415632,Android
415633,BlackBerry
415634,BlackBerry
415635,Android
415636,Tooling
415637,iOS
415638,iOS
415639,iOS
415640,iOS
415641,MobileWeb
415642,iOS
415643,Android
415644,iOS
415645,Android
415646,MobileWeb
415647,TiAPI
415648,MobileWeb
415649,iOS
415650,Android
415651,iOS
415652,iOS
415653,iOS
415654,Android
415655,BlackBerry
415656,BlackBerry
415657,iOS
415658,Android
415659,Android
415660,BlackBerry
415661,Android
415662,BlackBerry
415663,Android
415664,Android
415665,Android
415666,iOS
415667,BlackBerry
415668,BlackBerry
415669,Android
415670,Android
415671,iOS
415672,MobileWeb
415673,Android
415674,iOS
415675,TiAPI
415676,Android
415676,Tooling
415677,Android
415678,Tooling
415679,MobileWeb
415680,BlackBerry
415681,BlackBerry
415682,BlackBerry
415683,BlackBerry
415684,Android
415685,iOS
415686,iOS
415686,Android
415687,iOS
415688,iOS
415689,BlackBerry
415690,Release
415691,BlackBerry
415692,BlackBerry
415693,BlackBerry
415694,BlackBerry
415695,Android
415696,BlackBerry
415697,BlackBerry
415698,Release
415699,BlackBerry
415700,iOS
415701,MobileWeb
415703,Android
415704,BlackBerry
415705,BlackBerry
415706,BlackBerry
415707,BlackBerry
415708,TiAPI
415709,Android
415710,BlackBerry
415711,iOS
415712,iOS
415713,iOS
415713,Android
415714,iOS
415714,Android
415715,iOS
415716,iOS
415717,Tooling
415718,Tooling
415719,iOS
415720,Android
415721,iOS
415722,iOS
415723,iOS
415724,BlackBerry
415725,Android
415726,MobileWeb
415727,BlackBerry
415728,Android
415728,Tooling
415729,Android
415730,BlackBerry
415731,BlackBerry
415732,Android
415733,iOS
415734,MobileWeb
415735,iOS
415736,iOS
415737,Tooling
415738,TiAPI
415739,TiAPI
415740,iOS
415741,BlackBerry
415742,iOS
415743,iOS
415744,iOS
415744,Android
415745,Android
415746,iOS
415747,iOS
415748,MobileWeb
415749,Android
415750,Android
415751,iOS
415752,Android
415753,MobileWeb
415754,Android
415755,BlackBerry
415756,BlackBerry
415757,BlackBerry
415758,BlackBerry
415759,Android
415760,iOS
415761,MobileWeb
415762,iOS
415762,Android
415763,iOS
415764,Android
415765,Android
415766,MobileWeb
415767,iOS
415768,iOS
415769,MobileWeb
415770,iOS
415771,Android
415772,MobileWeb
415773,BlackBerry
415774,BlackBerry
415775,Android
415776,MobileWeb
415777,iOS
415778,MobileWeb
415779,MobileWeb
415780,Android
415781,Android
415782,Android
415783,Android
415784,Android
415785,Android
415786,Android
415787,iOS
415788,Android
415790,Code Processor
415791,CLI
415792,Android
415793,iOS
415794,Android
415795,Android
415796,Android
415797,MobileWeb
415798,MobileWeb
415799,iOS
415800,TiAPI
415801,Android
415802,Android
415803,iOS
415804,Android
415805,TiAPI
415806,iOS
415807,Android
415808,iOS
415809,Android
415810,Android
415811,MobileWeb
415812,MobileWeb
415813,Android
415814,Android
415815,Android
415816,Code Processor
415817,iOS
415817,Android
415818,BlackBerry
415819,Tooling
415820,MobileWeb
415821,Android
415822,TiAPI
415823,Tooling
415824,Android
415825,Android
415826,iOS
415827,iOS
415828,Android
415829,CLI
415830,Android
415831,Android
415832,Tooling
415832,MobileWeb
415833,MobileWeb
415834,Android
415835,Android
415836,MobileWeb
415837,Tooling
415838,iOS
415839,iOS
415840,BlackBerry
415841,BlackBerry
415842,Android
415843,Android
415844,BlackBerry
415845,BlackBerry
415846,iOS
415847,iOS
415848,iOS
415849,Android
415850,iOS
415851,Android
415852,Tooling
415853,iOS
415854,iOS
415855,Android
415856,iOS
415857,Android
415858,Android
415859,iOS
415860,Android
415861,iOS
415862,Android
415863,BlackBerry
415864,Core
415865,BlackBerry
415866,Android
415867,BlackBerry
415868,Tooling
415869,Android
415870,Android
415871,Code Processor
415872,BlackBerry
415873,iOS
415874,iOS
415875,Android
415876,iOS
415877,iOS
415878,BlackBerry
415879,Android
415880,Android
415881,Android
415882,Android
415883,MobileWeb
415884,Android
415885,Android
415886,iOS
415887,iOS
415888,Android
415889,TiAPI
415890,Android
415891,iOS
415892,iOS
415893,Android
415894,Android
415895,iOS
415896,iOS
415897,TiAPI
415898,iOS
415899,Android
415899,Tooling
415900,BlackBerry
415901,iOS
415902,Android
415903,MobileWeb
415904,Android
415905,CLI
415906,CLI
415907,CLI
415908,CLI
415909,CLI
415910,Android
415911,iOS
415912,Android
415913,Drillbit
415914,BlackBerry
415915,iOS
415916,Android
415917,Android
415918,MobileWeb
415919,TiAPI
415920,TiAPI
415921,iOS
415922,BlackBerry
415923,BlackBerry
415924,Tooling
415925,Android
415926,MobileWeb
415927,Android
415928,iOS
415929,Android
415930,BlackBerry
415931,Android
415932,Android
415933,iOS
415934,TiAPI
415935,MobileWeb
415936,Android
415937,Android
415938,BlackBerry
415939,MobileWeb
415940,Android
415941,BlackBerry
415942,BlackBerry
415943,BlackBerry
415944,Android
415945,iOS
415946,iOS
415947,iOS
415948,iOS
415949,Android
415950,Android
415951,Tooling
415952,TiAPI
415953,Drillbit
415954,MobileWeb
415955,BlackBerry
415956,iOS
415957,Android
415958,Android
415958,Tooling
415959,TiAPI
415960,MobileWeb
415961,MobileWeb
415962,iOS
415963,MobileWeb
415964,Android
415965,Android
415966,Android
415967,MobileWeb
415968,iOS
415969,BlackBerry
415970,Android
415971,BlackBerry
415972,BlackBerry
415973,BlackBerry
415974,BlackBerry
415975,Android
415976,Android
415977,Android
415978,Android
415979,BlackBerry
415980,MobileWeb
415981,Android
415982,iOS
415983,Android
415984,iOS
415985,TiAPI
415986,TiAPI
415987,TiAPI
415988,TiAPI
415989,Android
415990,BlackBerry
415991,BlackBerry
415992,BlackBerry
415993,Android
415994,MobileWeb
415995,TiAPI
415996,Android
415997,iOS
415998,iOS
415999,iOS
416000,iOS
416001,iOS
416002,Core
416003,BlackBerry
416004,BlackBerry
416005,Android
416006,BlackBerry
416007,Android
416008,BlackBerry
416009,TiAPI
416010,Android
416011,BlackBerry
416013,BlackBerry
416014,MobileWeb
416015,Android
416016,MobileWeb
416017,iOS
416018,iOS
416019,Android
416020,iOS
416021,iOS
416022,Android
416023,Android
416024,Tooling
416025,Android
416026,iOS
416027,CLI
416027,Tooling
416028,MobileWeb
416029,MobileWeb
416030,MobileWeb
416031,MobileWeb
416032,MobileWeb
416033,Android
416034,TiAPI
416035,Tooling
416036,TiAPI
416037,Android
416038,iOS
416039,iOS
416040,Android
416041,Android
416042,BlackBerry
416043,BlackBerry
416044,BlackBerry
416045,iOS
416046,BlackBerry
416047,TiAPI
416048,iOS
416049,Release
416050,BlackBerry
416051,Android
416052,TiAPI
416053,iOS
416054,Android
416055,BlackBerry
416056,TiAPI
416057,iOS
416058,Android
416059,iOS
416060,Android
416061,TiAPI
416062,Tooling
416063,MobileWeb
416064,Android
416065,iOS
416066,Android
416067,Tooling
416068,Android
416069,Tooling
416070,Android
416071,Android
416072,Android
416073,Android
416074,Android
416075,Android
416076,Android
416077,MobileWeb
416078,BlackBerry
416079,MobileWeb
416080,Android
416081,Android
416082,iOS
416083,iOS
416084,Tooling
416085,Android
416086,iOS
416087,Android
416088,iOS
416089,BlackBerry
416090,BlackBerry
416091,Android
416092,BlackBerry
416093,iOS
416094,iOS
416095,Android
416096,Android
416097,Android
416098,Android
416099,CLI
416099,Tooling
416100,Android
416101,TiAPI
416102,iOS
416103,Release
416104,iOS
416105,Android
416106,MobileWeb
416107,iOS
416108,iOS
416109,Android
416110,MobileWeb
416111,iOS
416113,Android
416114,Android
416115,Android
416116,MobileWeb
416117,Tooling
416118,Android
416119,Android
416120,Android
416121,Android
416122,Android
416123,Android
416124,Android
416125,Android
416126,MobileWeb
416127,MobileWeb
416128,Android
416129,Drillbit
416130,Drillbit
416131,Drillbit
416132,Android
416133,Drillbit
416134,Android
416135,Drillbit
416136,MobileWeb
416137,Drillbit
416138,MobileWeb
416139,TiAPI
416140,MobileWeb
416141,iOS
416142,Android
416143,iOS
416144,iOS
416145,Drillbit
416146,Drillbit
416147,MobileWeb
416148,iOS
416149,MobileWeb
416150,Drillbit
416151,MobileWeb
416152,Drillbit
416153,MobileWeb
416154,MobileWeb
416155,MobileWeb
416156,Android
416157,BlackBerry
416158,BlackBerry
416159,iOS
416160,Android
416161,Android
416161,Tooling
416162,MobileWeb
416163,Android
416164,MobileWeb
416165,MobileWeb
416166,Android
416167,MobileWeb
416168,iOS
416168,Android
416169,MobileWeb
416171,Android
416172,MobileWeb
416173,TiAPI
416174,iOS
416175,MobileWeb
416176,TiAPI
416177,Android
416178,BlackBerry
416179,iOS
416179,Android
416180,iOS
416181,Android
416182,Android
416183,MobileWeb
416184,MobileWeb
416185,BlackBerry
416186,iOS
416187,Android
416188,Android
416189,Android
416190,MobileWeb
416191,MobileWeb
416192,iOS
416193,MobileWeb
416194,MobileWeb
416195,Code Processor
416196,MobileWeb
416197,MobileWeb
416198,MobileWeb
416199,Android
416200,MobileWeb
416201,MobileWeb
416202,Android
416203,iOS
416204,MobileWeb
416205,MobileWeb
416206,iOS
416207,MobileWeb
416208,Android
416209,MobileWeb
416210,iOS
416211,MobileWeb
416212,Android
416213,iOS
416214,iOS
416215,iOS
416216,Android
416217,MobileWeb
416218,MobileWeb
416219,Tooling
416220,Android
416221,MobileWeb
416222,iOS
416223,MobileWeb
416224,MobileWeb
416225,MobileWeb
416226,Android
416227,MobileWeb
416228,iOS
416229,MobileWeb
416230,MobileWeb
416231,MobileWeb
416232,iOS
416233,MobileWeb
416234,MobileWeb
416235,iOS
416236,TiAPI
416237,BlackBerry
416238,BlackBerry
416239,BlackBerry
416240,iOS
416241,iOS
416242,BlackBerry
416243,iOS
416244,iOS
416245,Code Processor
416246,iOS
416247,Android
416248,Android
416249,Android
416250,Android
416251,Android
416252,Android
416253,Android
416254,iOS
416255,MobileWeb
416256,iOS
416256,Android
416257,Android
416258,Android
416259,MobileWeb
416260,MobileWeb
416261,MobileWeb
416262,Android
416263,MobileWeb
416264,MobileWeb
416265,MobileWeb
416266,iOS
416267,Android
416268,Android
416269,Android
416270,BlackBerry
416271,iOS
416272,TiAPI
416273,Android
416274,Android
416275,iOS
416276,Android
416277,Android
416278,MobileWeb
416279,Android
416280,iOS
416281,MobileWeb
416282,iOS
416283,Android
416284,iOS
416285,MobileWeb
416286,Android
416287,BlackBerry
416288,Android
416289,BlackBerry
416290,BlackBerry
416291,BlackBerry
416292,BlackBerry
416293,BlackBerry
416294,BlackBerry
416295,BlackBerry
416296,BlackBerry
416297,BlackBerry
416298,BlackBerry
416299,BlackBerry
416300,BlackBerry
416301,Android
416302,Android
416303,Android
416304,iOS
416305,Android
416306,iOS
416307,MobileWeb
416308,MobileWeb
416309,MobileWeb
416310,Android
416311,iOS
416312,Android
416313,iOS
416314,iOS
416315,Android
416316,TiAPI
416317,Tooling
416318,MobileWeb
416319,iOS
416320,Android
416321,iOS
416322,MobileWeb
416323,iOS
416324,iOS
416325,iOS
416326,Android
416327,Android
416328,iOS
416329,iOS
416330,iOS
416331,Android
416332,iOS
416333,Android
416334,iOS
416335,iOS
416336,TiAPI
416337,iOS
416338,Android
416339,Core
416340,Android
416341,Android
416342,Android
416343,iOS
416344,Android
416345,iOS
416346,iOS
416347,iOS
416348,iOS
416348,Android
416349,MobileWeb
416350,Android
416351,Android
416352,Android
416353,Android
416354,Android
416355,Android
416356,iOS
416357,BlackBerry
416358,iOS
416359,iOS
416360,iOS
416361,iOS
416362,Android
416363,Android
416364,TiAPI
416366,Core
416367,Android
416368,Drillbit
416369,MobileWeb
416370,Android
416371,TiAPI
416372,Android
416373,BlackBerry
416374,Android
416375,iOS
416376,iOS
416377,Android
416378,BlackBerry
416379,BlackBerry
416380,BlackBerry
416381,BlackBerry
416382,BlackBerry
416383,BlackBerry
416384,Tooling
416385,Android
416386,iOS
416387,Android
416388,Android
416389,iOS
416390,Android
416391,Android
416392,TiAPI
416393,iOS
416394,BlackBerry
416395,BlackBerry
416396,iOS
416397,Android
416398,Android
416399,iOS
416400,Android
416401,Android
416402,Android
416403,MobileWeb
416404,MobileWeb
416405,Android
416406,iOS
416407,Android
416408,iOS
416409,Android
416410,Android
416411,Android
416412,MobileWeb
416413,MobileWeb
416414,Android
416415,Android
416416,MobileWeb
416417,iOS
416418,Android
416419,Android
416420,iOS
416421,BlackBerry
416422,iOS
416423,Android
416424,MobileWeb
416425,iOS
416426,iOS
416427,BlackBerry
416428,iOS
416429,Android
416430,MobileWeb
416431,Android
416432,MobileWeb
416433,iOS
416434,MobileWeb
416435,BlackBerry
416436,BlackBerry
416437,BlackBerry
416438,BlackBerry
416439,BlackBerry
416440,BlackBerry
416441,BlackBerry
416442,BlackBerry
416443,BlackBerry
416444,BlackBerry
416445,BlackBerry
416446,Android
416447,Android
416448,iOS
416449,Android
416450,MobileWeb
416451,iOS
416452,BlackBerry
416453,Tooling
416454,BlackBerry
416455,Android
416456,iOS
416457,Android
416458,iOS
416459,iOS
416460,TiAPI
416461,Android
416462,MobileWeb
416463,BlackBerry
416464,Code Processor
416465,Code Processor
416466,Android
416467,Android
416468,Android
416469,Android
416470,iOS
416471,Android
416472,MobileWeb
416473,MobileWeb
416474,iOS
416475,MobileWeb
416476,MobileWeb
416477,Release
416478,TiAPI
416478,MobileWeb
416479,MobileWeb
416480,MobileWeb
416481,MobileWeb
416482,MobileWeb
416483,TiAPI
416484,TiAPI
416485,MobileWeb
416486,Android
416487,Tooling
416488,iOS
416489,iOS
416490,Android
416491,iOS
416492,Android
416493,Android
416494,iOS
416495,iOS
416496,iOS
416497,Android
416498,Android
416499,MobileWeb
416500,iOS
416501,TiAPI
416502,iOS
416503,iOS
416504,Android
416505,Android
416506,Release
416507,Android
416508,MobileWeb
416509,TiAPI
416510,iOS
416511,Android
416512,TiAPI
416513,Android
416514,iOS
416515,BlackBerry
416516,BlackBerry
416517,iOS
416518,BlackBerry
416519,iOS
416520,Android
416521,Android
416522,iOS
416523,iOS
416524,iOS
416525,iOS
416526,MobileWeb
416527,MobileWeb
416528,iOS
416529,BlackBerry
416530,Android
416531,BlackBerry
416532,BlackBerry
416533,TiAPI
416534,Android
416535,Android
416536,Android
416537,Core
416538,Android
416539,Android
416540,Android
416541,BlackBerry
416542,iOS
416543,Android
416544,iOS
416545,Android
416546,Android
416547,Drillbit
416548,iOS
416549,iOS
416550,Android
416551,Android
416552,Android
416553,Android
416554,Android
416555,iOS
416556,Android
416557,BlackBerry
416558,Android
416559,Android
416560,iOS
416561,TiAPI
416562,iOS
416563,iOS
416564,iOS
416565,TiAPI
416566,BlackBerry
416567,Android
416568,BlackBerry
416569,MobileWeb
416570,MobileWeb
416571,Android
416572,Android
416573,MobileWeb
416574,MobileWeb
416575,Android
416576,Android
416577,Android
416578,Android
416579,Android
416580,Android
416581,BlackBerry
416582,BlackBerry
416583,BlackBerry
416584,BlackBerry
416585,BlackBerry
416586,CLI
416587,iOS
416588,Android
416589,Android
416590,Android
416591,MobileWeb
416592,iOS
416593,iOS
416594,iOS
416595,MobileWeb
416596,Android
416597,iOS
416598,iOS
416599,iOS
416600,Tooling
416601,Android
416602,iOS
416603,MobileWeb
416604,TiAPI
416605,CLI
416606,CLI
416607,Tooling
416608,MobileWeb
416609,MobileWeb
416610,iOS
416611,MobileWeb
416612,iOS
416613,Android
416614,iOS
416615,Android
416616,iOS
416617,Drillbit
416618,iOS
416619,iOS
416620,Android
416621,BlackBerry
416622,Tooling
416623,TiAPI
416624,Android
416625,TiAPI
416626,BlackBerry
416627,Tooling
416628,Android
416629,iOS
416630,MobileWeb
416631,Android
416631,Tooling
416632,Android
416633,iOS
416634,Tooling
416635,iOS
416636,iOS
416637,TiAPI
416638,BlackBerry
416639,BlackBerry
416640,BlackBerry
416641,BlackBerry
416642,BlackBerry
416643,BlackBerry
416644,Android
416644,Tooling
416645,Tooling
416646,iOS
416647,iOS
416648,iOS
416649,BlackBerry
416650,Android
416651,MobileWeb
416652,Android
416653,iOS
416655,iOS
416656,BlackBerry
416657,Android
416658,MobileWeb
416659,iOS
416660,Android
416661,iOS
416662,iOS
416663,iOS
416664,iOS
416665,iOS
416666,Android
416667,iOS
416668,MobileWeb
416669,iOS
416670,iOS
416671,BlackBerry
416672,Android
416673,Android
416674,Android
416675,iOS
416676,iOS
416677,iOS
416678,Android
416679,Android
416680,Android
416681,MobileWeb
416682,Tooling
416683,MobileWeb
416684,iOS
416685,iOS
416686,BlackBerry
416687,BlackBerry
416688,iOS
416689,iOS
416690,iOS
416691,iOS
416692,Tooling
416693,iOS
416694,iOS
416695,iOS
416696,MobileWeb
416697,iOS
416698,iOS
416699,Tooling
416700,Code Processor
416701,Code Processor
416702,Code Processor
416703,Code Processor
416704,Code Processor
416705,MobileWeb
416706,iOS
416707,iOS
416708,Tooling
416709,Android
416710,MobileWeb
416711,CLI
416712,Android
416713,iOS
416714,Android
416715,Android
416716,Android
416717,iOS
416718,iOS
416719,Android
416720,Android
416721,Android
416722,TiAPI
416723,Android
416724,BlackBerry
416725,BlackBerry
416726,Android
416727,Android
416728,iOS
416728,Android
416729,Android
416730,iOS
416730,Android
416731,iOS
416731,Android
416732,Android
416733,Tooling
416734,Android
416735,iOS
416736,Android
416737,Android
416738,CLI
416739,CLI
416740,iOS
416741,CLI
416742,CLI
416743,CLI
416744,Android
416745,CLI
416746,CLI
416747,CLI
416747,Android
416748,CLI
416749,CLI
416750,iOS
416751,CLI
416752,CLI
416753,CLI
416754,Core
416755,MobileWeb
416756,Android
416757,Tooling
416758,iOS
416759,iOS
416760,BlackBerry
416761,BlackBerry
416762,Android
416763,Android
416764,iOS
416765,Android
416766,Android
416767,Android
416768,Android
416769,iOS
416770,MobileWeb
416771,Android
416772,MobileWeb
416773,Android
416774,Android
416775,BlackBerry
416776,iOS
416777,Android
416778,iOS
416779,TiAPI
416780,MobileWeb
416781,BlackBerry
416782,Drillbit
416783,Drillbit
416784,Drillbit
416785,Drillbit
416786,Drillbit
416787,BlackBerry
416788,iOS
416789,iOS
416790,Android
416791,iOS
416792,TiAPI
416793,CLI
416794,Android
416795,iOS
416796,iOS
416797,iOS
416798,BlackBerry
416799,Android
416800,MobileWeb
416801,iOS
416802,iOS
416803,iOS
416804,MobileWeb
416805,MobileWeb
416806,Windows Hybrid
416806,MobileWeb
416807,MobileWeb
416808,iOS
416809,MobileWeb
416810,MobileWeb
416811,MobileWeb
416812,Android
416813,Android
416814,Android
416815,iOS
416816,Android
416817,Android
416818,iOS
416819,BlackBerry
416820,iOS
416821,MobileWeb
416822,Code Processor
416823,MobileWeb
416824,iOS
416825,BlackBerry
416826,BlackBerry
416827,Android
416828,iOS
416829,Android
416830,iOS
416831,iOS
416832,iOS
416833,iOS
416834,iOS
416835,Android
416836,iOS
416837,iOS
416838,MobileWeb
416839,MobileWeb
416840,Android
416841,BlackBerry
416842,BlackBerry
416843,BlackBerry
416844,BlackBerry
416845,BlackBerry
416846,BlackBerry
416847,BlackBerry
416848,BlackBerry
416849,Drillbit
416850,Drillbit
416851,Drillbit
416852,Drillbit
416853,Drillbit
416854,Drillbit
416855,MobileWeb
416856,Android
416857,iOS
416858,Android
416859,iOS
416860,iOS
416861,Android
416862,Android
416863,BlackBerry
416864,Android
416866,Android
416867,Android
416868,Android
416869,BlackBerry
416870,BlackBerry
416871,BlackBerry
416872,MobileWeb
416873,iOS
416874,Android
416875,Android
416876,Android
416877,MobileWeb
416878,CLI
416879,MobileWeb
416880,MobileWeb
416881,Android
416882,BlackBerry
416883,Android
416884,iOS
416885,iOS
416886,Android
416887,Android
416888,MobileWeb
416889,iOS
416890,iOS
416891,Android
416892,MobileWeb
416893,Android
416894,MobileWeb
416895,BlackBerry
416896,Android
416897,Android
416898,iOS
416899,Android
416900,iOS
416901,iOS
416902,iOS
416903,MobileWeb
416904,Android
416905,Android
416906,iOS
416907,Android
416908,iOS
416909,Android
416910,iOS
416911,iOS
416912,iOS
416913,Drillbit
416914,Drillbit
416915,Drillbit
416916,MobileWeb
416917,iOS
416918,Android
416919,Android
416920,BlackBerry
416921,BlackBerry
416922,BlackBerry
416923,BlackBerry
416924,BlackBerry
416925,BlackBerry
416926,BlackBerry
416927,BlackBerry
416928,BlackBerry
416929,BlackBerry
416930,BlackBerry
416931,BlackBerry
416932,BlackBerry
416933,BlackBerry
416934,BlackBerry
416935,BlackBerry
416936,BlackBerry
416937,TiAPI
416938,BlackBerry
416939,BlackBerry
416940,BlackBerry
416941,iOS
416942,BlackBerry
416943,BlackBerry
416944,BlackBerry
416945,BlackBerry
416946,BlackBerry
416947,BlackBerry
416948,BlackBerry
416949,BlackBerry
416950,BlackBerry
416951,BlackBerry
416952,MobileWeb
416953,MobileWeb
416954,MobileWeb
416955,iOS
416956,Android
416957,Android
416958,Android
416959,iOS
416960,Android
416961,iOS
416963,Android
416964,Android
416965,iOS
416966,iOS
416967,iOS
416968,MobileWeb
416969,iOS
416970,Android
416971,Android
416972,BlackBerry
416973,BlackBerry
416974,Android
416975,BlackBerry
416976,BlackBerry
416977,BlackBerry
416978,Android
416980,TiAPI
416981,MobileWeb
416982,MobileWeb
416983,iOS
416984,iOS
416985,iOS
416986,Android
416987,iOS
416988,Android
416989,Android
416990,iOS
416991,iOS
416992,Android
416993,MobileWeb
416994,MobileWeb
416995,Android
416996,iOS
416997,iOS
416998,Android
416999,BlackBerry
417000,Android
417001,Android
417002,Android
417003,iOS
417004,Android
417005,Android
417006,Android
417007,Android
417008,TiAPI
417009,iOS
417010,MobileWeb
417011,BlackBerry
417012,BlackBerry
417013,BlackBerry
417014,BlackBerry
417015,BlackBerry
417016,Android
417017,Android
417018,Android
417019,Android
417020,Android
417021,Android
417022,Android
417023,Android
417024,iOS
417025,iOS
417026,BlackBerry
417027,iOS
417028,iOS
417029,Tooling
417030,BlackBerry
417031,Android
417032,Tooling
417033,Android
417034,iOS
417035,iOS
417036,MobileWeb
417038,iOS
417039,Android
417040,Android
417041,Android
417042,Android
417043,MobileWeb
417044,Tooling
417045,iOS
417046,Android
417047,iOS
417048,Android
417049,iOS
417050,iOS
417051,MobileWeb
417052,Android
417053,Android
417054,MobileWeb
417055,MobileWeb
417056,iOS
417057,Android
417058,Android
417059,Android
417060,Android
417061,Android
417062,iOS
417063,Android
417064,Android
417065,Android
417067,iOS
417068,iOS
417069,iOS
417070,Tooling
417071,Android
417072,iOS
417073,TiAPI
417074,Android
417075,TiAPI
417076,iOS
417077,iOS
417078,iOS
417079,Android
417080,Android
417081,Android
417081,Tooling
417082,MobileWeb
417083,Tooling
417084,Tooling
417085,MobileWeb
417086,Android
417087,MobileWeb
417088,Android
417088,Tooling
417089,Android
417090,Android
417092,Tooling
417093,Tooling
417094,iOS
417095,Android
417096,Android
417097,Android
417098,Android
417099,Android
417100,Android
417101,Android
417102,iOS
417103,Android
417104,Tooling
417105,Android
417106,Android
417107,Android
417108,Android
417109,Android
417110,iOS
417111,iOS
417112,iOS
417113,iOS
417114,iOS
417115,iOS
417116,iOS
417117,iOS
417118,iOS
417119,MobileWeb
417120,iOS
417121,Android
417122,Android
417123,iOS
417124,iOS
417125,Android
417126,iOS
417127,iOS
417128,iOS
417129,iOS
417130,iOS
417131,iOS
417132,iOS
417133,Android
417134,MobileWeb
417135,iOS
417136,iOS
417137,BlackBerry
417138,BlackBerry
417139,BlackBerry
417140,BlackBerry
417141,BlackBerry
417142,BlackBerry
417143,BlackBerry
417144,BlackBerry
417145,BlackBerry
417146,BlackBerry
417147,BlackBerry
417148,BlackBerry
417149,BlackBerry
417150,BlackBerry
417151,BlackBerry
417152,BlackBerry
417153,BlackBerry
417154,BlackBerry
417155,BlackBerry
417156,BlackBerry
417157,BlackBerry
417158,BlackBerry
417159,BlackBerry
417160,BlackBerry
417161,BlackBerry
417162,BlackBerry
417163,BlackBerry
417164,BlackBerry
417165,BlackBerry
417166,BlackBerry
417167,BlackBerry
417168,BlackBerry
417169,BlackBerry
417170,BlackBerry
417171,BlackBerry
417172,Android
417173,iOS
417174,iOS
417177,iOS
417178,MobileWeb
417179,Android
417180,iOS
417181,iOS
417183,Android
417184,iOS
417185,Android
417186,Android
417187,Android
417188,iOS
417189,iOS
417190,Android
417191,iOS
417192,iOS
417193,MobileWeb
417194,iOS
417196,iOS
417197,Android
417198,Release
417199,Android
417200,iOS
417201,iOS
417202,MobileWeb
417203,iOS
417204,iOS
417205,iOS
417206,Android
417207,iOS
417208,iOS
417209,iOS
417210,iOS
417211,Android
417212,iOS
417213,iOS
417214,Android
417215,iOS
417216,iOS
417217,iOS
417218,Android
417219,iOS
417220,MobileWeb
417221,Android
417222,Android
417223,iOS
417224,iOS
417225,iOS
417226,Android
417227,iOS
417228,Android
417229,iOS
417230,iOS
417231,Android
417232,iOS
417233,Android
417234,Android
417235,iOS
417236,iOS
417237,MobileWeb
417238,Android
417239,iOS
417240,Android
417241,Android
417242,iOS
417243,Android
417244,Android
417245,MobileWeb
417246,Android
417247,Android
417248,Android
417249,iOS
417250,Android
417251,iOS
417252,Android
417253,iOS
417254,MobileWeb
417255,iOS
417256,MobileWeb
417257,MobileWeb
417258,MobileWeb
417259,iOS
417260,Android
417261,Android
417262,Android
417263,MobileWeb
417264,Android
417265,MobileWeb
417266,Android
417267,MobileWeb
417268,MobileWeb
417269,MobileWeb
417270,iOS
417271,Android
417272,iOS
417273,Android
417274,iOS
417275,iOS
417276,iOS
417277,Android
417278,iOS
417279,TiAPI
417280,MobileWeb
417281,iOS
417282,MobileWeb
417283,MobileWeb
417284,iOS
417285,iOS
417286,iOS
417287,Android
417288,Android
417289,Android
417290,iOS
417291,iOS
417292,iOS
417293,MobileWeb
417294,Android
417295,MobileWeb
417296,iOS
417297,Android
417298,iOS
417299,Android
417300,Android
417301,Android
417302,iOS
417303,iOS
417304,iOS
417305,iOS
417306,iOS
417307,iOS
417308,iOS
417309,iOS
417310,iOS
417311,iOS
417312,iOS
417313,iOS
417314,iOS
417315,iOS
417316,iOS
417317,Android
417318,iOS
417319,MobileWeb
417320,MobileWeb
417321,MobileWeb
417322,iOS
417323,MobileWeb
417324,Android
417325,iOS
417326,MobileWeb
417327,MobileWeb
417328,TiAPI
417329,iOS
417330,MobileWeb
417331,Android
417333,Android
417334,MobileWeb
417335,Android
417336,Android
417337,iOS
417338,iOS
417339,iOS
417340,MobileWeb
417341,Android
417342,iOS
417343,Android
417344,iOS
417345,MobileWeb
417346,Android
417347,Android
417348,MobileWeb
417349,Android
417350,MobileWeb
417351,iOS
417352,iOS
417353,MobileWeb
417354,MobileWeb
417355,MobileWeb
417356,MobileWeb
417357,MobileWeb
417358,iOS
417359,iOS
417360,iOS
417362,iOS
417363,TiAPI
417364,iOS
417365,Android
417366,MobileWeb
417367,Android
417368,MobileWeb
417369,MobileWeb
417370,iOS
417371,Android
417372,Android
417373,iOS
417374,iOS
417375,iOS
417376,Android
417377,iOS
417378,Android
417379,Android
417380,iOS
417381,iOS
417382,iOS
417383,iOS
417384,Android
417385,Tooling
417386,iOS
417387,Android
417388,iOS
417389,Android
417390,Android
417391,MobileWeb
417392,iOS
417393,MobileWeb
417394,MobileWeb
417395,MobileWeb
417396,MobileWeb
417397,MobileWeb
417398,MobileWeb
417399,iOS
417400,MobileWeb
417401,iOS
417402,Android
417403,MobileWeb
417404,MobileWeb
417405,iOS
417406,iOS
417407,Android
417408,TiAPI
417409,Android
417410,iOS
417411,iOS
417412,Android
417413,MobileWeb
417414,MobileWeb
417415,Android
417416,MobileWeb
417417,Android
417418,Android
417419,iOS
417420,iOS
417421,iOS
417422,Android
417423,MobileWeb
417424,Android
417425,MobileWeb
417426,Android
417427,MobileWeb
417428,TiAPI
417429,MobileWeb
417430,Tooling
417431,Tooling
417432,MobileWeb
417434,MobileWeb
417435,TiAPI
417436,TiAPI
417437,Hyperloop
417438,TiAPI
417439,iOS
417440,MobileWeb
417441,Android
417442,MobileWeb
417443,MobileWeb
417444,Android
417445,MobileWeb
417446,MobileWeb
417447,MobileWeb
417448,MobileWeb
417449,Android
417450,Android
417451,iOS
417452,Android
417453,MobileWeb
417454,iOS
417455,MobileWeb
417456,Android
417457,Drillbit
417458,MobileWeb
417459,MobileWeb
417460,Android
417461,iOS
417462,MobileWeb
417463,MobileWeb
417464,Android
417465,Android
417466,Tooling
417467,MobileWeb
417468,MobileWeb
417469,MobileWeb
417470,MobileWeb
417471,Android
417472,iOS
417473,Android
417474,Android
417475,MobileWeb
417476,MobileWeb
417477,Android
417478,iOS
417479,iOS
417480,iOS
417481,MobileWeb
417482,MobileWeb
417483,MobileWeb
417484,Android
417485,MobileWeb
417486,iOS
417487,MobileWeb
417488,MobileWeb
417489,MobileWeb
417490,Android
417491,iOS
417492,Android
417493,MobileWeb
417494,MobileWeb
417496,Tooling
417497,Android
417498,MobileWeb
417499,MobileWeb
417500,MobileWeb
417501,MobileWeb
417502,MobileWeb
417504,MobileWeb
417505,Android
417506,iOS
417507,Android
417508,iOS
417509,Tooling
417510,Android
417511,MobileWeb
417512,Android
417516,iOS
417517,MobileWeb
417518,Android
417519,Android
417521,iOS
417522,iOS
417523,Android
417524,Android
417525,Android
417527,iOS
417528,iOS
417529,iOS
417530,iOS
417532,Android
417533,iOS
417534,iOS
417535,iOS
417536,MobileWeb
417537,MobileWeb
417538,iOS
417539,iOS
417540,Android
417541,iOS
417542,MobileWeb
417543,MobileWeb
417544,iOS
417545,iOS
417546,Android
417547,Tooling
417548,Tooling
417549,MobileWeb
417550,iOS
417551,iOS
417552,Drillbit
417553,MobileWeb
417554,iOS
417555,MobileWeb
417556,iOS
417558,iOS
417559,Tooling
417562,MobileWeb
417563,Android
417564,iOS
417565,Android
417566,iOS
417568,iOS
417569,Android
417570,iOS
417571,Android
417572,MobileWeb
417573,iOS
417574,iOS
417575,iOS
417576,iOS
417577,Android
417578,iOS
417579,Android
417580,Android
417581,Android
417582,MobileWeb
417583,iOS
417584,MobileWeb
417585,iOS
417586,iOS
417587,iOS
417588,Windows Hybrid
417588,MobileWeb
417589,Android
417590,MobileWeb
417592,Android
417593,iOS
417594,MobileWeb
417595,iOS
417596,MobileWeb
417597,MobileWeb
417598,MobileWeb
417599,Android
417600,MobileWeb
417601,Android
417602,MobileWeb
417603,MobileWeb
417604,iOS
417605,iOS
417606,Android
417607,MobileWeb
417608,MobileWeb
417609,iOS
417610,MobileWeb
417612,MobileWeb
417613,MobileWeb
417614,MobileWeb
417615,Drillbit
417616,MobileWeb
417617,MobileWeb
417618,MobileWeb
417619,Android
417620,MobileWeb
417621,MobileWeb
417622,MobileWeb
417623,MobileWeb
417624,iOS
417625,Android
417626,Android
417627,iOS
417628,MobileWeb
417629,iOS
417630,Android
417631,Android
417632,Android
417633,Android
417634,MobileWeb
417635,MobileWeb
417636,Android
417638,iOS
417639,Android
417640,iOS
417641,iOS
417643,MobileWeb
417644,MobileWeb
417645,MobileWeb
417646,MobileWeb
417647,iOS
417648,MobileWeb
417649,MobileWeb
417650,MobileWeb
417651,MobileWeb
417652,iOS
417653,iOS
417654,iOS
417655,MobileWeb
417656,TiAPI
417657,MobileWeb
417658,MobileWeb
417659,Android
417660,TiAPI
417661,Android
417662,Android
417663,Android
417664,MobileWeb
417665,Android
417666,Android
417667,Android
417668,MobileWeb
417669,Android
417670,MobileWeb
417671,MobileWeb
417672,TiAPI
417673,MobileWeb
417674,iOS
417675,iOS
417676,TiAPI
417677,iOS
417678,Tooling
417679,iOS
417680,Android
417681,iOS
417682,iOS
417683,Android
417684,MobileWeb
417685,iOS
417686,iOS
417687,TiAPI
417688,MobileWeb
417689,iOS
417690,Android
417691,Android
417692,Android
417693,iOS
417694,iOS
417695,MobileWeb
417696,Android
417697,iOS
417698,iOS
417699,TiAPI
417700,Android
417701,Android
417702,iOS
417703,MobileWeb
417704,MobileWeb
417705,MobileWeb
417706,MobileWeb
417707,Android
417708,MobileWeb
417709,MobileWeb
417710,Android
417711,MobileWeb
417712,TiAPI
417713,Android
417714,iOS
417715,Android
417716,iOS
417717,MobileWeb
417718,iOS
417719,MobileWeb
417720,Android
417721,Android
417722,iOS
417723,Android
417724,iOS
417725,iOS
417726,iOS
417727,Android
417728,Android
417729,MobileWeb
417730,Android
417731,Android
417732,Android
417733,iOS
417734,Android
417735,iOS
417736,MobileWeb
417737,MobileWeb
417738,MobileWeb
417739,iOS
417740,MobileWeb
417741,MobileWeb
417742,MobileWeb
417743,MobileWeb
417744,MobileWeb
417745,MobileWeb
417746,MobileWeb
417747,iOS
417748,Android
417751,iOS
417752,iOS
417753,Android
417754,TiAPI
417755,Android
417756,Android
417757,MobileWeb
417758,Android
417759,MobileWeb
417760,iOS
417761,MobileWeb
417762,MobileWeb
417763,Android
417764,Android
417765,MobileWeb
417766,iOS
417767,Android
417768,Android
417769,iOS
417770,iOS
417771,iOS
417772,Android
417773,iOS
417774,MobileWeb
417775,iOS
417776,iOS
417777,iOS
417778,iOS
417779,Android
417780,iOS
417781,iOS
417782,iOS
417783,iOS
417784,Tooling
417785,iOS
417786,iOS
417787,MobileWeb
417788,MobileWeb
417790,iOS
417791,Android
417792,Android
417793,Android
417794,iOS
417795,Android
417796,iOS
417797,MobileWeb
417798,Android
417799,Android
417800,Android
417801,iOS
417802,MobileWeb
417803,Android
417804,Android
417805,iOS
417807,Tooling
417808,Android
417809,Android
417810,iOS
417811,Android
417812,TiAPI
417813,Android
417814,iOS
417815,MobileWeb
417816,iOS
417817,iOS
417818,iOS
417819,iOS
417820,Android
417821,MobileWeb
417822,Android
417823,Android
417823,Tooling
417824,iOS
417825,Android
417826,Android
417827,iOS
417828,Android
417829,iOS
417830,iOS
417831,Android
417832,Tooling
417833,iOS
417834,TiAPI
417835,iOS
417836,Android
417837,MobileWeb
417838,MobileWeb
417839,MobileWeb
417840,iOS
417841,iOS
417842,Android
417843,Android
417844,Android
417845,iOS
417846,Android
417848,Android
417849,Android
417850,Android
417851,Android
417852,Android
417853,iOS
417854,Android
417855,iOS
417856,Android
417857,iOS
417858,iOS
417859,Android
417860,Android
417861,Android
417862,iOS
417863,iOS
417865,Drillbit
417866,Android
417867,MobileWeb
417868,iOS
417869,iOS
417870,Android
417871,iOS
417872,Android
417873,iOS
417874,Android
417875,iOS
417876,iOS
417877,iOS
417878,iOS
417879,iOS
417880,iOS
417881,Android
417882,iOS
417883,iOS
417884,iOS
417885,iOS
417886,iOS
417887,iOS
417888,iOS
417889,iOS
417890,Android
417891,Android
417892,TiAPI
417893,iOS
417894,Android
417895,Android
417896,iOS
417897,TiAPI
417898,Android
417899,MobileWeb
417900,iOS
417901,Android
417902,iOS
417903,iOS
417904,Android
417905,Android
417906,iOS
417907,Android
417908,iOS
417909,iOS
417910,Android
417911,MobileWeb
417912,Tooling
417913,TiAPI
417914,Android
417915,Android
417916,Android
417917,iOS
417919,Android
417920,Android
417921,Android
417922,MobileWeb
417923,iOS
417924,Android
417925,iOS
417926,Android
417927,iOS
417928,CLI
417928,iOS
417928,Tooling
417929,iOS
417930,Android
417931,Android
417932,Android
417933,iOS
417934,iOS
417935,TiAPI
417936,MobileWeb
417937,iOS
417938,iOS
417939,iOS
417940,iOS
417941,Android
417942,Android
417943,iOS
417944,iOS
417945,Android
417946,iOS
417947,Tooling
417948,iOS
417949,iOS
417950,iOS
417951,Android
417955,Tooling
417956,TiAPI
417957,iOS
417958,Tooling
417959,Tooling
417960,Tooling
417961,iOS
417962,Android
417963,iOS
417964,iOS
417965,Tooling
417966,Android
417967,Android
417968,iOS
417969,Android
417970,Android
417971,iOS
417975,Android
417976,Android
417977,iOS
417978,MobileWeb
417979,Android
417980,Android
417981,iOS
417982,MobileWeb
417983,MobileWeb
417984,MobileWeb
417985,iOS
417986,Android
417987,Android
417988,iOS
417989,Android
417990,iOS
417990,MobileWeb
417991,iOS
417992,iOS
417993,iOS
417994,Android
417995,Android
417996,TiAPI
417997,iOS
417998,Android
417999,iOS
418000,MobileWeb
418001,MobileWeb
418002,MobileWeb
418003,MobileWeb
418004,MobileWeb
418005,MobileWeb
418006,MobileWeb
418007,Android
418008,MobileWeb
418009,MobileWeb
418010,Android
418011,MobileWeb
418012,MobileWeb
418013,MobileWeb
418014,Android
418015,iOS
418016,MobileWeb
418017,iOS
418018,Android
418019,Android
418020,TiAPI
418021,MobileWeb
418022,MobileWeb
418023,MobileWeb
418024,MobileWeb
418025,iOS
418026,Android
418027,Drillbit
418028,MobileWeb
418029,Android
418030,Android
418031,Android
418032,Android
418033,iOS
418034,iOS
418035,iOS
418036,MobileWeb
418037,Android
418038,iOS
418038,Tooling
418039,iOS
418040,iOS
418041,MobileWeb
418042,Android
418043,iOS
418044,TiAPI
418045,Android
418046,Android
418047,iOS
418048,Android
418049,Android
418050,MobileWeb
418051,MobileWeb
418053,iOS
418054,MobileWeb
418055,Android
418056,Tooling
418057,MobileWeb
418058,MobileWeb
418059,MobileWeb
418060,iOS
418064,iOS
418067,MobileWeb
418068,Android
418069,TiAPI
418070,MobileWeb
418071,iOS
418072,MobileWeb
418073,MobileWeb
418074,iOS
418075,Android
418076,Android
418078,iOS
418079,Android
418080,Android
418081,iOS
418082,Android
418083,TiAPI
418084,MobileWeb
418085,iOS
418086,iOS
418087,Android
418088,Android
418089,Android
418090,Android
418091,Android
418092,Android
418093,Android
418094,iOS
418095,Android
418096,Android
418097,Android
418098,iOS
418099,TiAPI
418100,TiAPI
418101,Android
418102,MobileWeb
418103,MobileWeb
418104,MobileWeb
418105,iOS
418106,Android
418107,Android
418108,iOS
418109,Android
418110,Android
418111,iOS
418112,TiAPI
418113,TiAPI
418114,iOS
418115,iOS
418116,TiAPI
418117,Android
418118,Android
418119,Android
418120,Android
418121,Android
418122,iOS
418123,iOS
418124,Android
418124,Tooling
418125,iOS
418126,Android
418127,Android
418128,MobileWeb
418129,MobileWeb
418130,MobileWeb
418131,iOS
418132,Tooling
418133,Android
418134,Android
418135,iOS
418136,Android
418137,iOS
418138,Android
418139,Android
418140,iOS
418141,Android
418142,iOS
418142,Android
418143,Android
418144,Android
418145,iOS
418146,Android
418147,iOS
418148,iOS
418149,Android
418150,Android
418151,Android
418152,Android
418153,MobileWeb
418154,iOS
418155,Android
418156,iOS
418157,MobileWeb
418158,Android
418159,MobileWeb
418160,Tooling
418161,Tooling
418162,iOS
418163,Android
418164,Android
418165,TiAPI
418166,Android
418167,Android
418168,Android
418169,Android
418170,Android
418171,Android
418172,iOS
418173,TiAPI
418174,iOS
418175,Android
418176,Android
418177,Android
418178,Android
418179,iOS
418180,Drillbit
418181,Drillbit
418182,Android
418183,Android
418184,iOS
418185,iOS
418186,iOS
418187,Tooling
418188,iOS
418189,iOS
418190,Android
418191,Android
418192,iOS
418193,iOS
418194,iOS
418195,Android
418196,Android
418197,Tooling
418198,iOS
418199,Tooling
418200,Android
418201,iOS
418202,iOS
418203,Android
418204,iOS
418205,iOS
418206,iOS
418207,iOS
418208,MobileWeb
418209,MobileWeb
418210,iOS
418211,Tooling
418212,iOS
418213,MobileWeb
418214,Android
418215,Android
418216,Android
418217,iOS
418218,Android
418219,Android
418220,Android
418221,iOS
418222,Android
418223,Android
418224,Android
418225,Android
418226,Android
418227,Android
418228,Android
418229,TiAPI
418230,TiAPI
418231,iOS
418232,Android
418233,iOS
418234,Android
418235,Android
418236,iOS
418237,MobileWeb
418238,Android
418239,Android
418240,Android
418241,Android
418242,MobileWeb
418243,MobileWeb
418244,Android
418245,Android
418246,Android
418247,Android
418248,iOS
418249,MobileWeb
418250,MobileWeb
418251,Android
418252,Android
418253,MobileWeb
418254,Android
418255,Android
418256,Android
418257,iOS
418258,iOS
418259,iOS
418260,iOS
418261,MobileWeb
418262,iOS
418263,Android
418264,iOS
418265,Tooling
418266,iOS
418267,iOS
418268,MobileWeb
418269,Android
418270,MobileWeb
418271,MobileWeb
418272,Android
418273,Android
418274,Android
418275,Android
418276,iOS
418277,Android
418278,Android
418279,Android
418280,Android
418281,Android
418282,iOS
418283,iOS
418284,iOS
418285,iOS
418286,Android
418287,Android
418288,iOS
418289,Android
418290,MobileWeb
418291,MobileWeb
418292,MobileWeb
418293,MobileWeb
418294,Android
418295,MobileWeb
418296,Android
418297,MobileWeb
418298,MobileWeb
418299,MobileWeb
418300,iOS
418301,iOS
418302,MobileWeb
418303,MobileWeb
418304,MobileWeb
418305,MobileWeb
418306,MobileWeb
418307,MobileWeb
418308,MobileWeb
418309,MobileWeb
418310,MobileWeb
418311,MobileWeb
418312,MobileWeb
418313,MobileWeb
418314,MobileWeb
418315,iOS
418316,Android
418317,iOS
418318,MobileWeb
418319,MobileWeb
418320,iOS
418321,Android
418322,Android
418323,MobileWeb
418324,MobileWeb
418325,MobileWeb
418326,MobileWeb
418327,MobileWeb
418328,MobileWeb
418329,MobileWeb
418330,TiAPI
418331,TiAPI
418332,TiAPI
418333,MobileWeb
418334,Android
418335,TiAPI
418336,iOS
418337,TiAPI
418338,iOS
418339,MobileWeb
418340,MobileWeb
418341,Android
418342,MobileWeb
418343,Android
418344,MobileWeb
418345,iOS
418346,MobileWeb
418347,Android
418348,MobileWeb
418349,MobileWeb
418350,MobileWeb
418351,MobileWeb
418352,MobileWeb
418353,Tooling
418354,MobileWeb
418355,MobileWeb
418356,MobileWeb
418357,MobileWeb
418358,MobileWeb
418359,MobileWeb
418360,MobileWeb
418361,MobileWeb
418362,MobileWeb
418363,iOS
418364,MobileWeb
418365,MobileWeb
418366,Android
418367,MobileWeb
418368,MobileWeb
418369,iOS
418370,Android
418371,iOS
418373,TiAPI
418374,MobileWeb
418375,MobileWeb
418376,Android
418377,MobileWeb
418378,Android
418379,MobileWeb
418380,MobileWeb
418381,iOS
418382,Android
418383,Android
418384,MobileWeb
418385,MobileWeb
418386,MobileWeb
418387,iOS
418388,iOS
418389,iOS
418390,MobileWeb
418391,MobileWeb
418392,Android
418393,Code Processor
418394,MobileWeb
418395,MobileWeb
418396,MobileWeb
418397,iOS
418398,MobileWeb
418399,MobileWeb
418400,MobileWeb
418401,Android
418402,MobileWeb
418403,MobileWeb
418404,MobileWeb
418405,MobileWeb
418406,Android
418407,MobileWeb
418408,MobileWeb
418409,MobileWeb
418410,MobileWeb
418411,MobileWeb
418412,MobileWeb
418413,Android
418414,MobileWeb
418415,MobileWeb
418416,MobileWeb
418417,MobileWeb
418418,MobileWeb
418419,MobileWeb
418420,TiAPI
418421,MobileWeb
418422,MobileWeb
418423,Android
418424,MobileWeb
418425,MobileWeb
418426,MobileWeb
418427,MobileWeb
418428,MobileWeb
418429,MobileWeb
418431,TiAPI
418432,MobileWeb
418433,MobileWeb
418434,Tooling
418435,MobileWeb
418436,MobileWeb
418437,MobileWeb
418438,MobileWeb
418439,MobileWeb
418440,MobileWeb
418441,MobileWeb
418442,Android
418443,Android
418444,Android
418445,MobileWeb
418446,MobileWeb
418447,TiAPI
418448,TiAPI
418449,Tooling
418450,CLI
418450,Android
418450,Tooling
418451,iOS
418452,MobileWeb
418453,MobileWeb
418454,MobileWeb
418455,MobileWeb
418456,MobileWeb
418457,MobileWeb
418458,MobileWeb
418459,iOS
418460,iOS
418461,iOS
418462,Android
418463,Android
418464,iOS
418465,iOS
418466,iOS
418467,iOS
418468,iOS
418469,iOS
418470,iOS
418471,Android
418472,Android
418473,Android
418474,Android
418475,TiAPI
418476,Android
418477,iOS
418478,Android
418479,Android
418480,TiAPI
418481,Android
418482,iOS
418483,iOS
418484,Android
418485,Tooling
418486,iOS
418487,Tooling
418488,iOS
418489,Android
418490,iOS
418491,iOS
418492,Android
418493,Android
418494,iOS
418495,iOS
418496,iOS
418497,Android
418498,Android
418499,iOS
418500,Android
418501,iOS
418502,iOS
418503,iOS
418504,iOS
418505,Android
418506,iOS
418507,Android
418508,Android
418509,iOS
418510,TiAPI
418511,Android
418512,iOS
418513,Tooling
418514,Android
418515,Android
418516,Android
418517,Android
418518,iOS
418519,iOS
418520,iOS
418521,TiAPI
418522,iOS
418523,Android
418524,Android
418525,iOS
418526,Android
418527,iOS
418528,Android
418529,iOS
418530,iOS
418531,iOS
418532,Android
418533,Android
418534,Android
418535,Android
418536,Tooling
418537,Tooling
418538,Tooling
418539,iOS
418540,TiAPI
418541,TiAPI
418542,Tooling
418543,iOS
418544,iOS
418545,iOS
418546,TiAPI
418547,Android
418548,MobileWeb
418549,iOS
418550,iOS
418551,Release
418552,Release
418553,Release
418554,Release
418555,Release
418556,Release
418557,Release
418558,Release
418559,Release
418560,Release
418561,Release
418562,Release
418563,Release
418564,Android
418565,iOS
418565,Android
418566,iOS
418567,iOS
418568,iOS
418569,iOS
418570,Android
418571,Android
418571,Tooling
418572,Android
418573,Android
418574,Android
418575,Android
418576,Android
418577,iOS
418578,iOS
418579,Android
418580,iOS
418581,Android
418582,iOS
418583,Android
418584,Android
418584,Tooling
418585,Android
418586,TiAPI
418586,MobileWeb
418587,iOS
418588,Tooling
418589,Android
418590,Android
418591,iOS
418592,Tooling
418593,MobileWeb
418594,iOS
418595,Tooling
418596,Android
418597,iOS
418598,iOS
418599,iOS
418600,iOS
418601,iOS
418603,Android
418604,iOS
418605,MobileWeb
418606,Android
418607,Android
418608,iOS
418609,iOS
418610,Android
418611,Android
418612,Android
418613,Android
418614,iOS
418615,Android
418616,iOS
418618,Release
418619,Release
418620,Release
418621,Release
418622,Release
418623,Release
418624,Release
418625,Release
418626,Release
418627,Release
418628,Release
418629,Release
418630,Release
418631,iOS
418632,iOS
418633,Android
418634,iOS
418635,iOS
418636,Android
418637,Android
418638,iOS
418639,MobileWeb
418640,Android
418641,iOS
418642,iOS
418643,Android
418644,MobileWeb
418645,iOS
418646,iOS
418647,iOS
418649,Android
418650,iOS
418651,Android
418652,Android
418653,Android
418654,MobileWeb
418655,MobileWeb
418656,MobileWeb
418657,iOS
418658,MobileWeb
418659,iOS
418660,iOS
418661,iOS
418662,Android
418663,Android
418664,iOS
418665,iOS
418666,Android
418667,MobileWeb
418668,Tooling
418669,Android
418670,Android
418671,Android
418672,Android
418673,Android
418674,MobileWeb
418675,Android
418676,Android
418677,Android
418678,Android
418679,Android
418680,TiAPI
418681,Android
418682,Android
418683,Android
418684,iOS
418685,MobileWeb
418686,MobileWeb
418687,MobileWeb
418688,iOS
418689,Android
418690,Android
418691,iOS
418692,TiAPI
418693,TiAPI
418694,Android
418695,Android
418696,Android
418697,iOS
418698,iOS
418699,Android
418700,Android
418701,Android
418702,iOS
418703,Android
418704,Android
418704,Tooling
418705,Android
418706,Android
418707,Android
418708,Android
418710,iOS
418711,iOS
418712,Android
418713,Android
418714,Android
418716,Android
418717,MobileWeb
418718,MobileWeb
418719,MobileWeb
418720,MobileWeb
418721,MobileWeb
418722,iOS
418723,TiAPI
418724,Android
418725,iOS
418726,Android
418727,Android
418728,MobileWeb
418729,iOS
418730,Android
418730,Tooling
418731,Android
418732,iOS
418733,iOS
418734,iOS
418735,Android
418736,Android
418737,iOS
418738,Android
418739,iOS
418740,Android
418742,Android
418743,Android
418744,iOS
418745,iOS
418746,Android
418747,Android
418748,Drillbit
418749,iOS
418750,Release
418751,Release
418752,Release
418753,Release
418754,Release
418755,Release
418756,Release
418757,Release
418758,Release
418759,Release
418760,Release
418761,Release
418762,Release
418763,iOS
418764,Android
418765,iOS
418766,MobileWeb
418767,MobileWeb
418768,MobileWeb
418769,MobileWeb
418770,MobileWeb
418771,MobileWeb
418772,iOS
418773,Android
418774,iOS
418775,Android
418776,Android
418777,iOS
418778,iOS
418779,Android
418780,Android
418781,iOS
418782,iOS
418783,Android
418784,Android
418785,MobileWeb
418786,Android
418787,Android
418788,iOS
418789,iOS
418790,Android
418791,iOS
418792,iOS
418793,iOS
418795,iOS
418796,iOS
418797,iOS
418798,iOS
418799,iOS
418800,Android
418801,Android
418802,Android
418803,iOS
418804,Android
418805,iOS
418806,iOS
418807,iOS
418808,Android
418809,iOS
418810,Android
418811,Android
418812,Android
418813,iOS
418814,Android
418815,Android
418816,Android
418817,Android
418818,Android
418819,Android
418820,Android
418821,Android
418822,Android
418823,Android
418824,Android
418825,Android
418826,Android
418827,Android
418828,Android
418829,Android
418830,Drillbit
418831,Android
418833,Android
418834,Android
418835,Release
418836,Android
418837,Android
418838,Android
418839,iOS
418840,MobileWeb
418841,Tooling
418842,TiAPI
418843,MobileWeb
418844,Android
418845,iOS
418846,Android
418847,Android
418848,iOS
418849,Android
418850,Android
418851,iOS
418852,MobileWeb
418853,MobileWeb
418855,Android
418856,iOS
418857,TiAPI
418858,Android
418860,Android
418861,Android
418862,iOS
418863,MobileWeb
418864,Android
418865,iOS
418866,Android
418867,iOS
418868,iOS
418869,Android
418870,iOS
418871,iOS
418872,Android
418873,MobileWeb
418874,Tooling
418875,Release
418876,Release
418877,Release
418878,Release
418879,Release
418880,Release
418881,Release
418882,Release
418883,Release
418884,Release
418885,Release
418886,Release
418887,Release
418888,Android
418889,Tooling
418890,iOS
418891,MobileWeb
418892,iOS
418893,iOS
418894,Android
418895,iOS
418896,iOS
418897,MobileWeb
418898,MobileWeb
418899,Drillbit
418900,Android
418901,Android
418902,Android
418903,Android
418904,Android
418905,iOS
418906,Android
418907,Android
418908,iOS
418909,Android
418910,Android
418911,MobileWeb
418912,Android
418913,Android
418914,MobileWeb
418915,iOS
418916,MobileWeb
418917,Android
418918,Android
418919,MobileWeb
418920,Android
418921,Android
418922,Android
418922,Tooling
418923,iOS
418924,iOS
418925,iOS
418926,iOS
418927,iOS
418928,Android
418929,TiAPI
418930,Android
418931,Android
418932,Android
418933,Android
418935,Android
418936,MobileWeb
418937,iOS
418938,iOS
418939,Android
418940,Android
418941,iOS
418942,iOS
418943,iOS
418944,MobileWeb
418945,iOS
418946,iOS
418947,iOS
418948,iOS
418949,Android
418950,iOS
418951,Android
418952,Android
418954,TiAPI
418955,Android
418956,Android
418957,Android
418958,iOS
418959,MobileWeb
418960,Android
418961,Android
418962,iOS
418963,iOS
418964,Android
418965,iOS
418966,Android
418967,Android
418968,Android
418969,Android
418970,Android
418971,Android
418972,Android
418973,Android
418974,Android
418975,iOS
418976,iOS
418977,iOS
418978,Android
418980,iOS
418981,Android
418982,MobileWeb
418983,Release
418984,Release
418985,Release
418986,Release
418987,Release
418988,Release
418989,Release
418990,Release
418991,Release
418992,Release
418993,Release
418994,Release
418995,Release
418996,Android
418997,Android
418998,iOS
418999,Android
419000,Android
419001,iOS
419002,Android
419003,iOS
419004,iOS
419005,Android
419007,iOS
419008,Android
419009,Android
419010,Android
419011,iOS
419012,iOS
419013,MobileWeb
419014,MobileWeb
419015,Android
419016,Android
419017,iOS
419018,iOS
419019,Android
419020,Android
419021,Android
419022,iOS
419023,iOS
419024,MobileWeb
419025,MobileWeb
419026,MobileWeb
419027,MobileWeb
419028,iOS
419029,iOS
419030,iOS
419031,iOS
419032,Android
419033,Android
419035,Release
419036,Release
419037,Release
419038,Release
419039,Release
419040,Release
419041,Release
419042,Release
419043,Release
419044,Release
419045,Release
419046,Release
419047,Release
419048,Android
419049,Android
419050,Android
419051,Android
419052,MobileWeb
419053,Android
419054,iOS
419055,Android
419056,Android
419057,iOS
419058,Android
419059,Android
419060,Android
419061,iOS
419062,Android
419063,MobileWeb
419064,iOS
419065,iOS
419066,Android
419067,Android
419068,Android
419069,Android
419070,Android
419071,iOS
419072,iOS
419073,Android
419074,MobileWeb
419075,TiAPI
419076,Android
419077,iOS
419078,Android
419079,iOS
419080,MobileWeb
419081,iOS
419082,Android
419083,Android
419084,MobileWeb
419085,Android
419086,iOS
419087,MobileWeb
419088,MobileWeb
419089,MobileWeb
419091,MobileWeb
419092,MobileWeb
419093,Android
419094,Android
419095,Android
419096,Android
419097,Android
419098,Android
419099,iOS
419100,Release
419101,Release
419102,Release
419103,Release
419104,Release
419105,Release
419106,Release
419107,Release
419108,Release
419109,Release
419110,Release
419111,Release
419112,Release
419113,MobileWeb
419114,MobileWeb
419115,Android
419116,iOS
419117,Tooling
419118,Android
419119,MobileWeb
419120,Android
419121,Android
419122,Tooling
419123,Android
419124,iOS
419125,TiAPI
419126,Android
419127,iOS
419128,Android
419129,iOS
419130,Android
419132,Android
419133,Android
419134,Android
419135,Tooling
419136,MobileWeb
419137,Android
419138,iOS
419139,Android
419140,Android
419141,Android
419142,iOS
419143,Android
419144,Android
419145,Android
419146,Android
419147,Android
419148,Android
419149,Android
419150,Android
419151,Android
419152,Android
419153,Android
419154,Android
419155,Android
419156,Android
419157,Android
419158,Android
419159,Android
419160,Android
419161,Android
419162,Android
419163,Android
419164,Android
419165,Android
419166,Android
419167,Android
419168,Android
419169,Android
419170,Android
419172,Android
419173,Android
419174,Android
419175,Android
419176,Android
419177,Android
419178,Android
419179,Android
419180,Android
419181,Android
419182,Android
419183,Android
419184,Android
419185,Android
419186,iOS
419187,Android
419188,Android
419189,Android
419190,Android
419191,Android
419192,iOS
419193,iOS
419194,Android
419195,Android
419196,Android
419197,Android
419198,Android
419199,Android
419200,Android
419201,Android
419202,Android
419203,Android
419204,Android
419205,Android
419206,Android
419207,Android
419208,Android
419209,Android
419210,Android
419211,Android
419212,Android
419213,Android
419214,iOS
419215,iOS
419216,iOS
419217,iOS
419218,Android
419219,Release
419220,Release
419221,Release
419222,Release
419223,Release
419224,Release
419225,Release
419226,Release
419227,Release
419228,Release
419229,Release
419230,Release
419231,Release
419232,Android
419233,Android
419234,iOS
419235,Android
419236,MobileWeb
419237,MobileWeb
419238,MobileWeb
419239,MobileWeb
419240,MobileWeb
419241,MobileWeb
419242,MobileWeb
419243,MobileWeb
419244,MobileWeb
419245,MobileWeb
419246,iOS
419247,MobileWeb
419248,MobileWeb
419249,MobileWeb
419250,Android
419251,MobileWeb
419252,iOS
419253,Android
419254,TiAPI
419255,Android
419256,iOS
419257,iOS
419258,iOS
419259,iOS
419260,Android
419261,MobileWeb
419262,MobileWeb
419263,MobileWeb
419264,Android
419265,MobileWeb
419266,MobileWeb
419267,iOS
419268,iOS
419269,iOS
419270,iOS
419271,Android
419272,iOS
419273,iOS
419274,iOS
419275,iOS
419276,Android
419277,iOS
419278,Android
419279,Android
419280,iOS
419281,iOS
419282,iOS
419283,iOS
419284,iOS
419285,iOS
419286,iOS
419287,iOS
419288,iOS
419289,iOS
419290,iOS
419291,iOS
419292,Android
419293,iOS
419294,iOS
419296,iOS
419297,iOS
419298,Android
419299,iOS
419300,iOS
419301,iOS
419302,iOS
419303,iOS
419304,iOS
419305,TiAPI
419306,iOS
419307,iOS
419308,Android
419309,iOS
419310,TiAPI
419311,Android
419313,iOS
419314,Android
419315,Release
419316,Release
419317,Release
419318,Release
419319,Release
419320,Release
419321,Release
419322,Release
419323,Release
419324,Release
419325,Release
419326,Release
419327,iOS
419328,iOS
419329,iOS
419330,iOS
419331,Android
419332,iOS
419333,iOS
419334,Release
419335,iOS
419336,iOS
419337,iOS
419338,iOS
419339,iOS
419340,Android
419341,iOS
419342,MobileWeb
419343,Android
419344,TiAPI
419345,Android
419346,iOS
419347,TiAPI
419348,iOS
419349,TiAPI
419350,iOS
419351,Android
419352,Android
419353,iOS
419354,Android
419355,iOS
419356,iOS
419357,MobileWeb
419358,MobileWeb
419359,iOS
419360,Android
419361,iOS
419362,iOS
419363,Release
419364,Release
419365,Release
419366,Release
419367,Release
419368,Release
419369,Release
419370,Release
419371,Release
419372,Release
419373,Android
419374,iOS
419375,iOS
419375,Android
419375,Tooling
419376,iOS
419377,iOS
419378,iOS
419379,iOS
419380,iOS
419381,iOS
419382,Android
419383,iOS
419384,iOS
419385,iOS
419386,Android
419387,Android
419388,CLI
419388,iOS
419388,Tooling
419389,iOS
419390,Tooling
419391,Android
419392,Android
419393,TiAPI
419394,Android
419395,MobileWeb
419396,iOS
419397,iOS
419398,Android
419399,iOS
419400,iOS
419401,Android
419402,Android
419403,iOS
419404,iOS
419405,iOS
419406,iOS
419407,iOS
419408,Android
419409,Android
419410,Android
419411,iOS
419412,iOS
419413,iOS
419414,iOS
419415,TiAPI
419416,iOS
419417,iOS
419418,Release
419419,Release
419420,Release
419421,Release
419422,Release
419423,Release
419424,Release
419425,Release
419426,Release
419427,Release
419428,Android
419429,Android
419430,iOS
419431,iOS
419432,Android
419433,iOS
419434,iOS
419435,iOS
419436,Android
419437,Android
419438,iOS
419439,iOS
419440,iOS
419441,iOS
419442,iOS
419443,iOS
419444,Android
419445,iOS
419446,iOS
419447,TiAPI
419448,Android
419449,iOS
419450,iOS
419451,Android
419451,Tooling
419452,Android
419453,iOS
419454,iOS
419455,Android
419456,TiAPI
419457,iOS
419458,MobileWeb
419459,TiAPI
419460,Android
419461,Tooling
419465,MobileWeb
419466,MobileWeb
419471,MobileWeb
419472,MobileWeb
419473,MobileWeb
419475,MobileWeb
419476,MobileWeb
419477,MobileWeb
419481,MobileWeb
419485,MobileWeb
419486,MobileWeb
419487,MobileWeb
419488,MobileWeb
419489,MobileWeb
419491,MobileWeb
419492,Tooling
419493,MobileWeb
419494,MobileWeb
419496,MobileWeb
419498,MobileWeb
419499,MobileWeb
419500,MobileWeb
419501,MobileWeb
419502,MobileWeb
419503,MobileWeb
419504,MobileWeb
419505,MobileWeb
419506,MobileWeb
419507,MobileWeb
419510,MobileWeb
419511,MobileWeb
419512,MobileWeb
419513,MobileWeb
419514,MobileWeb
419515,MobileWeb
419516,MobileWeb
419517,MobileWeb
419518,MobileWeb
419520,MobileWeb
419521,MobileWeb
419522,MobileWeb
419523,MobileWeb
419524,MobileWeb
419525,MobileWeb
419526,Tooling
419527,MobileWeb
419528,MobileWeb
419529,MobileWeb
419530,MobileWeb
419531,MobileWeb
419532,MobileWeb
419534,MobileWeb
419535,MobileWeb
419536,MobileWeb
419537,MobileWeb
419538,MobileWeb
419539,MobileWeb
419540,MobileWeb
419541,MobileWeb
419542,MobileWeb
419544,MobileWeb
419546,MobileWeb
419547,MobileWeb
419548,MobileWeb
419550,MobileWeb
419551,MobileWeb
419552,MobileWeb
419553,MobileWeb
419554,MobileWeb
419555,MobileWeb
419556,MobileWeb
419557,MobileWeb
419558,MobileWeb
419559,MobileWeb
419560,MobileWeb
419562,MobileWeb
419563,MobileWeb
419565,MobileWeb
419566,MobileWeb
419567,MobileWeb
419568,MobileWeb
419569,MobileWeb
419570,MobileWeb
419571,MobileWeb
419572,MobileWeb
419573,MobileWeb
419576,MobileWeb
419577,MobileWeb
419578,MobileWeb
419579,MobileWeb
419580,MobileWeb
419581,MobileWeb
419582,MobileWeb
419583,MobileWeb
419587,MobileWeb
419588,MobileWeb
419589,MobileWeb
419591,MobileWeb
419592,MobileWeb
419593,MobileWeb
419594,MobileWeb
419595,MobileWeb
419597,MobileWeb
419598,MobileWeb
419599,MobileWeb
419600,MobileWeb
419601,MobileWeb
419602,MobileWeb
419603,MobileWeb
419605,MobileWeb
419606,MobileWeb
419607,MobileWeb
419608,MobileWeb
419609,MobileWeb
419610,MobileWeb
419611,MobileWeb
419612,MobileWeb
419614,MobileWeb
419616,MobileWeb
419618,MobileWeb
419619,MobileWeb
419620,MobileWeb
419621,MobileWeb
419622,MobileWeb
419623,MobileWeb
419624,MobileWeb
419625,MobileWeb
419626,MobileWeb
419627,MobileWeb
419628,MobileWeb
419629,MobileWeb
419630,MobileWeb
419631,MobileWeb
419632,MobileWeb
419633,MobileWeb
419634,MobileWeb
419636,MobileWeb
419637,MobileWeb
419638,MobileWeb
419640,MobileWeb
419641,MobileWeb
419643,MobileWeb
419644,MobileWeb
419645,MobileWeb
419646,MobileWeb
419647,MobileWeb
419649,MobileWeb
419650,MobileWeb
419651,MobileWeb
419652,MobileWeb
419653,MobileWeb
419654,MobileWeb
419655,MobileWeb
419656,MobileWeb
419658,MobileWeb
419659,MobileWeb
419660,MobileWeb
419661,MobileWeb
419662,MobileWeb
419663,MobileWeb
419664,MobileWeb
419666,MobileWeb
419667,MobileWeb
419668,MobileWeb
419669,MobileWeb
419670,MobileWeb
419671,MobileWeb
419672,MobileWeb
419673,MobileWeb
419675,MobileWeb
419676,MobileWeb
419677,MobileWeb
419678,MobileWeb
419679,MobileWeb
419680,iOS
419681,Android
419682,Android
419683,Android
419684,TiAPI
419685,iOS
419686,iOS
419687,iOS
419688,iOS
419689,Tooling
419690,iOS
419691,iOS
419692,Android
419693,Release
419694,Release
419695,Release
419696,Release
419697,Release
419698,Release
419699,Release
419700,Release
419701,Release
419702,Release
419703,Android
419704,iOS
419705,iOS
419706,iOS
419708,iOS
419709,iOS
419710,iOS
419711,iOS
419713,iOS
419714,Android
419715,Android
419716,iOS
419717,iOS
419718,iOS
419719,iOS
419720,iOS
419721,iOS
419722,iOS
419723,iOS
419724,iOS
419725,iOS
419726,iOS
419727,iOS
419728,iOS
419729,iOS
419730,iOS
419731,iOS
419732,iOS
419733,iOS
419735,Android
419735,Tooling
419736,iOS
419737,iOS
419738,TiAPI
419738,Core
419739,Android
419740,iOS
419741,iOS
419742,iOS
419743,iOS
419744,Android
419745,iOS
419746,iOS
419747,Android
419748,iOS
419749,iOS
419750,iOS
419751,iOS
419752,iOS
419753,Release
419754,Release
419755,Release
419756,Release
419757,Release
419758,Release
419759,Release
419760,Release
419761,Release
419762,Release
419763,Android
419764,iOS
419765,TiAPI
419766,iOS
419767,Android
419768,iOS
419769,Android
419770,Android
419771,iOS
419772,Tooling
419773,Android
419774,Android
419775,Android
419776,Android
419778,iOS
419780,iOS
419781,Android
419782,Android
419783,Android
419784,iOS
419785,iOS
419786,iOS
419787,Release
419788,Release
419789,Release
419790,Release
419791,Release
419792,Release
419794,Release
419795,Release
419796,Release
419797,Android
419798,iOS
419799,iOS
419800,iOS
419801,Tooling
419802,Android
419803,iOS
419804,iOS
419805,iOS
419806,iOS
419807,iOS
419808,iOS
419809,iOS
419810,iOS
419811,iOS
419812,iOS
419813,iOS
419814,iOS
419815,iOS
419816,iOS
419817,iOS
419818,Android
419819,iOS
419820,iOS
419821,iOS
419822,iOS
419823,iOS
419824,Android
419825,iOS
419826,iOS
419827,iOS
419828,Android
419829,iOS
419830,iOS
419831,iOS
419832,iOS
419833,iOS
419834,Release
419835,Release
419836,Release
419837,Release
419838,Release
419839,Release
419840,Release
419841,Release
419842,Release
419843,Release
419844,iOS
419845,Android
419846,iOS
419847,Android
419848,iOS
419849,iOS
419850,Android
419851,iOS
419852,Android
419853,iOS
419854,iOS
419855,iOS
419856,iOS
419857,iOS
419858,iOS
419859,Android
419860,iOS
419861,Android
419862,iOS
419863,Android
419864,iOS
419865,iOS
419867,iOS
419868,Android
419869,iOS
419870,iOS
419871,Android
419872,Android
419873,iOS
419874,Android
419875,Android
419876,iOS
419877,iOS
419878,Android
419879,iOS
419880,iOS
419881,Release
419882,Release
419883,Release
419884,Release
419885,Release
419886,Release
419887,Release
419888,Release
419889,Release
419890,Release
419891,iOS
419892,iOS
419893,iOS
419894,iOS
419895,iOS
419896,iOS
419897,iOS
419898,iOS
419899,iOS
419900,iOS
419901,iOS
419902,TiAPI
419903,Android
419904,Android
419905,iOS
419906,Android
419907,Android
419908,Android
419909,Android
419910,iOS
419911,iOS
419912,iOS
419913,Android
419914,Android
419915,iOS
419916,Android
419917,iOS
419918,Release
419919,Release
419920,Release
419921,Release
419922,Release
419923,Release
419924,Release
419925,Release
419926,Release
419927,Release
419928,iOS
419929,Android
419930,TiAPI
419931,TiAPI
419932,iOS
419933,TiAPI
419934,TiAPI
419935,Android
419936,Android
419937,iOS
419938,iOS
419939,Android
419940,Android
419941,iOS
419942,iOS
419943,iOS
419944,Android
419945,iOS
419946,Android
419948,Android
419949,iOS
419950,TiAPI
419951,iOS
419952,iOS
419953,Android
419954,iOS
419955,iOS
419956,Android
419957,iOS
419958,Android
419959,Android
419960,Android
419961,Android
419962,iOS
419963,Android
419964,Android
419965,Android
419966,iOS
419967,iOS
419968,Drillbit
419969,iOS
419970,iOS
419971,iOS
419972,Drillbit
419973,iOS
419974,iOS
419975,iOS
419977,Release
419978,Release
419979,Release
419980,Release
419981,Release
419982,Release
419983,Release
419984,Release
419985,Release
419986,Release
419987,Android
419988,Tooling
419989,Android
419991,Android
419992,Android
419994,Android
419995,Android
419996,Android
419997,Android
419998,Android
419999,Android
420000,Android
420001,iOS
420002,Android
420003,iOS
420004,Android
420005,Android
420006,iOS
420007,Android
420008,Android
420009,iOS
420010,Android
420011,iOS
420012,iOS
420013,Android
420014,iOS
420015,iOS
420016,iOS
420017,iOS
420018,iOS
420019,iOS
420020,iOS
420021,iOS
420022,iOS
420023,iOS
420024,iOS
420025,iOS
420026,iOS
420027,iOS
420028,iOS
420029,iOS
420030,iOS
420031,Android
420032,iOS
420033,iOS
420034,Android
420035,Android
420036,Tooling
420037,iOS
420038,Tooling
420039,Release
420040,Android
420041,iOS
420042,Android
420043,Android
420044,Release
420045,Release
420046,Release
420047,Release
420048,Release
420049,Release
420050,Release
420051,Release
420052,Release
420053,iOS
420054,iOS
420056,Android
420057,Android
420060,iOS
420061,Android
420062,iOS
420063,iOS
420064,iOS
420065,TiAPI
420066,iOS
420067,iOS
420068,iOS
420069,Android
420070,Android
420071,Android
420072,Android
420073,iOS
420074,Android
420075,Drillbit
420076,Android
420077,iOS
420079,Tooling
420080,iOS
420081,Android
420082,iOS
420084,iOS
420085,iOS
420086,iOS
420087,iOS
420088,Tooling
420089,TiAPI
420091,iOS
420092,iOS
420093,iOS
420094,iOS
420095,iOS
420096,iOS
420097,Drillbit
420098,TiAPI
420099,Android
420100,Android
420100,Tooling
420101,iOS
420102,iOS
420103,Android
420104,iOS
420105,Android
420106,Release
420107,Release
420108,Release
420109,Release
420110,Release
420111,Release
420112,Release
420113,Release
420114,Release
420115,iOS
420116,Android
420117,iOS
420118,iOS
420119,Android
420120,Android
420120,Tooling
420121,Tooling
420122,iOS
420123,Android
420124,Android
420125,Android
420127,Android
420128,iOS
420129,iOS
420130,iOS
420131,Tooling
420132,iOS
420133,iOS
420134,iOS
420136,iOS
420137,iOS
420138,Android
420139,Android
420140,iOS
420141,Android
420142,iOS
420143,iOS
420144,iOS
420145,Android
420146,iOS
420147,iOS
420148,iOS
420149,Android
420150,Release
420151,Release
420152,Release
420153,Release
420154,Release
420155,Release
420156,Release
420157,Release
420158,Release
420159,Android
420160,Android
420161,iOS
420162,Android
420163,iOS
420164,Android
420165,iOS
420166,iOS
420167,iOS
420168,iOS
420169,iOS
420170,TiAPI
420171,Tooling
420172,Tooling
420173,Android
420174,Tooling
420175,Android
420176,Android
420177,Android
420178,Android
420179,iOS
420180,Android
420181,iOS
420182,iOS
420183,iOS
420184,Android
420185,iOS
420186,Android
420187,iOS
420188,Android
420189,iOS
420190,Android
420191,iOS
420192,TiAPI
420193,TiAPI
420194,iOS
420195,iOS
420196,Android
420197,Android
420198,iOS
420199,TiAPI
420200,TiAPI
420201,iOS
420202,TiAPI
420203,Android
420204,iOS
420205,iOS
420206,iOS
420207,Release
420208,iOS
420209,iOS
420210,Drillbit
420211,iOS
420212,Android
420213,iOS
420214,iOS
420215,Android
420216,Release
420217,Release
420218,Release
420219,Release
420220,Release
420221,Release
420222,Release
420223,Release
420224,iOS
420225,Android
420226,Android
420227,Drillbit
420228,Android
420229,iOS
420230,Android
420231,iOS
420232,iOS
420233,iOS
420234,Android
420235,Android
420236,TiAPI
420237,Android
420238,TiAPI
420239,TiAPI
420240,iOS
420241,iOS
420242,iOS
420244,iOS
420245,iOS
420246,Android
420247,Drillbit
420248,Android
420249,Drillbit
420250,Android
420251,Android
420252,TiAPI
420253,iOS
420254,iOS
420255,iOS
420256,iOS
420257,Android
420258,iOS
420259,Android
420260,Android
420261,Android
420262,Android
420263,Android
420264,iOS
420265,iOS
420266,iOS
420267,iOS
420268,Android
420269,iOS
420270,iOS
420271,iOS
420272,TiAPI
420273,iOS
420274,Android
420275,Android
420276,Drillbit
420277,Android
420278,iOS
420279,Android
420280,iOS
420281,Drillbit
420282,Tooling
420283,Android
420284,TiAPI
420285,Android
420286,iOS
420287,Android
420288,iOS
420289,Android
420290,Android
420291,Android
420292,Android
420293,Release
420294,Release
420295,Release
420296,Release
420297,Tooling
420298,Android
420299,Tooling
420300,Android
420301,iOS
420302,Android
420303,iOS
420304,iOS
420305,iOS
420306,iOS
420307,Android
420308,Android
420309,iOS
420310,Android
420311,Android
420312,Android
420313,TiAPI
420314,iOS
420315,iOS
420316,Android
420317,Android
420318,iOS
420319,Tooling
420320,TiAPI
420321,iOS
420322,iOS
420323,Android
420324,iOS
420325,Android
420325,Tooling
420326,TiAPI
420327,Android
420328,iOS
420329,Android
420330,Android
420331,Android
420332,Android
420333,Android
420334,Android
420335,Android
420336,Android
420337,Android
420338,Android
420339,TiAPI
420340,Android
420341,Android
420342,Tooling
420343,Android
420344,Android
420344,Tooling
420345,Android
420346,Android
420347,Android
420348,Android
420349,Android
420350,Android
420351,iOS
420352,iOS
420353,iOS
420354,Drillbit
420355,Drillbit
420356,iOS
420358,iOS
420359,iOS
420360,iOS
420361,iOS
420362,iOS
420363,iOS
420364,iOS
420365,iOS
420366,iOS
420367,Drillbit
420368,iOS
420369,iOS
420370,TiAPI
420371,TiAPI
420372,iOS
420373,iOS
420374,Android
420375,iOS
420376,iOS
420377,Android
420378,Android
420379,Android
420380,Android
420381,iOS
420382,Android
420383,Android
420384,Android
420385,Android
420386,iOS
420387,iOS
420388,Android
420389,Android
420390,Android
420391,Tooling
420392,Android
420393,Android
420394,Android
420395,Android
420396,iOS
420397,Android
420398,Drillbit
420399,Android
420400,iOS
420401,Release
420402,iOS
420403,iOS
420404,Android
420405,iOS
420406,TiAPI
420407,TiAPI
420408,Android
420409,iOS
420410,iOS
420411,iOS
420412,Android
420413,iOS
420414,iOS
420415,iOS
420416,iOS
420417,iOS
420418,iOS
420419,iOS
420420,Android
420421,iOS
420422,iOS
420423,iOS
420424,TiAPI
420425,Android
420426,iOS
420427,Android
420428,TiAPI
420429,TiAPI
420430,TiAPI
420431,TiAPI
420432,TiAPI
420433,TiAPI
420434,TiAPI
420435,TiAPI
420436,TiAPI
420437,TiAPI
420438,TiAPI
420439,TiAPI
420440,TiAPI
420441,TiAPI
420442,iOS
420444,iOS
420445,iOS
420446,iOS
420447,iOS
420448,iOS
420449,iOS
420450,iOS
420451,iOS
420452,iOS
420453,Android
420454,Android
420455,Android
420456,Android
420457,iOS
420458,Android
420459,iOS
420460,iOS
420461,Android
420462,Android
420463,Android
420464,Android
420465,iOS
420466,iOS
420467,Android
420468,Android
420469,Android
420470,Android
420471,Android
420472,iOS
420473,iOS
420474,Android
420475,Android
420476,iOS
420477,Android
420478,Android
420479,Android
420479,Tooling
420480,Android
420481,Android
420482,iOS
420483,iOS
420484,Drillbit
420485,Android
420486,Android
420486,Tooling
420487,Drillbit
420488,iOS
420489,iOS
420490,TiAPI
420491,TiAPI
420492,Android
420493,iOS
420494,Android
420495,Android
420497,iOS
420498,iOS
420499,iOS
420500,iOS
420501,Drillbit
420502,iOS
420503,Android
420504,iOS
420506,Android
420507,Android
420508,iOS
420509,Android
420510,Android
420511,iOS
420512,TiAPI
420513,Android
420514,iOS
420515,iOS
420516,Android
420517,iOS
420518,Android
420519,Android
420520,Android
420521,Android
420522,Tooling
420523,iOS
420524,Android
420525,Android
420526,iOS
420527,Android
420528,Android
420529,iOS
420530,iOS
420531,Android
420532,Android
420533,Android
420534,Android
420535,Tooling
420536,iOS
420537,Android
420538,iOS
420539,iOS
420540,TiAPI
420541,Android
420542,iOS
420543,Drillbit
420544,Drillbit
420545,Drillbit
420546,Drillbit
420547,iOS
420548,iOS
420549,iOS
420551,TiAPI
420552,iOS
420553,Android
420554,iOS
420555,Android
420556,iOS
420557,iOS
420558,Android
420559,iOS
420560,iOS
420561,iOS
420562,Android
420564,Android
420565,iOS
420566,iOS
420569,Android
420570,iOS
420571,Android
420574,Android
420575,Android
420576,iOS
420577,Android
420579,Android
420580,iOS
420581,iOS
420582,Android
420583,iOS
420584,Android
420585,Android
420586,Android
420587,iOS
420588,Android
420589,iOS
420590,Drillbit
420591,Drillbit
420592,Android
420593,Android
420594,iOS
420595,iOS
420596,iOS
420597,iOS
420598,Android
420599,Drillbit
420602,Android
420603,Android
420604,iOS
420605,Tooling
420606,TiAPI
420607,Android
420608,iOS
420609,Android
420610,iOS
420611,Android
420612,Android
420613,Android
420614,Android
420615,Android
420616,iOS
420617,Android
420618,Android
420619,Drillbit
420620,Android
420621,Android
420622,iOS
420623,Android
420624,Android
420625,iOS
420626,Android
420627,Android
420628,iOS
420629,Android
420630,Android
420631,iOS
420632,iOS
420633,Android
420634,iOS
420635,iOS
420636,iOS
420638,iOS
420640,iOS
420641,iOS
420642,iOS
420643,iOS
420644,iOS
420645,iOS
420646,Android
420647,iOS
420648,iOS
420649,iOS
420650,Drillbit
420651,Drillbit
420652,iOS
420653,iOS
420654,iOS
420655,Android
420656,iOS
420657,Android
420658,Android
420659,iOS
420660,iOS
420662,iOS
420663,iOS
420664,iOS
420665,iOS
420666,iOS
420667,iOS
420668,iOS
420669,Android
420670,iOS
420671,iOS
420672,iOS
420673,iOS
420674,iOS
420675,iOS
420676,Tooling
420677,iOS
420678,Android
420679,iOS
420680,Android
420681,iOS
420682,iOS
420684,iOS
420684,Android
420685,Android
420687,iOS
420688,Android
420689,Android
420690,iOS
420691,Android
420692,iOS
420693,Android
420694,Android
420695,iOS
420696,Android
420697,Android
420698,Android
420699,Android
420700,iOS
420701,iOS
420702,iOS
420703,iOS
420704,iOS
420705,Android
420706,iOS
420707,iOS
420708,iOS
420709,iOS
420710,Android
420711,Android
420711,Tooling
420712,iOS
420714,iOS
420715,iOS
420716,iOS
420717,iOS
420718,iOS
420719,iOS
420720,iOS
420721,iOS
420722,iOS
420723,iOS
420724,iOS
420725,iOS
420726,iOS
420727,iOS
420728,iOS
420729,iOS
420730,Android
420731,iOS
420732,Android
420733,Android
420735,iOS
420737,iOS
420737,Android
420738,iOS
420740,iOS
420741,Android
420742,Android
420745,Android
420746,Android
420747,Android
420748,Android
420749,Android
420750,Android
420752,Android
420753,Android
420754,iOS
420755,iOS
420756,Android
420757,iOS
420758,Android
420759,iOS
420760,iOS
420761,Android
420763,Android
420764,iOS
420765,Android
420766,Android
420767,Android
420768,iOS
420769,Android
420770,Android
420771,iOS
420772,TiAPI
420773,iOS
420774,iOS
420775,Android
420776,Release
420777,Release
420778,Android
420779,Android
420780,Android
420781,Android
420782,Android
420783,Android
420784,Android
420785,Android
420786,Android
420787,Android
420788,Android
420789,Android
420790,iOS
420791,iOS
420792,Android
420793,Android
420794,Android
420795,Tooling
420796,Android
420797,Android
420797,Tooling
420798,iOS
420799,iOS
420800,iOS
420801,iOS
420802,iOS
420803,iOS
420804,iOS
420805,iOS
420806,iOS
420807,iOS
420809,Android
420810,Android
420811,iOS
420812,Android
420813,iOS
420814,Android
420815,Tooling
420816,Android
420817,Android
420818,Android
420819,Android
420820,Android
420821,Android
420822,Android
420823,Android
420824,Android
420825,Android
420826,Android
420827,Android
420828,Android
420829,TiAPI
420830,iOS
420831,Android
420832,iOS
420833,Android
420834,Android
420835,Android
420836,Android
420837,Android
420838,Android
420839,Android
420840,Android
420841,Android
420842,Android
420843,Android
420844,Android
420845,iOS
420846,iOS
420847,iOS
420848,iOS
420849,iOS
420850,iOS
420851,iOS
420852,iOS
420853,iOS
420854,iOS
420855,iOS
420856,iOS
420857,iOS
420858,iOS
420859,iOS
420860,iOS
420861,iOS
420862,iOS
420863,iOS
420864,iOS
420865,iOS
420866,iOS
420867,iOS
420868,Android
420869,Android
420870,Android
420871,Tooling
420872,Android
420873,iOS
420874,BlackBerry
420875,iOS
420876,Android
420877,Android
420878,Android
420879,Tooling
420880,iOS
420881,Tooling
420882,Android
420883,Android
420884,Android
420885,iOS
420886,Android
420887,iOS
420888,Android
420889,iOS
420890,iOS
420891,iOS
420892,TiAPI
420893,iOS
420894,Android
420895,TiAPI
420896,TiAPI
420897,Android
420898,Android
420899,Android
420900,Android
420901,TiAPI
420902,Android
420903,Android
420904,Android
420905,Android
420906,Android
420907,Android
420908,Android
420909,Android
420910,Android
420911,Android
420912,Android
420913,iOS
420914,iOS
420915,iOS
420916,iOS
420917,Android
420921,iOS
420922,Android
420923,TiAPI
420924,Android
420925,Android
420926,Android
420927,Android
420928,Android
420929,Android
420930,Android
420931,Android
420932,Android
420933,Android
420934,Android
420935,Android
420937,Android
420938,Android
420940,Android
420941,Android
420942,Android
420943,iOS
420944,Tooling
420945,Tooling
420946,TiAPI
420947,Android
420948,Android
420949,Android
420950,Android
420951,iOS
420952,iOS
420953,iOS
420954,Android
420955,Android
420956,iOS
420957,iOS
420958,Tooling
420959,Android
420960,Android
420961,iOS
420962,iOS
420963,iOS
420964,iOS
420965,iOS
420966,iOS
420967,iOS
420968,iOS
420969,iOS
420970,iOS
420971,iOS
420972,TiAPI
420973,iOS
420974,iOS
420975,Android
420976,iOS
420977,iOS
420978,iOS
420979,TiAPI
420980,iOS
420981,iOS
420982,iOS
420983,iOS
420984,iOS
420985,Android
420986,Android
420987,Android
420988,Android
420989,Android
420990,Android
420991,Android
420992,Android
420993,Android
420994,Android
420995,Android
420996,Android
420997,TiAPI
420998,iOS
420999,Release
421000,Android
421001,iOS
421002,iOS
421003,iOS
421004,iOS
421005,iOS
421006,iOS
421007,iOS
421008,iOS
421009,Android
421010,iOS
421011,Android
421012,Android
421013,Android
421014,Android
421015,Android
421016,Android
421017,Android
421018,Android
421019,Android
421020,Android
421021,Android
421022,Android
421023,Android
421024,Android
421025,Android
421026,Android
421027,Android
421028,Android
421029,Android
421030,Android
421031,Android
421032,Android
421033,Android
421034,Android
421035,Android
421036,Android
421037,Android
421038,Android
421039,Android
421040,Android
421041,Android
421042,Android
421043,Android
421044,Android
421045,Android
421046,Android
421047,Android
421048,Android
421049,Android
421050,Android
421051,Android
421052,Android
421053,Android
421054,Android
421055,Android
421056,Android
421057,Android
421058,Android
421059,Android
421060,Android
421061,Android
421062,Android
421063,Android
421064,iOS
421065,iOS
421065,Android
421066,Android
421067,Android
421068,Android
421069,Android
421070,iOS
421071,iOS
421072,TiAPI
421073,Android
421074,Android
421075,Android
421076,Android
421077,iOS
421078,Android
421079,Android
421080,Android
421081,Android
421082,Android
421083,Android
421084,Drillbit
421085,Android
421086,Drillbit
421087,Android
421088,Android
421089,iOS
421090,iOS
421091,iOS
421092,iOS
421093,Android
421093,Anvil
421094,iOS
421095,Android
421096,Android
421097,Android
421098,Android
421099,Android
421100,Android
421101,Android
421102,Android
421103,iOS
421103,Android
421103,Tooling
421104,Android
421105,iOS
421106,iOS
421107,iOS
421108,iOS
421109,Android
421110,iOS
421111,iOS
421112,Drillbit
421113,Android
421114,iOS
421115,Android
421116,Android
421117,Android
421118,Android
421119,Android
421120,iOS
421121,Tooling
421122,iOS
421123,Drillbit
421124,Android
421125,iOS
421126,iOS
421126,Drillbit
421127,iOS
421127,Android
421127,Drillbit
421128,Android
421129,iOS
421130,iOS
421131,iOS
421132,iOS
421132,Android
421132,Drillbit
421133,Android
421134,Android
421135,iOS
421136,Android
421137,Android
421138,iOS
421139,Android
421140,Android
421141,iOS
421142,Android
421143,iOS
421144,iOS
421145,Android
421146,Android
421147,iOS
421148,Android
421149,Android
421150,Android
421151,Android
421152,Android
421153,iOS
421154,iOS
421155,iOS
421156,iOS
421157,iOS
421158,iOS
421159,iOS
421160,iOS
421161,iOS
421162,iOS
421163,iOS
421164,iOS
421165,iOS
421166,iOS
421167,Android
421168,iOS
421169,iOS
421170,iOS
421171,Android
421172,Android
421173,iOS
421174,Android
421175,iOS
421176,Android
421177,Android
421178,Android
421179,iOS
421180,iOS
421181,iOS
421182,Android
421183,Android
421184,iOS
421185,Tooling
421186,iOS
421187,Android
421188,Android
421189,Android
421190,iOS
421191,iOS
421192,Android
421193,iOS
421194,iOS
421195,iOS
421196,iOS
421197,Android
421198,iOS
421199,iOS
421200,iOS
421201,iOS
421202,iOS
421203,iOS
421204,iOS
421205,iOS
421206,Android
421207,iOS
421208,iOS
421209,iOS
421210,iOS
421211,Android
421212,iOS
421213,Android
421214,iOS
421215,iOS
421216,Android
421217,iOS
421218,Android
421219,Android
421220,iOS
421221,iOS
421222,Android
421223,iOS
421224,Android
421225,iOS
421226,Android
421227,Android
421228,iOS
421229,iOS
421230,iOS
421231,iOS
421232,iOS
421233,Android
421234,iOS
421235,iOS
421236,iOS
421237,iOS
421238,Android
421239,Android
421240,Android
421241,Android
421242,Android
421243,iOS
421244,iOS
421245,iOS
421246,iOS
421247,iOS
421248,iOS
421249,iOS
421250,iOS
421251,iOS
421252,Android
421253,iOS
421254,iOS
421255,Android
421256,iOS
421257,Android
421258,Android
421259,iOS
421260,iOS
421261,iOS
421262,Android
421263,iOS
421264,iOS
421265,Android
421266,Android
421267,iOS
421268,iOS
421269,iOS
421270,iOS
421271,Android
421272,iOS
421273,iOS
421274,iOS
421275,Android
421276,Android
421277,iOS
421278,Android
421279,Android
421280,iOS
421281,iOS
421282,iOS
421283,iOS
421284,iOS
421285,iOS
421286,iOS
421287,iOS
421288,iOS
421289,iOS
421290,iOS
421291,Android
421292,iOS
421293,iOS
421294,iOS
421295,iOS
421296,iOS
421297,iOS
421298,TiAPI
421299,Android
421300,iOS
421301,iOS
421302,iOS
421303,iOS
421304,iOS
421305,Android
421306,Android
421307,iOS
421308,iOS
421309,Android
421310,iOS
421311,iOS
421312,Android
421313,iOS
421314,iOS
421315,iOS
421316,Android
421317,iOS
421318,iOS
421319,iOS
421320,iOS
421321,Android
421322,Android
421323,Android
421324,Android
421325,Android
421326,Android
421327,iOS
421328,iOS
421329,Android
421330,iOS
421331,iOS
421332,iOS
421333,TiAPI
421334,Drillbit
421335,iOS
421336,iOS
421337,iOS
421338,Android
421339,iOS
421340,iOS
421341,iOS
421342,iOS
421343,Android
421344,iOS
421345,Android
421346,Drillbit
421347,iOS
421348,iOS
421349,iOS
421350,Android
421351,iOS
421352,iOS
421353,iOS
421354,iOS
421355,iOS
421356,Android
421357,iOS
421358,iOS
421359,iOS
421360,Android
421361,iOS
421362,iOS
421363,iOS
421364,Android
421365,Android
421366,iOS
421367,iOS
421368,iOS
421369,iOS
421370,iOS
421371,iOS
421372,iOS
421373,iOS
421374,iOS
421375,iOS
421376,iOS
421377,iOS
421378,iOS
421379,iOS
421380,iOS
421381,iOS
421382,iOS
421383,iOS
421384,Android
421385,iOS
421386,Android
421387,Android
421388,Android
421389,Android
421390,iOS
421391,Android
421392,iOS
421393,iOS
421394,iOS
421395,Android
421396,iOS
421397,iOS
421398,iOS
421399,iOS
421400,iOS
421401,Android
421402,iOS
421403,iOS
421404,iOS
421405,Android
421406,Android
421407,Android
421408,iOS
421409,iOS
421410,iOS
421411,iOS
421412,Android
421413,iOS
421414,iOS
421415,iOS
421416,iOS
421417,iOS
421418,iOS
421419,iOS
421420,iOS
421421,iOS
421422,iOS
421423,Android
421424,iOS
421425,iOS
421426,Android
421427,Android
421428,iOS
421429,Android
421430,iOS
421431,Android
421432,Android
421433,Android
421434,Drillbit
421435,iOS
421436,Drillbit
421437,iOS
421438,iOS
421439,iOS
421440,iOS
421441,iOS
421442,iOS
421443,Android
421444,iOS
421445,iOS
421446,Android
421447,Android
421448,iOS
421449,iOS
421450,Android
421451,iOS
421452,iOS
421453,iOS
421454,Android
421455,Android
421456,iOS
421457,Android
421458,Android
421459,Android
421460,iOS
421461,iOS
421462,iOS
421463,iOS
421464,Android
421465,Android
421466,iOS
421467,iOS
421468,Android
421469,Android
421470,iOS
421471,Android
421472,Android
421473,iOS
421474,iOS
421475,Android
421476,iOS
421477,iOS
421478,Android
421479,Android
421480,iOS
421481,iOS
421482,iOS
421483,iOS
421484,iOS
421485,Android
421486,Android
421487,iOS
421488,iOS
421489,Android
421490,Android
421491,iOS
421492,iOS
421493,iOS
421494,Android
421495,Android
421496,iOS
421497,iOS
421498,iOS
421498,Tooling
421499,Android
421500,iOS
421501,iOS
421502,iOS
421503,Android
421504,iOS
421505,iOS
421506,iOS
421507,Android
421508,TiAPI
421509,iOS
421510,Android
421511,Android
421512,Android
421513,Android
421514,Android
421515,Android
421516,Android
421517,iOS
421518,iOS
421519,Android
421520,Android
421521,Android
421522,Android
421523,iOS
421524,iOS
421525,Android
421526,Android
421527,iOS
421528,Android
421528,Tooling
421529,iOS
421530,Android
421531,Android
421532,iOS
421533,iOS
421534,Android
421534,Tooling
421535,Android
421536,Android
421537,Android
421538,Android
421539,iOS
421540,iOS
421541,Android
421542,Android
421543,Android
421544,Android
421545,iOS
421546,Android
421547,iOS
421548,iOS
421549,Android
421550,Android
421551,Android
421552,Android
421553,Android
421554,iOS
421555,Android
421556,Android
421557,iOS
421558,iOS
421559,Android
421560,iOS
421561,Android
421562,iOS
421563,Android
421564,iOS
421565,iOS
421566,iOS
421567,iOS
421568,iOS
421569,Android
421570,Android
421571,iOS
421572,Android
421573,iOS
421574,Android
421575,Android
421576,Android
421577,Android
421578,iOS
421579,iOS
421580,Android
421581,iOS
421582,iOS
421583,Android
421584,Android
421585,Android
421586,Android
421587,iOS
421588,Android
421589,Android
421590,Android
421591,iOS
421592,iOS
421593,iOS
421594,Android
421595,Android
421596,iOS
421597,iOS
421598,iOS
421599,iOS
421600,iOS
421601,iOS
421602,Android
421603,iOS
421604,iOS
421605,Android
421606,iOS
421607,iOS
421608,Android
421609,Android
421610,Android
421611,iOS
421612,Android
421613,Android
421614,Android
421615,iOS
421616,iOS
421617,Android
421618,Android
421619,Android
421620,Android
421621,iOS
421622,Android
421623,iOS
421624,iOS
421625,iOS
421626,Android
421627,Android
421628,Android
421629,Android
421630,Android
421631,Android
421632,Android
421633,Android
421634,Android
421635,Android
421636,iOS
421637,Android
421638,Android
421639,Android
421640,iOS
421641,iOS
421642,Android
421643,iOS
421644,Android
421645,Android
421646,Android
421647,Android
421648,Android
421649,Android
421650,iOS
421651,iOS
421652,iOS
421653,Android
421654,Android
421655,Android
421656,iOS
421657,Android
421658,Android
421659,Android
421660,Android
421661,iOS
421662,iOS
421663,Android
421664,Android
421665,Android
421666,Android
421667,iOS
421668,iOS
421669,iOS
421670,Android
421671,Android
421672,iOS
421673,Android
421674,Android
421675,iOS
421676,iOS
421677,iOS
421678,iOS
421679,iOS
421680,iOS
421681,iOS
421682,iOS
421683,iOS
421684,Android
421685,Android
421686,Android
421687,Android
421688,iOS
421689,Android
421690,iOS
421691,iOS
421692,iOS
421693,iOS
421694,iOS
421695,iOS
421696,Android
421697,Android
421698,iOS
421699,iOS
421700,iOS
421701,iOS
421702,iOS
421703,iOS
421704,iOS
421705,iOS
421706,Android
421707,iOS
421708,iOS
421709,iOS
421710,iOS
421711,iOS
421712,iOS
421713,Android
421714,iOS
421715,iOS
421716,Android
421717,Android
421718,iOS
421719,Android
421720,iOS
421721,iOS
421722,iOS
421723,iOS
421724,iOS
421725,iOS
421726,iOS
421727,iOS
421728,iOS
421729,iOS
421730,iOS
421731,Android
421732,iOS
421733,Android
421734,iOS
421735,iOS
421736,Android
421737,iOS
421738,iOS
421739,Android
421740,Android
421741,iOS
421742,iOS
421743,iOS
421744,iOS
421745,iOS
421746,Android
421747,BlackBerry
421748,iOS
421749,iOS
421750,Android
421751,iOS
421752,Android
421753,iOS
421754,iOS
421755,Android
421756,iOS
421757,Android
421758,iOS
421759,iOS
421760,iOS
421761,Android
421762,Android
421763,Android
421764,Android
421765,iOS
421766,Android
421767,Android
421768,Android
421769,Android
421770,Android
421771,Android
421772,Android
421773,Android
421774,Android
421775,Android
421776,iOS
421777,iOS
421778,iOS
421779,Android
421780,Android
421781,iOS
421782,Android
421783,iOS
421784,Android
421785,iOS
421786,iOS
421787,iOS
421788,Android
421789,iOS
421790,iOS
421791,Android
421792,Android
421793,iOS
421794,iOS
421795,Android
421796,iOS
421797,Android
421798,iOS
421799,iOS
421800,Android
421801,Android
421802,iOS
421803,iOS
421804,iOS
421805,iOS
421806,iOS
421807,iOS
421808,iOS
421809,Android
421810,iOS
421811,iOS
421812,iOS
421813,Android
421814,Android
421815,Android
421816,Android
421817,Android
421818,Android
421819,Android
421820,iOS
421821,Android
421822,Android
421823,Android
421824,Android
421825,iOS
421826,iOS
421827,iOS
421828,iOS
421829,Android
421830,iOS
421831,Android
421832,Android
421833,iOS
421834,iOS
421835,iOS
421836,iOS
421837,iOS
421838,iOS
421839,iOS
421840,iOS
421841,iOS
421842,iOS
421843,iOS
421844,iOS
421845,iOS
421846,iOS
421847,Android
421848,iOS
421849,Android
421850,iOS
421851,Android
421852,Android
421853,Android
421854,Android
421855,Android
421856,Android
421857,iOS
421858,Android
421859,Android
421860,iOS
421861,Android
421862,Android
421863,Android
421864,Android
421865,iOS
421866,iOS
421867,Android
421868,iOS
421869,Android
421870,Android
421871,iOS
421872,iOS
421873,iOS
421874,iOS
421875,iOS
421876,iOS
421877,iOS
421878,Android
421879,Android
421879,Tooling
421880,iOS
421881,iOS
421882,iOS
421883,iOS
421884,iOS
421885,iOS
421886,iOS
421887,iOS
421888,Android
421889,Android
421890,iOS
421891,iOS
421892,iOS
421893,iOS
421894,iOS
421895,Android
421896,iOS
421897,iOS
421898,iOS
421899,iOS
421900,iOS
421901,iOS
421902,Android
421903,Android
421904,iOS
421905,Android
421906,iOS
421907,iOS
421908,iOS
421909,iOS
421910,Android
421911,iOS
421912,iOS
421913,iOS
421914,Android
421915,iOS
421916,iOS
421917,iOS
421918,Android
421918,Tooling
421919,iOS
421920,iOS
421921,Android
421922,Android
421923,Android
421924,Android
421925,Android
421926,Android
421927,Android
421928,iOS
421929,iOS
421930,iOS
421931,Android
421932,Android
421933,iOS
421934,iOS
421935,iOS
421936,Android
421937,iOS
421938,Android
421938,Tooling
421939,Android
421940,Android
421941,iOS
421942,iOS
421943,Android
421944,Android
421945,iOS
421946,Android
421947,iOS
421948,iOS
421949,iOS
421950,iOS
421951,iOS
421952,iOS
421953,iOS
421954,iOS
421955,iOS
421956,iOS
421957,iOS
421958,iOS
421959,iOS
421960,iOS
421961,iOS
421962,iOS
421963,iOS
421964,Android
421965,Android
421965,Tooling
421966,Android
421967,Android
421968,Android
421969,Android
421970,Android
421971,Android
421972,Android
421973,Android
421974,iOS
421975,iOS
421976,iOS
421977,Android
421978,iOS
421979,Android
421980,iOS
421981,iOS
421982,iOS
421983,iOS
421984,Android
421985,Android
421986,iOS
421987,iOS
421988,iOS
421989,iOS
421990,iOS
421991,iOS
421992,iOS
421993,iOS
421994,Android
421995,TiAPI
421996,iOS
421997,iOS
421998,Android
421999,Android
422000,iOS
422001,Android
422002,iOS
422003,Android
422004,iOS
422005,Android
422006,iOS
422007,iOS
422008,Android
422009,Android
422010,Android
422011,Android
422012,Android
422013,Android
422014,Android
422015,Android
422016,Android
422017,Android
422018,iOS
422019,Android
422020,Android
422021,Android
422022,iOS
422023,iOS
422024,iOS
422025,iOS
422026,iOS
422027,Android
422028,Android
422029,Android
422030,iOS
422031,iOS
422032,iOS
422033,Android
422034,Android
422034,Tooling
422035,Android
422036,Android
422037,Android
422038,iOS
422039,iOS
422040,iOS
422041,iOS
422042,Android
422043,Android
422044,iOS
422045,iOS
422046,iOS
422047,Android
422048,Android
422049,iOS
422050,Android
422050,Tooling
422051,iOS
422052,Android
422053,iOS
422054,Android
422055,iOS
422056,Android
422057,iOS
422058,Android
422059,iOS
422060,iOS
422061,iOS
422062,iOS
422063,iOS
422064,iOS
422065,Android
422066,iOS
422067,iOS
422068,iOS
422069,Android
422070,Android
422071,Android
422072,iOS
422073,Android
422074,Android
422075,Android
422076,Android
422077,iOS
422078,iOS
422079,iOS
422080,Android
422081,Android
422082,iOS
422083,iOS
422084,iOS
422085,iOS
422086,iOS
422087,Android
422088,Android
422089,iOS
422090,iOS
422091,Android
422092,iOS
422093,Android
422094,iOS
422095,iOS
422096,iOS
422097,iOS
422098,iOS
422099,Drillbit
422100,Android
422101,iOS
422102,iOS
422103,iOS
422104,Android
422105,Android
422106,iOS
422107,Android
422108,Android
422109,Android
422110,iOS
422111,Android
422112,Tooling
422113,iOS
422114,iOS
422115,Android
422116,iOS
422117,Android
422118,iOS
422119,iOS
422120,iOS
422121,iOS
422122,iOS
422123,Android
422124,iOS
422125,Android
422126,Android
422127,iOS
422128,iOS
422129,Android
422130,Android
422131,Android
422132,iOS
422133,Android
422134,Android
422135,iOS
422136,Android
422137,Android
422138,iOS
422139,Android
422140,Android
422141,iOS
422142,Android
422143,iOS
422144,iOS
422145,Android
422146,iOS
422147,iOS
422148,Android
422149,Android
422150,Android
422151,iOS
422152,Android
422153,iOS
422154,Android
422155,Android
422156,Android
422157,Android
422158,iOS
422159,Android
422160,iOS
422161,iOS
422162,iOS
422163,iOS
422164,iOS
422165,Android
422166,Android
422166,Tooling
422167,iOS
422168,iOS
422169,iOS
422170,iOS
422171,Android
422172,Android
422173,Android
422174,Android
422175,Android
422176,iOS
422177,Android
422178,Android
422179,Android
422180,iOS
422181,Android
422182,iOS
422183,iOS
422184,Android
422185,iOS
422186,Android
422187,Android
422188,Android
422189,iOS
422190,Android
422191,Android
422192,Android
422193,iOS
422194,Android
422195,iOS
422196,Android
422197,Android
422198,Android
422199,Android
422200,Android
422201,iOS
422202,iOS
422203,iOS
422204,iOS
422205,Android
422206,iOS
422207,iOS
422208,iOS
422209,iOS
422210,iOS
422211,iOS
422212,Android
422213,Tooling
422214,iOS
422215,Android
422216,Android
422217,iOS
422218,Android
422219,Android
422220,Android
422221,Android
422222,Android
422223,Android
422224,Android
422225,Android
422226,iOS
422227,iOS
422228,iOS
422229,Android
422230,Android
422231,Android
422232,iOS
422233,iOS
422234,iOS
422235,iOS
422236,iOS
422237,iOS
422238,Android
422239,Android
422240,iOS
422241,iOS
422242,iOS
422243,iOS
422244,Android
422245,Android
422246,Android
422247,Android
422248,Android
422249,iOS
422250,Android
422251,Android
422252,Android
422253,iOS
422254,iOS
422255,Android
422256,Android
422257,iOS
422258,Android
422259,iOS
422260,Android
422261,Android
422262,iOS
422263,iOS
422264,iOS
422265,iOS
422266,Drillbit
422267,iOS
422268,iOS
422269,Android
422270,iOS
422271,BlackBerry
422272,Android
422273,Android
422274,Android
422275,Android
422276,Android
422277,Android
422278,Android
422279,Android
422280,Android
422281,Android
422282,iOS
422283,iOS
422284,iOS
422285,iOS
422286,iOS
422287,iOS
422288,iOS
422289,iOS
422290,iOS
422291,Android
422292,iOS
422293,iOS
422294,iOS
422295,iOS
422296,Android
422297,iOS
422298,iOS
422299,iOS
422300,Android
422301,Android
422302,Android
422303,Android
422304,iOS
422305,iOS
422306,Android
422307,Android
422308,iOS
422309,iOS
422310,Android
422311,Android
422312,Android
422313,Android
422314,Android
422315,Android
422316,Android
422317,Android
422318,Android
422319,iOS
422320,Android
422321,iOS
422322,Android
422323,Android
422324,Android
422325,Android
422326,Android
422327,Android
422328,Android
422328,Tooling
422329,iOS
422330,Android
422331,iOS
422332,Android
422333,Android
422334,iOS
422335,iOS
422336,iOS
422337,iOS
422338,iOS
422339,iOS
422340,iOS
422341,iOS
422342,iOS
422343,iOS
422344,iOS
422345,iOS
422346,Android
422347,Android
422348,Android
422349,Android
422350,Android
422351,Android
422352,iOS
422353,Android
422354,iOS
422355,iOS
422356,iOS
422357,Android
422358,iOS
422359,Android
422360,Android
422361,Android
422362,TiAPI
422363,Android
422364,iOS
422365,iOS
422366,iOS
422367,Android
422368,iOS
422369,iOS
422370,iOS
422371,iOS
422372,iOS
422373,iOS
422374,iOS
422375,iOS
422376,Android
422377,Android
422378,iOS
422379,iOS
422380,iOS
422381,iOS
422382,iOS
422383,iOS
422384,iOS
422385,iOS
422386,iOS
422387,iOS
422388,Android
422389,Android
422390,iOS
422391,iOS
422392,Android
422393,Android
422394,iOS
422395,iOS
422396,iOS
422397,iOS
422398,iOS
422399,iOS
422400,Android
422401,Drillbit
422402,Android
422403,iOS
422404,Drillbit
422405,Drillbit
422406,Android
422407,iOS
422408,iOS
422409,iOS
422410,iOS
422411,Android
422412,Android
422413,iOS
422414,Android
422415,Android
422416,Drillbit
422417,iOS
422418,Drillbit
422419,Drillbit
422420,iOS
422421,iOS
422422,iOS
422423,iOS
422424,iOS
422425,Android
422426,iOS
422427,iOS
422428,Android
422429,Android
422430,Android
422431,Android
422432,Android
422433,Android
422434,iOS
422435,Android
422436,iOS
422437,iOS
422438,Android
422439,iOS
422440,iOS
422441,iOS
422442,iOS
422443,iOS
422444,iOS
422445,iOS
422446,iOS
422447,iOS
422448,iOS
422449,iOS
422450,iOS
422451,iOS
422452,Android
422453,Android
422454,iOS
422455,iOS
422456,Android
422457,iOS
422458,TiAPI
422459,Android
422460,iOS
422461,iOS
422462,iOS
422463,iOS
422464,iOS
422465,iOS
422466,iOS
422467,iOS
422468,Android
422469,iOS
422470,iOS
422471,iOS
422472,iOS
422473,Android
422474,Android
422475,Android
422476,Android
422477,Android
422478,Android
422479,Android
422479,Tooling
422480,Android
422481,iOS
422482,iOS
422483,Android
422484,Android
422485,Android
422486,iOS
422487,iOS
422488,Android
422489,iOS
422490,iOS
422491,iOS
422492,iOS
422493,iOS
422494,iOS
422495,iOS
422496,Android
422497,iOS
422498,iOS
422499,iOS
422500,iOS
422501,iOS
422502,Android
422503,Android
422504,iOS
422505,iOS
422506,iOS
422507,iOS
422508,iOS
422509,iOS
422510,iOS
422511,Android
422512,Android
422513,Android
422514,iOS
422515,iOS
422516,Android
422517,Android
422518,Android
422519,Android
422520,Android
422521,Android
422522,Android
422523,Android
422524,Android
422525,Android
422526,Android
422527,Android
422528,Android
422529,Android
422530,Android
422531,Android
422532,Android
422533,Android
422534,Android
422535,Android
422536,Android
422537,Android
422538,iOS
422539,iOS
422540,Android
422541,Android
422542,Android
422543,Android
422544,iOS
422545,Android
422546,Android
422547,iOS
422548,Android
422549,Android
422550,iOS
422551,Android
422552,iOS
422553,Android
422554,Android
422555,iOS
422556,Android
422557,Android
422558,iOS
422559,iOS
422560,iOS
422561,Android
422562,Android
422563,iOS
422564,iOS
422565,Android
422566,iOS
422567,Android
422568,iOS
422569,Android
422570,iOS
422571,Android
422572,Android
422573,iOS
422574,iOS
422575,iOS
422576,iOS
422577,iOS
422578,iOS
422579,Android
422580,iOS
422581,iOS
422582,Android
422583,Android
422584,Android
422585,Android
422586,Android
422587,Android
422588,Android
422589,iOS
422590,iOS
422591,iOS
422592,Android
422593,iOS
422594,iOS
422595,Android
422596,iOS
422597,iOS
422598,iOS
422599,iOS
422600,iOS
422601,iOS
422602,iOS
422603,Android
422604,Android
422605,Android
422606,Android
422607,Android
422608,Android
422609,Android
422610,Android
422611,Android
422612,Android
422613,Android
422614,Android
422615,Android
422616,Android
422617,Android
422618,Android
422619,Android
422620,Android
422621,Android
422622,Android
422623,Android
422624,Android
422625,Android
422626,Android
422627,Android
422628,Android
422629,Android
422630,Android
422631,iOS
422632,Android
422633,iOS
422634,iOS
422635,iOS
422636,Android
422637,Android
422638,iOS
422639,iOS
422640,iOS
422641,iOS
422642,iOS
422643,iOS
422644,iOS
422645,iOS
422646,iOS
422647,iOS
422648,Android
422649,Android
422650,Android
422651,Android
422652,Android
422653,Android
422654,Android
422655,Android
422656,Android
422657,Android
422658,iOS
422659,Android
422660,iOS
422661,iOS
422662,Android
422663,iOS
422664,iOS
422665,iOS
422666,Android
422667,Android
422668,Android
422669,Android
422670,Android
422671,iOS
422672,iOS
422673,iOS
422674,iOS
422675,Android
422676,Android
422677,Android
422678,Android
422679,Android
422680,Android
422681,iOS
422682,iOS
422683,iOS
422684,Android
422685,Android
422686,iOS
422687,iOS
422688,iOS
422689,iOS
422690,iOS
422691,iOS
422692,iOS
422693,iOS
422694,Android
422695,Android
422696,iOS
422697,Android
422698,iOS
422699,Android
422700,iOS
422701,iOS
422702,Android
422703,iOS
422704,Android
422705,Android
422706,Android
422707,Android
422708,Android
422709,Android
422710,iOS
422711,Android
422712,Android
422713,Android
422714,Android
422715,iOS
422716,Android
422717,iOS
422718,Android
422719,Android
422720,iOS
422721,iOS
422722,iOS
422723,iOS
422724,iOS
422725,iOS
422726,iOS
422727,iOS
422728,iOS
422729,Android
422730,Android
422731,Android
422732,iOS
422733,iOS
422734,Android
422735,iOS
422736,Android
422737,iOS
422738,Android
422739,Android
422740,Android
422741,Android
422742,Android
422743,Android
422744,Android
422745,Android
422746,Android
422747,Android
422748,Android
422749,Android
422750,Android
422751,iOS
422752,Android
422753,Android
422754,Android
422755,iOS
422756,iOS
422757,iOS
422758,iOS
422759,iOS
422760,iOS
422761,iOS
422762,iOS
422763,iOS
422764,Android
422765,Android
422766,Android
422767,iOS
422768,iOS
422769,iOS
422770,iOS
422771,iOS
422772,Android
422773,iOS
422774,iOS
422775,Android
422776,iOS
422777,Android
422778,iOS
422779,Android
422780,Android
422781,iOS
422782,Android
422783,iOS
422784,Android
422785,Android
422786,Android
422787,Android
422788,Android
422789,iOS
422790,iOS
422791,Android
422792,Android
422793,Android
422794,iOS
422795,iOS
422796,iOS
422797,iOS
422798,iOS
422799,iOS
422800,iOS
422801,iOS
422802,iOS
422803,iOS
422804,iOS
422805,iOS
422806,iOS
422807,Android
422808,Android
422809,Android
422809,Tooling
422810,iOS
422811,Android
422812,Android
422813,iOS
422814,iOS
422815,Android
422816,Android
422817,Android
422818,Android
422819,Android
422820,Android
422821,Android
422822,iOS
422823,iOS
422824,iOS
422825,Android
422826,iOS
422827,iOS
422828,Android
422829,Android
422830,Android
422831,iOS
422832,iOS
422833,iOS
422834,iOS
422835,iOS
422836,Android
422837,Android
422838,iOS
422839,Android
422840,Android
422841,iOS
422842,iOS
422843,iOS
422844,iOS
422845,iOS
422846,iOS
422847,iOS
422848,iOS
422849,iOS
422850,Android
422851,Android
422852,Android
422853,Android
422854,Android
422855,Android
422856,Android
422857,Android
422858,Android
422859,Android
422860,Android
422861,Android
422862,iOS
422863,iOS
422864,iOS
422865,iOS
422866,iOS
422867,iOS
422868,iOS
422869,iOS
422870,iOS
422871,iOS
422872,iOS
422873,iOS
422874,Android
422875,Android
422876,Android
422877,Android
422878,Android
422879,iOS
422880,iOS
422881,iOS
422882,Android
422883,iOS
422884,Android
422885,Android
422886,iOS
422887,Android
422888,Android
422889,iOS
422890,iOS
422891,iOS
422892,iOS
422893,Android
422894,iOS
422895,Android
422896,iOS
422897,iOS
422898,iOS
422899,Android
422900,Android
422901,Android
422902,Android
422903,iOS
422904,Android
422905,Android
422906,Android
422907,iOS
422908,Android
422909,iOS
422910,iOS
422911,Android
422912,Android
422913,Android
422914,Android
422915,iOS
422916,iOS
422917,Android
422918,Android
422919,Android
422920,Android
422921,Android
422922,Android
422923,Android
422924,iOS
422925,iOS
422926,iOS
422927,iOS
422928,Android
422929,Android
422930,iOS
422931,iOS
422932,Android
422933,iOS
422934,iOS
422935,iOS
422936,iOS
422937,iOS
422938,Android
422939,iOS
422940,iOS
422941,iOS
422942,iOS
422943,iOS
422944,Android
422945,iOS
422946,Android
422947,Android
422948,Android
422949,Android
422950,Android
422951,Android
422952,iOS
422953,iOS
422954,iOS
422955,iOS
422956,Android
422957,Android
422958,Android
422959,Android
422960,iOS
422961,Android
422962,iOS
422963,Android
422964,Android
422965,iOS
422966,iOS
422967,iOS
422968,Android
422969,Android
422970,iOS
422971,iOS
422972,iOS
422973,iOS
422974,iOS
422975,iOS
422976,Android
422977,iOS
422978,Android
422979,iOS
422980,iOS
422981,iOS
422982,iOS
422983,iOS
422984,iOS
422985,iOS
422986,iOS
422987,iOS
422988,Android
422989,iOS
422990,Android
422991,iOS
422992,Android
422993,Android
422994,Android
422995,iOS
422996,iOS
422997,iOS
422998,iOS
422999,iOS
423000,iOS
423001,iOS
423002,Android
423003,iOS
423004,Android
423005,iOS
423006,iOS
423007,iOS
423008,iOS
423009,iOS
423010,Android
423011,iOS
423012,iOS
423013,Android
423014,iOS
423015,Android
423016,iOS
423017,Android
423018,Android
423019,Android
423020,iOS
423021,Android
423022,Android
423023,Android
423024,Android
423025,iOS
423026,iOS
423027,iOS
423028,iOS
423029,iOS
423030,iOS
423031,Android
423032,iOS
423033,Android
423034,iOS
423035,iOS
423036,iOS
423037,Android
423038,iOS
423039,iOS
423040,iOS
423041,iOS
423042,iOS
423043,iOS
423044,iOS
423045,iOS
423046,iOS
423047,Android
423048,iOS
423049,iOS
423050,iOS
423051,iOS
423052,BlackBerry
423053,Android
423054,Android
423055,Android
423056,iOS
423057,iOS
423058,iOS
423059,iOS
423060,iOS
423061,Android
423062,iOS
423063,Android
423064,Android
423065,Android
423066,Android
423067,iOS
423068,Android
423069,iOS
423070,Android
423071,Android
423072,iOS
423073,Android
423074,Android
423075,Android
423076,Android
423077,Android
423078,Android
423079,Android
423080,Android
423081,Android
423082,iOS
423083,Android
423084,Android
423085,iOS
423086,iOS
423087,iOS
423088,iOS
423089,iOS
423090,Android
423091,iOS
423092,Android
423093,Android
423094,iOS
423095,Android
423096,Android
423097,iOS
423098,Android
423099,Android
423099,Tooling
423100,Android
423101,Android
423102,iOS
423103,iOS
423104,Android
423105,iOS
423106,iOS
423107,iOS
423108,iOS
423109,iOS
423110,Android
423111,iOS
423112,iOS
423113,iOS
423114,iOS
423115,iOS
423116,TiAPI
423117,iOS
423118,Android
423119,iOS
423120,iOS
423121,iOS
423122,iOS
423123,Android
423124,Android
423125,iOS
423126,iOS
423127,Android
423128,Android
423129,Android
423130,Android
423131,Android
423132,Android
423133,Android
423134,Android
423135,Android
423136,Android
423137,Android
423138,Android
423139,Android
423140,iOS
423141,iOS
423142,iOS
423143,iOS
423144,iOS
423145,iOS
423146,iOS
423147,iOS
423148,iOS
423149,iOS
423150,iOS
423151,iOS
423152,iOS
423153,iOS
423154,Android
423155,Android
423156,iOS
423157,Android
423158,Android
423159,Android
423160,Android
423161,iOS
423162,iOS
423163,iOS
423164,iOS
423165,iOS
423166,Android
423167,iOS
423168,iOS
423169,iOS
423170,iOS
423171,iOS
423172,iOS
423173,Android
423174,iOS
423175,iOS
423176,Android
423177,Android
423178,Android
423179,iOS
423180,iOS
423181,iOS
423182,TiAPI
423183,Android
423184,iOS
423185,iOS
423186,iOS
423187,Android
423188,Android
423189,Android
423190,iOS
423191,iOS
423192,iOS
423193,iOS
423194,Android
423195,Android
423196,Android
423197,Android
423198,iOS
423199,Android
423200,Android
423201,Android
423202,iOS
423203,Android
423204,iOS
423205,iOS
423206,iOS
423207,Android
423208,iOS
423209,iOS
423210,iOS
423211,iOS
423212,Android
423213,iOS
423214,iOS
423215,Android
423216,iOS
423217,Android
423218,iOS
423219,iOS
423220,iOS
423221,Android
423222,iOS
423223,iOS
423224,Android
423225,Android
423226,iOS
423227,iOS
423228,iOS
423229,Android
423230,iOS
423231,iOS
423232,iOS
423233,Android
423234,iOS
423235,Android
423236,iOS
423237,Android
423238,Android
423239,iOS
423240,Android
423241,iOS
423242,iOS
423243,iOS
423244,iOS
423245,iOS
423246,iOS
423247,Android
423248,iOS
423249,iOS
423250,iOS
423251,iOS
423252,iOS
423253,iOS
423254,Android
423255,iOS
423256,iOS
423257,iOS
423258,iOS
423259,iOS
423260,Android
423261,Android
423262,Android
423263,iOS
423264,iOS
423265,iOS
423266,iOS
423267,iOS
423268,iOS
423269,iOS
423270,iOS
423271,iOS
423272,iOS
423273,iOS
423274,iOS
423275,iOS
423276,iOS
423277,iOS
423278,iOS
423279,Android
423280,iOS
423281,Android
423282,Android
423283,Android
423284,Android
423285,iOS
423286,Android
423287,iOS
423288,iOS
423289,iOS
423290,Android
423291,Android
423292,Android
423293,iOS
423294,Android
423295,Android
423296,iOS
423297,iOS
423298,iOS
423299,iOS
423300,iOS
423301,iOS
423302,iOS
423303,iOS
423304,iOS
423305,iOS
423306,iOS
423307,iOS
423308,Android
423309,iOS
423310,Android
423311,Android
423312,iOS
423313,iOS
423314,iOS
423315,Android
423316,iOS
423317,iOS
423318,Android
423319,Android
423320,Android
423321,Android
423322,iOS
423323,Android
423324,iOS
423325,iOS
423326,Android
423327,iOS
423328,iOS
423329,iOS
423330,iOS
423331,iOS
423332,iOS
423333,Android
423334,Android
423335,Android
423336,iOS
423337,iOS
423338,iOS
423339,Android
423340,iOS
423341,iOS
423342,iOS
423343,iOS
423344,iOS
423345,Android
423346,Android
423347,Android
423348,Android
423349,Android
423350,iOS
423351,Android
423352,iOS
423353,iOS
423354,iOS
423355,iOS
423356,Android
423357,iOS
423358,iOS
423359,iOS
423360,iOS
423361,iOS
423362,Android
423363,iOS
423364,Android
423365,iOS
423366,iOS
423367,Android
423368,Android
423369,Android
423370,Android
423371,Android
423372,Android
423373,Android
423374,Android
423375,Android
423376,Android
423377,Android
423378,Android
423379,iOS
423380,Android
423381,Android
423382,iOS
423383,iOS
423384,iOS
423385,iOS
423386,Android
423387,Android
423388,iOS
423389,iOS
423390,iOS
423391,Android
423392,iOS
423393,iOS
423394,Android
423395,iOS
423396,iOS
423397,Android
423398,iOS
423399,Android
423400,iOS
423401,iOS
423402,Android
423403,iOS
423404,iOS
423405,iOS
423406,iOS
423407,iOS
423408,Android
423409,Android
423410,Android
423411,iOS
423412,Android
423413,iOS
423414,Android
423415,TiAPI
423416,iOS
423417,iOS
423418,iOS
423419,Android
423420,iOS
423421,Android
423422,Android
423423,iOS
423424,iOS
423425,Android
423426,Android
423427,Android
423428,Android
423429,Android
423430,Android
423431,iOS
423432,TiAPI
423433,iOS
423434,iOS
423435,iOS
423436,iOS
423437,iOS
423438,iOS
423439,iOS
423440,TiAPI
423441,Android
423442,iOS
423443,Android
423444,iOS
423445,iOS
423446,iOS
423447,Android
423448,iOS
423449,iOS
423450,iOS
423451,Android
423452,Android
423453,Android
423454,Android
423455,iOS
423456,iOS
423457,Android
423458,Android
423459,iOS
423460,iOS
423461,iOS
423462,iOS
423463,Android
423464,iOS
423465,iOS
423466,iOS
423467,iOS
423468,Android
423469,iOS
423470,iOS
423471,iOS
423472,Android
423473,Android
423474,iOS
423475,iOS
423476,iOS
423477,iOS
423478,iOS
423479,iOS
423480,iOS
423481,iOS
423482,Android
423483,Android
423484,Android
423485,iOS
423486,iOS
423487,Android
423488,iOS
423489,Android
423490,iOS
423491,iOS
423492,iOS
423493,iOS
423494,iOS
423495,iOS
423496,Android
423497,iOS
423498,Android
423499,Android
423500,iOS
423501,iOS
423502,iOS
423503,iOS
423504,iOS
423505,iOS
423506,iOS
423507,Android
423508,iOS
423509,iOS
423510,iOS
423511,Android
423512,iOS
423513,iOS
423514,iOS
423515,iOS
423516,Android
423517,iOS
423518,iOS
423519,iOS
423520,Android
423521,iOS
423522,iOS
423523,iOS
423524,iOS
423525,iOS
423526,iOS
423527,iOS
423528,iOS
423529,Android
423530,iOS
423531,iOS
423532,iOS
423533,iOS
423534,iOS
423535,iOS
423536,Android
423537,iOS
423538,Android
423539,iOS
423540,Android
423541,Android
423542,iOS
423543,iOS
423544,Android
423545,iOS
423546,iOS
423547,iOS
423548,Android
423549,iOS
423550,iOS
423551,iOS
423552,Android
423553,iOS
423554,Android
423555,iOS
423556,Android
423557,Android
423558,TiAPI
423559,iOS
423560,Android
423561,iOS
423562,iOS
423563,iOS
423564,Android
423565,iOS
423566,iOS
423567,iOS
423568,Android
423569,Android
423570,iOS
423571,Android
423572,Android
423573,Android
423574,iOS
423575,iOS
423576,iOS
423577,Android
423578,iOS
423579,iOS
423580,Android
423581,iOS
423582,iOS
423583,iOS
423584,Android
423585,Android
423586,iOS
423587,iOS
423588,iOS
423589,iOS
423590,Android
423591,iOS
423592,Android
423593,Android
423594,iOS
423595,iOS
423596,iOS
423597,iOS
423598,iOS
423599,Android
423600,iOS
423601,iOS
423602,Android
423603,iOS
423604,iOS
423605,iOS
423606,Android
423607,iOS
423608,iOS
423609,Android
423610,iOS
423611,Android
423612,iOS
423613,Android
423614,iOS
423615,iOS
423616,iOS
423617,iOS
423618,iOS
423619,Android
423620,iOS
423621,iOS
423622,iOS
423623,iOS
423624,Android
423625,Android
423626,iOS
423627,iOS
423628,Android
423629,Android
423630,iOS
423631,iOS
423632,Android
423633,iOS
423634,iOS
423635,iOS
423636,Android
423637,iOS
423638,iOS
423639,Android
423640,iOS
423641,iOS
423642,iOS
423643,iOS
423644,iOS
423645,iOS
423646,Android
423647,Android
423648,iOS
423649,Android
423650,iOS
423651,iOS
423652,iOS
423653,Android
423654,Android
423655,Android
423656,iOS
423657,Android
423658,Android
423659,Android
423660,Android
423661,iOS
423662,Android
423663,Android
423664,iOS
423665,iOS
423666,iOS
423667,iOS
423668,Android
423669,Android
423670,Android
423671,Android
423672,Android
423673,iOS
423674,iOS
423675,iOS
423676,iOS
423677,Android
423678,Android
423679,iOS
423680,iOS
423681,iOS
423682,iOS
423683,iOS
423684,iOS
423685,iOS
423686,iOS
423687,iOS
423688,iOS
423689,Android
423690,Android
423691,iOS
423692,iOS
423693,iOS
423694,iOS
423695,iOS
423696,Android
423697,iOS
423698,iOS
423699,iOS
423700,iOS
423701,iOS
423702,iOS
423703,iOS
423704,iOS
423705,Android
423706,iOS
423707,iOS
423708,iOS
423709,iOS
423710,iOS
423711,iOS
423712,Android
423713,Android
423714,iOS
423715,iOS
423716,iOS
423717,Android
423718,iOS
423719,Android
423720,iOS
423721,iOS
423722,iOS
423723,iOS
423724,iOS
423725,Android
423726,iOS
423727,Android
423728,iOS
423729,iOS
423730,Android
423731,iOS
423732,iOS
423733,iOS
423734,iOS
423735,iOS
423736,iOS
423737,Android
423738,iOS
423739,Android
423740,Android
423741,Android
423742,TiAPI
423743,iOS
423744,Android
423745,iOS
423746,iOS
423747,Android
423748,Android
423749,iOS
423750,iOS
423751,iOS
423752,iOS
423753,iOS
423754,iOS
423755,iOS
423756,iOS
423757,Android
423758,iOS
423759,iOS
423760,iOS
423761,iOS
423762,iOS
423763,iOS
423764,Android
423765,iOS
423766,iOS
423767,Android
423768,Android
423769,iOS
423770,iOS
423771,Android
423772,Android
423773,iOS
423774,Android
423775,Android
423776,iOS
423777,Android
423778,Android
423779,Android
423780,Android
423781,Android
423782,Android
423783,Android
423784,iOS
423785,Android
423786,iOS
423787,Android
423788,Android
423789,Android
423790,Android
423791,Android
423792,Android
423793,Android
423794,Android
423795,Android
423796,Android
423797,Android
423798,Android
423799,Android
423800,Android
423801,Android
423802,Android
423803,Android
423804,Android
423805,Android
423806,Android
423807,Android
423808,Android
423809,Android
423810,Android
423811,iOS
423812,iOS
423813,Android
423814,Android
423815,Android
423816,iOS
423817,Android
423818,iOS
423819,iOS
423820,iOS
423821,iOS
423822,Android
423823,Android
423824,iOS
423825,Android
423826,iOS
423827,iOS
423828,Android
423829,iOS
423830,Android
423831,Android
423832,Android
423833,Android
423834,Android
423835,Android
423836,Android
423837,iOS
423838,iOS
423839,iOS
423840,iOS
423841,Android
423842,iOS
423843,iOS
423844,iOS
423845,Android
423846,iOS
423847,iOS
423848,Android
423849,iOS
423850,iOS
423851,iOS
423852,iOS
423853,iOS
423854,Android
423855,iOS
423856,iOS
423857,iOS
423858,Android
423859,Android
423860,Android
423861,iOS
423862,Android
423863,iOS
423864,iOS
423865,Android
423866,iOS
423867,Android
423868,Android
423869,Android
423870,iOS
423871,Android
423872,iOS
423873,Android
423874,iOS
423875,iOS
423876,iOS
423877,iOS
423878,iOS
423879,iOS
423880,iOS
423881,iOS
423882,iOS
423883,iOS
423884,Android
423885,Android
423886,Android
423887,iOS
423888,Android
423889,iOS
423890,iOS
423891,Android
423892,iOS
423893,iOS
423894,Android
423895,Android
423896,iOS
423897,iOS
423898,iOS
423899,iOS
423900,iOS
423901,iOS
423902,iOS
423903,iOS
423904,Android
423905,Android
423906,Android
423907,Android
423908,Android
423909,iOS
423910,iOS
423911,iOS
423912,iOS
423913,iOS
423914,iOS
423915,Android
423916,iOS
423917,iOS
423918,iOS
423919,iOS
423920,iOS
423921,Android
423922,Android
423923,iOS
423924,iOS
423925,iOS
423926,Android
423927,Android
423928,iOS
423929,Android
423930,Android
423931,Android
423932,Android
423933,Android
423934,Android
423935,Android
423936,Android
423937,Android
423938,Android
423939,Android
423940,iOS
423941,Android
423942,iOS
423943,Android
423944,iOS
423945,iOS
423946,iOS
423947,Android
423948,iOS
423949,iOS
423950,Android
423951,Android
423952,iOS
423953,iOS
423954,iOS
423955,iOS
423956,Android
423957,Android
423958,iOS
423959,Android
423960,iOS
423961,Android
423962,Android
423963,Android
423964,Android
423965,Android
423966,iOS
423967,iOS
423968,TiAPI
423969,iOS
423970,Android
423971,iOS
423972,Android
423973,iOS
423974,Android
423975,Android
423976,Android
423977,Android
423978,Android
423979,Android
423980,Android
423981,Android
423982,iOS
423983,iOS
423984,iOS
423985,iOS
423986,Android
423987,Android
423988,iOS
423989,iOS
423990,Android
423991,iOS
423992,iOS
423993,Android
423994,Android
423995,iOS
423996,iOS
423997,Android
423998,Android
423999,iOS
424000,Android
424001,Android
424002,iOS
424003,iOS
424004,Android
424005,iOS
424006,iOS
424007,iOS
424008,iOS
424009,iOS
424010,iOS
424011,iOS
424012,Android
424013,iOS
424014,iOS
424015,iOS
424016,iOS
424017,iOS
424018,iOS
424019,iOS
424020,iOS
424021,iOS
424022,Android
424023,iOS
424024,Android
424025,iOS
424026,iOS
424027,iOS
424028,iOS
424029,iOS
424030,iOS
424031,Android
424032,iOS
424033,iOS
424034,Android
424035,Android
424036,Android
424037,Android
424038,Android
424039,Android
424040,Android
424041,Android
424042,Android
424043,Android
424044,Android
424045,Android
424046,Android
424047,Android
424048,Android
424049,Android
424050,Android
424051,Android
424052,Android
424053,Android
424054,Android
424055,Android
424056,iOS
424057,iOS
424058,iOS
424059,iOS
424060,iOS
424061,Android
424062,Android
424063,Android
424064,Android
424065,iOS
424066,iOS
424067,iOS
424068,iOS
424069,iOS
424070,Android
424071,Android
424072,iOS
424073,iOS
424074,iOS
424075,Android
424076,iOS
424077,Android
424078,iOS
424079,Android
424080,iOS
424081,iOS
424082,iOS
424083,iOS
424084,iOS
424085,iOS
424086,Android
424087,iOS
424088,iOS
424089,Android
424090,iOS
424091,iOS
424092,iOS
424093,iOS
424094,iOS
424095,Android
424096,iOS
424097,iOS
424098,iOS
424099,iOS
424100,Android
424101,Android
424102,CLI
424102,Android
424102,Tooling
424103,Android
424104,Android
424105,Android
424106,Android
424107,Android
424108,Android
424109,iOS
424110,Android
424111,iOS
424112,iOS
424113,iOS
424114,Android
424115,Android
424116,iOS
424117,iOS
424118,iOS
424119,iOS
424120,iOS
424121,iOS
424122,Android
424123,Android
424124,iOS
424125,iOS
424126,iOS
424127,iOS
424128,iOS
424129,iOS
424130,iOS
424131,iOS
424132,iOS
424133,iOS
424134,iOS
424135,iOS
424136,iOS
424137,Android
424138,iOS
424139,iOS
424140,iOS
424141,iOS
424142,iOS
424143,iOS
424144,iOS
424145,iOS
424146,iOS
424147,iOS
424148,iOS
424149,iOS
424150,iOS
424151,iOS
424152,Android
424153,iOS
424154,iOS
424155,iOS
424156,iOS
424157,iOS
424158,iOS
424159,iOS
424160,iOS
424161,iOS
424162,iOS
424163,iOS
424164,iOS
424165,iOS
424166,iOS
424167,iOS
424168,iOS
424169,iOS
424170,iOS
424171,iOS
424172,iOS
424173,iOS
424174,iOS
424175,iOS
424176,iOS
424177,iOS
424178,iOS
424179,iOS
424180,iOS
424181,iOS
424182,iOS
424183,iOS
424184,iOS
424185,iOS
424186,iOS
424187,iOS
424188,iOS
424189,iOS
424190,iOS
424191,iOS
424192,iOS
424193,iOS
424194,iOS
424195,iOS
424196,iOS
424197,iOS
424198,iOS
424199,iOS
424200,iOS
424201,iOS
424202,iOS
424203,iOS
424204,iOS
424205,iOS
424206,iOS
424207,iOS
424208,iOS
424209,iOS
424210,iOS
424211,iOS
424212,iOS
424213,iOS
424214,iOS
424215,Android
424216,iOS
424217,iOS
424218,iOS
424219,iOS
424220,iOS
424221,iOS
424222,iOS
424223,iOS
424224,iOS
424225,iOS
424226,iOS
424227,iOS
424228,Android
424229,iOS
424230,Android
424231,iOS
424232,iOS
424233,iOS
424234,iOS
424235,iOS
424236,iOS
424237,iOS
424238,Android
424239,iOS
424240,iOS
424241,iOS
424242,iOS
424243,iOS
424244,iOS
424245,iOS
424246,iOS
424247,iOS
424248,iOS
424249,iOS
424250,iOS
424251,iOS
424252,iOS
424253,iOS
424254,iOS
424255,iOS
424256,iOS
424257,iOS
424258,iOS
424259,iOS
424260,iOS
424261,iOS
424262,iOS
424263,iOS
424264,iOS
424265,iOS
424266,iOS
424267,iOS
424268,iOS
424269,iOS
424270,iOS
424271,iOS
424272,iOS
424273,Android
424274,iOS
424275,iOS
424276,iOS
424277,Android
424278,Android
424279,Android
424280,iOS
424281,iOS
424282,Android
424283,Android
424284,Android
424285,iOS
424286,iOS
424287,Android
424288,iOS
424289,iOS
424290,iOS
424291,iOS
424292,iOS
424293,Android
424294,Android
424295,iOS
424296,iOS
424297,iOS
424298,iOS
424299,iOS
424300,iOS
424301,iOS
424302,iOS
424303,iOS
424304,iOS
424305,Android
424306,iOS
424307,iOS
424308,iOS
424309,iOS
424310,iOS
424311,iOS
424312,iOS
424313,iOS
424314,TiAPI
424315,iOS
424316,Android
424317,Android
424318,Android
424319,Android
424320,Android
424321,iOS
424322,iOS
424323,iOS
424324,Android
424325,Android
424326,Android
424327,Android
424328,Android
424329,Android
424330,iOS
424331,iOS
424332,iOS
424333,Android
424334,iOS
424335,iOS
424336,Android
424337,iOS
424338,iOS
424339,iOS
424340,iOS
424341,Android
424342,Android
424343,iOS
424344,Android
424345,Android
424346,Android
424347,iOS
424348,iOS
424349,iOS
424350,iOS
424351,iOS
424352,iOS
424353,iOS
424354,iOS
424355,iOS
424356,iOS
424357,iOS
424358,Android
424359,iOS
424360,Android
424361,iOS
424362,Android
424363,Android
424364,iOS
424365,iOS
424366,iOS
424367,iOS
424368,iOS
424369,iOS
424370,iOS
424371,iOS
424372,Android
424373,iOS
424374,Android
424375,Android
424376,iOS
424377,Android
424378,iOS
424379,Android
424380,Android
424381,Android
424382,Android
424383,iOS
424384,iOS
424385,Android
424386,Android
424387,iOS
424388,iOS
424389,Android
424390,Android
424391,iOS
424392,iOS
424393,iOS
424394,iOS
424395,Android
424396,iOS
424397,Android
424398,iOS
424399,Android
424400,iOS
424401,iOS
424402,iOS
424403,iOS
424404,iOS
424405,iOS
424406,iOS
424407,iOS
424408,Android
424409,Android
424410,Android
424411,Android
424412,Android
424413,Android
424414,Android
424415,iOS
424416,iOS
424417,iOS
424418,iOS
424419,Android
424420,Android
424421,iOS
424422,iOS
424423,Android
424424,Android
424425,Android
424426,iOS
424427,Android
424428,iOS
424429,iOS
424430,iOS
424431,Android
424432,iOS
424433,Android
424434,iOS
424435,iOS
424436,iOS
424437,iOS
424438,iOS
424439,iOS
424440,Android
424441,iOS
424442,iOS
424443,iOS
424444,iOS
424445,iOS
424446,iOS
424447,iOS
424448,iOS
424449,Android
424450,iOS
424451,iOS
424452,iOS
424453,Android
424454,iOS
424455,iOS
424456,iOS
424457,iOS
424458,Android
424459,Android
424460,iOS
424461,iOS
424462,iOS
424463,iOS
424464,Android
424465,Android
424466,Android
424467,Android
424468,Android
424469,Android
424470,iOS
424471,Android
424472,Android
424473,Android
424474,Android
424475,iOS
424476,iOS
424477,Android
424478,iOS
424479,Android
424480,iOS
424481,iOS
424482,Android
424483,Android
424484,Android
424485,Android
424486,Android
424487,Android
424488,iOS
424489,iOS
424490,iOS
424491,iOS
424492,Android
424493,iOS
424494,Android
424495,Android
424496,iOS
424497,iOS
424498,iOS
424499,iOS
424500,iOS
424501,iOS
424502,iOS
424503,Android
424504,Android
424505,iOS
424506,iOS
424507,Android
424508,Android
424509,iOS
424510,iOS
424511,iOS
424512,iOS
424513,iOS
424514,iOS
424515,iOS
424516,Android
424517,iOS
424518,iOS
424519,iOS
424520,iOS
424521,iOS
424522,Android
424523,Android
424524,iOS
424525,iOS
424526,iOS
424527,iOS
424528,Android
424529,iOS
424530,iOS
424531,Android
424532,Android
424533,iOS
424534,iOS
424535,iOS
424536,iOS
424537,Android
424538,Android
424539,iOS
424540,iOS
424541,iOS
424542,Android
424543,iOS
424544,iOS
424545,iOS
424546,Android
424547,iOS
424548,iOS
424549,Android
424550,iOS
424551,Android
424552,iOS
424553,Android
424554,iOS
424555,Android
424556,iOS
424557,iOS
424558,iOS
424559,iOS
424560,iOS
424561,iOS
424562,iOS
424563,iOS
424564,iOS
424565,iOS
424566,iOS
424567,iOS
424568,Android
424569,Android
424570,iOS
424571,iOS
424572,iOS
424573,iOS
424574,iOS
424575,Android
424576,iOS
424577,iOS
424578,iOS
424579,iOS
424580,iOS
424581,iOS
424582,Android
424583,Android
424584,Android
424585,Android
424586,iOS
424587,Android
424588,Android
424589,iOS
424590,iOS
424591,iOS
424592,Android
424593,iOS
424594,Android
424595,Android
424596,Android
424597,iOS
424598,Android
424599,Android
424600,iOS
424601,Android
424602,Android
424603,Android
424604,iOS
424605,iOS
424606,iOS
424607,Android
424608,Android
424609,iOS
424610,Android
424611,iOS
424612,iOS
424613,iOS
424614,iOS
424615,iOS
424616,iOS
424617,iOS
424618,iOS
424619,iOS
424620,iOS
424621,iOS
424622,iOS
424623,iOS
424624,iOS
424625,iOS
424626,iOS
424627,iOS
424628,iOS
424629,iOS
424630,Android
424631,Android
424632,iOS
424633,iOS
424634,iOS
424635,iOS
424636,iOS
424637,Android
424638,iOS
424639,iOS
424640,Android
424641,iOS
424642,Android
424643,iOS
396604,Login
396605,Debugging
396605,iOS
396606,Desktop
396607,Debugging
396608,Editor
396609,Setup
396610,Projects
396612,Windows
396613,Debugging
396615,Desktop
396616,Formatter
396617,Build
396618,Installer
396619,Installer
396620,Arrow
396621,Templates
396623,Android
396625,iOS
396626,Debugging
396626,Android
396627,Hyperloop
396629,Update
396631,iOS
396632,Android
396634,Installer
396635,iOS
396636,iOS
396637,Installer
396638,Studio Error reporting
396639,Studio Error reporting
396640,Update
396640,Node
396641,Debugging
396641,iOS
396642,Debugging
396642,Android
396643,Android
396644,Tiapp
396646,Debugging
396647,Debugging
396647,Android
396648,Launcher
396650,Debugging
396650,Alloy
396652,Debugging
396653,Debugging
396654,Debugging
396654,iOS
396654,Android
396655,Debugging
396655,Android
396656,Debugging
396657,iOS
396660,Alloy
396661,Debugging
396663,iOS
396664,Debugging
396666,Update
396667,Installer
396670,JS
396671,360
396672,iOS
396672,Modules
396673,Node
396677,iOS
396677,Android
396677,LiveView
396681,Debugging
396685,Update
396686,iOS
396686,Appc Daemon
396689,Studio Error reporting
396690,Login
396692,Debugging
396693,LiveView
396694,Studio Error reporting
396694,Alloy
396695,Studio Error reporting
396696,Studio Error reporting
396697,Update
396697,Node
396699,Update
396699,SDK
396699,Usability
396700,Studio Error reporting
396701,Debugging
396702,Mobile
396703,Update
396705,Debugging
396706,iOS
396707,Windows
396708,Editor
396709,SDK Configuration
396710,Scripting
396713,Windows
396714,Windows
396715,iOS
396717,iOS
396719,Tiapp
396720,LiveView
396726,Projects
396726,Usability
396729,Hyperloop
396729,LiveView
396731,Editor
396732,Debugging
396733,Modules
396734,Android
396735,Debugging
396739,Installer
396740,Android
396742,Android
396742,Update
396745,Installer
396747,Studio Error reporting
396752,Debugging
396752,Android
396754,Terminal
396755,Editor
396755,Console
396757,Installer
396760,Profiling
396763,Update
396764,Android
396765,Android
396766,Configuration
396767,Setup
396768,Login
396769,Login
396772,Tiapp
396774,Android
396775,Debugging
396775,iOS
396777,Update
396779,Installer
396780,Installer
396781,Installer
396783,Windows
396785,iOS
396790,Installer
396791,Launcher
396792,Update
396794,iOS
396797,Usability
396798,Installer
396798,Update
396800,Windows
396801,iOS
396802,Editor
396803,Debugging
396804,iOS
396805,Android
396808,Update
396809,Projects
396811,Usability
396815,Update
396818,Studio Error reporting
396819,Projects
396820,Debugging
396820,iOS
396822,Projects
396823,iOS
396827,Update
396828,Installer
396829,Login
396830,Installer
396831,Android
396833,Configuration
396835,Debugging
396836,Debugging
396837,Android
396838,Tiapp
396840,iOS
396840,Modules
396841,Appc Daemon
396842,Android
396842,Appc Daemon
396843,Appc Daemon
396844,Appc Daemon
396845,Appc Daemon
396846,Appc Daemon
396847,Appc Daemon
396848,Appc Daemon
396849,Appc Daemon
396850,Appc Daemon
396851,Appc Daemon
396853,Android
396854,Debugging
396855,Debugging
396856,Appc Daemon
396858,Hyperloop
396859,Analytics
396863,Appc Daemon
396866,Installer
396867,Hyperloop
396868,Console
396869,Console
396870,iOS
396871,Dashboard
396872,Update
396874,Android
396880,Update
396881,Studio Error reporting
396882,Samples
396883,Samples
396884,Windows
396887,Studio Error reporting
396888,Studio Error reporting
396889,Dashboard
396890,MobileWeb
396892,Update
396893,Usability
396894,Android
396895,iOS
396896,iOS
396897,Installer
396899,Windows
396906,Alloy
396914,Analytics
396915,Update
396920,Studio Error reporting
396925,Build
396926,LiveView
396927,iOS
396930,Studio Error reporting
396931,Studio Error reporting
396932,Studio Error reporting
396936,Projects
396938,SDK
396940,SDK Configuration
396941,Android
396942,Studio Error reporting
396946,Windows
396946,Android
396947,Windows
396948,Hyperloop
396949,Console
396954,Studio Error reporting
396955,Analytics
396956,Analytics
396957,Analytics
396958,Analytics
396959,Update
396960,Studio Error reporting
396961,Build
396962,Configuration
396963,iOS
396964,Update
396964,Usability
396965,Windows
396967,Android
396967,SDK Configuration
396968,Android
396968,SDK Configuration
396969,Windows
396971,Debugging
396972,LiveView
396973,Editor
396975,Update
396976,Usability
396978,Debugging
396979,Hyperloop
396979,LiveView
396980,Windows
396981,Windows phone
396982,Tiapp
396983,Windows
396984,LiveView
396985,Studio Error reporting
396986,Windows phone
396987,JS
396989,Usability
396990,Debugging
396990,Android
396993,Android
396994,Update
396997,Debugging
396997,Android
396999,Node
397000,Configuration
397001,Android
397002,Update
397003,Update
397005,Dashboard
397006,Android
397007,Build
397010,Login
397011,Android
397013,Publishing
397015,Update
397016,iOS
397017,Windows
397018,Configuration
397019,Debugging
397019,iOS
397020,Studio Error reporting
397021,Windows
397021,Android
397022,Studio Error reporting
397023,Studio Error reporting
397025,Studio Error reporting
397026,Studio Error reporting
397029,Studio Error reporting
397030,Projects
397031,Publishing
397032,Studio Error reporting
397033,Studio Error reporting
397034,Studio Error reporting
397035,Studio Error reporting
397036,Studio Error reporting
397037,Studio Error reporting
397038,Studio Error reporting
397039,Studio Error reporting
397040,Studio Error reporting
397041,Modules
397044,iOS
397044,Hyperloop
397044,LiveView
397045,Publishing
397046,Update
397047,Studio Error reporting
397048,Login
397049,Alloy
397050,Login
397051,Configuration
397052,SDK Configuration
397053,Configuration
397054,Installer
397055,Update
397056,Installer
397058,Usability
397060,Login
397061,iOS
397062,Configuration
397066,Build
397068,Studio Error reporting
397069,Login
397069,Usability
397071,Console
397072,Windows
397073,Login
397074,Hyperloop
397075,Update
397076,Debugging
397077,Editor
397078,Update
397078,SDK
397079,Desktop
397080,SDK
397082,Debugging
397082,Alloy
397083,Debugging
397083,Alloy
397083,JS
397084,Debugging
397084,Alloy
397085,Launcher
397086,Windows
397086,Installer
397087,Installer
397087,Node
397088,Android
397089,Debugging
397090,Windows
397090,Installer
397091,Debugging
397094,Debugging
397095,Debugging
397096,Installer
397097,Studio Error reporting
397098,Debugging
397098,Android
397099,Update
397100,Installer
397105,Android
397106,Debugging
397107,Debugging
397108,Debugging
397109,Debugging
397110,Debugging
397111,Alloy
397112,Login
397113,Android
397114,Alloy
397115,Alloy
397116,Android
397116,Modules
397117,Debugging
397117,iOS
397117,Android
397118,Usability
397119,Setup
397119,Templates
397119,Studio Error reporting
397120,Tiapp
397121,Android
397121,Modules
397122,Update
397123,Configuration
397124,Update
397125,Windows
397126,iOS
397127,Tiapp
397128,Windows
397128,Modules
397129,Publishing
397130,Android
397131,Studio Error reporting
397133,Tiapp
397134,iOS
397135,Android
397136,Configuration
397137,Studio Error reporting
397137,Tiapp
397138,Studio Error reporting
397139,Windows
397139,LiveView
397141,Studio Error reporting
397142,Studio Error reporting
397143,Tiapp
397144,iOS
397145,Studio Error reporting
397145,Console
397146,Debugging
397147,Login
397148,Login
397149,LiveView
397150,Launcher
397151,Dashboard
397152,Studio Error reporting
397153,Usability
397154,Studio Error reporting
397155,Windows
397155,Configuration
397156,Installer
397157,Installer
397158,Indexing
397159,Windows
397161,Modules
397162,Update
397162,Modules
397163,Android
397163,Modules
397164,Configuration
397166,Configuration
397167,Update
397167,Usability
397168,Launcher
397169,Publishing
397170,Dashboard
397171,Modules
397172,Configuration
397173,Dashboard
397174,MobileWeb
397175,Windows
397176,Tiapp
397178,Installer
397179,Android
397180,Login
397181,Studio Error reporting
397182,Windows
397184,Modules
397185,Studio Error reporting
397186,Studio Error reporting
397188,Node
397189,Login
397190,Cloud
397191,Windows
397192,Usability
397193,App Designer
397194,Build
397195,Debugging
397196,Tiapp
397197,Debugging
397198,App Designer
397200,Build
397200,Android
397201,Android
397204,Build
397205,Configuration
397206,Windows
397207,Windows
397208,Build
397209,Windows
397209,Android
397210,Android
397211,Android
397212,App Designer
397213,Windows
397214,App Designer
397215,App Designer
397216,App Designer
397217,Windows
397217,Android
397218,Windows
397219,Alloy
397220,Android
397221,Windows
397222,iOS
397223,Installer
397224,App Designer
397225,Installer
397226,Samples
397227,Samples
397228,iOS
397228,Android
397228,Modules
397229,Login
397230,Installer
397231,App Designer
397232,Windows
397233,Windows
397234,Android
397235,Windows
397235,Tiapp
397237,Login
397239,LiveView
397240,Android
397241,Templates
397241,Alloy
397242,iOS
397243,Build
397243,Usability
397244,Editor
397245,Tiapp
397246,Build
397246,Modules
397247,iOS
397247,Android
397247,Modules
397248,Update
397248,SDK
397249,Android
397250,iOS
397251,Launcher
397252,Build
397253,Update
397254,Usability
397255,Editor
397256,Samples
397257,Update
397257,SDK
397258,Update
397259,Update
397260,Windows
397260,Dashboard
397261,Validation
397263,Dashboard
397264,Tiapp
397265,Editor
397265,Windows
397266,Windows
397266,Content Assist
397267,Windows
397270,Windows
397272,Login
397274,Enterprise
397275,Cloud
397277,Login
397278,Login
397278,Setup
397278,Update
397279,Login
397280,Installer
397281,Setup
397282,Setup
397282,Windows
397283,Update
397284,iOS
397285,Alloy
397286,Login
397288,Android
397289,Debugging
397290,Publishing
397291,SDK
397294,Windows
397294,Build
397295,LiveView
397296,Windows
397297,iOS
397299,Android
397300,Cloud
397301,Build
397301,Android
397301,Alloy
397301,SDK
397302,Alloy
397303,Tiapp
397305,Android
397306,Login
397310,Login
397311,iOS
397312,iOS
397314,Alloy
397316,Cloud
397317,Console
397318,Update
397319,Login
397320,Setup
397320,Windows
397321,Update
397322,Debugging
397323,Analytics
397324,Analytics
397325,Analytics
397326,Analytics
397328,Windows
397329,Windows
397330,SDK
397330,SDK Configuration
397332,Update
397335,Content Assist
397336,Configuration
397337,Dashboard
397338,Update
397339,Update
397340,Installer
397342,Installer
397343,Installer
397346,Login
397353,Configuration
397354,Publishing
397356,Projects
397356,Mobile
397358,Login
397358,Build
397358,Publishing
397361,LiveView
397362,Console
397363,Editor
397365,Editor
397365,Projects
397365,Tiapp
397366,SDK
397367,Modules
397369,Usability
397370,Usability
397373,LiveView
397377,iOS
397378,Studio Error reporting
397378,Usability
397379,Configuration
397381,Usability
397386,Configuration
397387,Update
397388,Login
397389,Update
397391,iOS
397393,Login
397395,Installer
397397,Setup
397397,Installer
397398,Update
397399,Mobile
397400,Alloy
397401,Debugging
397401,iOS
397401,Profiling
397402,SDK
397403,Setup
397404,Node
397405,Installer
397406,Installer
397407,Installer
397408,Android
397408,SDK
397410,Usability
397411,Indexing
397412,Update
397413,iOS
397414,Android
397415,Projects
397416,Usability
397418,Build
397418,Android
397419,Node
397421,Projects
397422,Usability
397423,Usability
397424,Projects
397425,Projects
397426,Usability
397427,Usability
397428,Projects
397429,Login
397430,LiveView
397431,Usability
397432,Usability
397433,Templates
397434,Templates
397435,Analytics
397436,Update
397437,Usability
397438,Installer
397439,Update
397440,Update
397440,Node
397440,Validation
397441,Installer
397442,Installer
397443,Analytics
397444,iOS
397445,iOS
397447,LiveView
397448,LiveView
397449,LiveView
397450,Setup
397451,Setup
397452,Login
397454,Usability
397455,Usability
397461,iOS
397462,Modules
397463,Alloy
397464,Mobile
397466,Projects
397467,Usability
397468,Update
397469,Windows
397469,Configuration
397469,Publishing
397470,Console
397471,Update
397472,Update
397473,Tiapp
397474,Alloy
397475,SDK Configuration
397476,Debugging
397476,iOS
397477,iOS
397478,Tiapp
397480,Validation
397481,Build
397481,Node
397482,iOS
397484,iOS
397485,iOS
397485,Build
397485,Android
397486,Mobile
397487,Login
397488,Analytics
397489,SDK
397490,Android
397491,Samples
397492,Installer
397493,Tiapp
397494,iOS
397494,Configuration
397495,Cloud
397496,Update
397498,iOS
397500,Windows
397501,Dashboard
397501,Samples
397505,Windows
397507,iOS
397508,iOS
397511,iOS
397521,Installer
397523,Dashboard
397525,Update
397526,Modules
397527,iOS
397527,Samples
397528,Modules
397529,Projects
397533,Installer
397535,Usability
397536,Editor
397537,Update
397538,Update
397539,Windows
397539,Console
397540,Windows
397540,LiveView
397541,Windows
397541,Modules
397542,Tiapp
397543,iOS
397544,Windows
397546,Usability
397548,Windows
397548,Update
397549,Setup
397549,Windows
397550,Setup
397550,Windows
397551,Windows
397552,Setup
397553,Windows
397553,Build
397554,Editor
397556,Windows
397557,Windows
397557,Dashboard
397558,Windows
397558,Build
397559,Login
397562,Windows
397563,Windows
397564,Tiapp
397567,Windows
397567,Usability
397568,Windows
397568,Usability
397569,Windows
397570,Windows
397571,Windows
397572,Windows
397573,Alloy
397573,Samples
397574,Samples
397576,iOS
397576,Android
397577,Tiapp
397578,Windows
397579,Login
397580,Windows
397580,Dashboard
397581,Windows
397582,Tiapp
397583,JS
397584,Publishing
397586,Windows
397586,Usability
397588,iOS
397589,iOS
397590,iOS
397591,iOS
397592,iOS
397593,iOS
397594,iOS
397595,iOS
397596,Windows
397596,Tiapp
397599,Alloy
397600,Formatter
397601,Login
397602,Desktop
397603,Node
397604,Update
397605,Update
397607,Help
397608,Build
397609,Windows
397610,Dashboard
397611,Installer
397613,Login
397614,LiveView
397617,iOS
397618,Alloy
397620,Editor
397621,Windows
397622,Login
397623,SDK
397623,Mobile
397624,Publishing
397625,Alloy
397626,Alloy
397627,Projects
397627,Mobile
397628,Update
397628,Cloud
397629,Dashboard
397630,Editor
397630,Projects
397630,Tiapp
397631,Usability
397631,Configuration
397632,Installer
397633,Usability
397634,Installer
397635,Editor
397636,Node
397637,Android
397639,Samples
397643,Update
397644,Dashboard
397645,Android
397648,Alloy
397649,Android
397650,Android
397650,SDK Configuration
397650,Configuration
397652,Android
397654,Publishing
397655,Usability
397656,Usability
397657,Login
397658,Alloy
397658,Samples
397659,Configuration
397665,Usability
397666,Windows
397666,Installer
397669,Build
397670,Editor
397671,Installer
397674,Dashboard
397676,Samples
397677,Cloud
397678,Cloud
397679,Cloud
397680,Usability
397682,Installer
397683,Windows
397683,Usability
397683,Dashboard
397683,MobileWeb
397685,Projects
397686,Login
397688,Build
397689,Usability
397690,Usability
397691,Samples
397692,Cloud
397694,Projects
397695,Projects
397696,Login
397697,Samples
397698,Dashboard
397699,Login
397700,Cloud
397702,Login
397703,Windows
397703,Cloud
397705,Installer
397706,Installer
397708,Cloud
397709,Console
397710,Update
397711,Login
397711,Launcher
397715,Analytics
397716,Dashboard
397718,Usability
397719,Editor
397720,Theme
397721,Dashboard
397723,MobileWeb
397724,Dashboard
397726,Login
397727,Installer
397728,Login
397732,Editor
397733,Cloud
397734,Login
397735,Installer
397736,BlackBerry
397737,Installer
397738,Usability
397738,Cloud
397738,Enterprise
397739,Login
397742,Dashboard
397743,Publishing
397744,LiveView
397745,Usability
397748,Alloy
397749,Tiapp
397751,Dashboard
397752,Usability
397753,Windows
397754,Windows
397755,Dashboard
397756,Usability
397757,Login
397758,Android
397759,Update
397760,Update
397761,Projects
397762,Dashboard
397764,SDK
397765,Samples
397766,Installer
397767,Usability
397769,Usability
397770,Dashboard
397771,Dashboard
397772,Installer
397773,Launcher
397775,Installer
397776,Installer
397778,Samples
397779,Samples
397780,Usability
397781,Usability
397782,Update
397783,Samples
397784,Login
397785,Installer
397786,Installer
397787,Dashboard
397788,Dashboard
397790,Installer
397792,Installer
397793,Login
397794,Installer
397797,Installer
397798,Projects
397798,Alloy
397800,Cloud
397801,Dashboard
397802,Installer
397803,iOS
397804,Installer
397805,Installer
397807,Installer
397808,Login
397812,Content Assist
397813,Dashboard
397816,Login
397817,Installer
397818,SDK
397819,Installer
397820,Update
397822,Dashboard
397823,Content Assist
397827,Installer
397828,Installer
397829,Update
397832,Installer
397833,Usability
397834,Installer
397835,Installer
397841,Cloud
397842,Dashboard
397843,Update
397845,BlackBerry
397846,Installer
397850,Editor
397850,Content Assist
397856,Installer
397857,Installer
397858,Installer
397859,Installer
397860,Installer
397861,Windows
397861,Installer
397862,Alloy
397863,JS
397863,Usability
397865,Editor
397865,JS
397868,Content Assist
397869,Windows
397869,Update
397876,Scripting
397877,Editor
397878,Windows
397881,Validation
397882,Editor
397883,Dashboard
397884,Configuration
397885,Windows
397885,Installer
397886,LiveView
397887,Installer
397888,Installer
397889,Installer
397890,Content Assist
397891,Installer
397893,Tiapp
397894,Installer
397895,Installer
397896,Installer
397897,Installer
397898,Installer
397901,Installer
397904,Build
397905,Installer
397906,Installer
397907,Installer
397908,Installer
397909,Installer
397917,JS
397918,JS
397919,JS
397920,Code Processor
397921,Code Processor
397922,Code Processor
397923,Code Processor
397924,Debugging
397925,Debugging
397926,Windows
397926,Android
397927,Enterprise
397930,Publishing
397931,Publishing
397933,LiveView
397934,Modules
397935,Tiapp
397936,iOS
397938,iOS
397940,Editor
397941,Alloy
397941,Content Assist
397946,Dashboard
397947,Android
397948,Usability
397949,Build
397951,Update
397952,Windows
397952,Installer
397953,Usability
397956,Update
397956,Node
397959,Android
397959,Launcher
397964,SDK Configuration
397968,Tiapp
397968,Modules
397969,Debugging
397971,Enterprise
397972,iOS
397973,Node
397975,Update
397979,Update
397980,Update
397981,Setup
397981,Usability
397982,Update
397985,Cloud
397986,Cloud
397987,Cloud
397988,Login
397989,Android
397991,Usability
397992,Launcher
397993,SDK
397994,Usability
397996,Cloud
397997,Cloud
397998,Cloud
397999,Login
398000,Cloud
398001,Cloud
398002,Cloud
398003,Cloud
398004,Cloud
398005,Cloud
398006,Cloud
398007,Cloud
398008,Cloud
398009,Cloud
398010,Cloud
398011,Cloud
398012,Update
398013,Alloy
398013,Content Assist
398014,Alloy
398015,Alloy
398015,Content Assist
398017,Android
398018,Installer
398019,iOS
398020,Projects
398020,Configuration
398021,Update
398025,Dashboard
398026,Installer
398028,Cloud
398030,Scripting
398031,Node
398032,Cloud
398033,SDK
398034,Alloy
398035,Windows
398035,Installer
398036,Update
398037,Update
398039,Dashboard
398040,BlackBerry
398041,Windows
398041,Alloy
398041,LiveView
398042,Usability
398044,Windows
398044,Node
398046,Editor
398046,JS
398047,Projects
398047,Usability
398048,Content Assist
398049,Tiapp
398050,Publishing
398051,Windows
398052,MobileWeb
398052,Publishing
398053,Android
398053,Modules
398055,JS
398055,Content Assist
398056,Content Assist
398057,Editor
398057,Validation
398059,Editor
398060,Editor
398061,iOS
398062,Editor
398062,Usability
398063,Content Assist
398064,Editor
398064,Validation
398065,Content Assist
398066,Update
398066,Node
398066,Usability
398067,Setup
398067,Node
398067,Usability
398068,iOS
398069,Debugging
398070,iOS
398071,Usability
398073,Configuration
398074,iOS
398075,Setup
398076,Android
398077,Editor
398078,Android
398078,SDK Configuration
398079,Editor
398080,Code Processor
398082,Enterprise
398083,Enterprise
398084,Enterprise
398086,iOS
398087,iOS
398088,Usability
398090,Android
398090,Publishing
398094,Update
398096,Mobile
398097,Editor
398099,Update
398099,Usability
398102,iOS
398102,Android
398103,iOS
398103,SDK Configuration
398105,LiveView
398106,Configuration
398107,Debugging
398107,Android
398111,LiveView
398112,LiveView
398113,Login
398114,Publishing
398116,Dashboard
398117,iOS
398119,Tiapp
398120,Configuration
398121,Tiapp
398122,Installer
398124,iOS
398125,Modules
398126,Alloy
398127,Node
398128,Alloy
398128,Usability
398128,Content Assist
398129,iOS
398130,Alloy
398130,Content Assist
398131,Alloy
398132,Alloy
398133,Alloy
398134,Alloy
398135,Alloy
398136,Alloy
398137,Alloy
398138,Alloy
398139,Modules
398141,Editor
398144,Alloy
398144,Content Assist
398146,Installer
398147,Configuration
398148,Login
398149,Setup
398150,Android
398150,Configuration
398151,Android
398151,Configuration
398152,Installer
398153,Publishing
398153,Enterprise
398154,Update
398154,Node
398155,Android
398155,Configuration
398156,Launcher
398157,Projects
398158,Configuration
398159,iOS
398159,Build
398160,Alloy
398160,Content Assist
398162,Tiapp
398165,Projects
398165,Cloud
398166,Projects
398167,Update
398167,Node
398169,Installer
398170,Update
398172,Update
398172,Usability
398174,iOS
398175,Projects
398175,Usability
398175,Cloud
398177,Update
398178,Tiapp
398179,Templates
398180,Templates
398181,Scripting
398182,Scripting
398183,Usability
398185,JS
398185,Modules
398185,Content Assist
398186,Update
398186,Node
398188,Android
398189,Configuration
398190,Usability
398191,JS
398191,Modules
398191,Content Assist
398192,JS
398192,Modules
398192,Content Assist
398193,JS
398193,Modules
398193,Content Assist
398194,Update
398194,Node
398195,Installer
398196,Installer
398197,Debugging
398198,Update
398200,LiveView
398202,Installer
398203,JS
398203,Content Assist
398204,JS
398204,Modules
398204,Content Assist
398205,Usability
398207,Editor
398208,Installer
398209,Alloy
398210,Alloy
398210,Content Assist
398211,Android
398212,Scripting
398213,Editor
398214,Editor
398215,Editor
398216,SDK
398217,Theme
398218,Android
398218,Usability
398219,Android
398219,Usability
398221,Usability
398222,Modules
398222,MobileWeb
398223,Installer
398224,Update
398225,Alloy
398225,Content Assist
398227,Installer
398228,Editor
398229,Editor
398230,Node
398231,Editor
398232,Content Assist
398233,Alloy
398234,Alloy
398235,Alloy
398235,Content Assist
398236,Alloy
398236,Content Assist
398237,Alloy
398237,Content Assist
398238,Android
398239,Windows
398240,Configuration
398241,Alloy
398242,Android
398242,Configuration
398243,Configuration
398244,Configuration
398246,Content Assist
398247,LiveView
398249,Update
398250,Tiapp
398251,Android
398251,Publishing
398252,Usability
398255,Cloud
398256,Debugging
398257,Debugging
398258,Usability
398258,Content Assist
398259,Login
398260,Usability
398261,iOS
398262,Projects
398262,Node
398264,iOS
398264,Build
398265,Configuration
398266,Installer
398268,Installer
398269,Configuration
398270,Editor
398270,Usability
398271,Installer
398273,Node
398274,Dashboard
398275,Node
398276,Installer
398277,Dashboard
398278,Dashboard
398279,Login
398282,Installer
398283,MobileWeb
398284,Launcher
398285,Alloy
398286,Configuration
398291,Installer
398292,Login
398293,Formatter
398293,JS
398294,Alloy
398294,Content Assist
398296,Formatter
398296,JS
398297,Formatter
398297,JS
398298,Formatter
398298,JS
398299,Theme
398300,Node
398301,Installer
398302,Installer
398303,Alloy
398303,Content Assist
398304,Login
398305,Samples
398306,Alloy
398306,Content Assist
398307,Alloy
398307,Content Assist
398308,Editor
398309,Content Assist
398310,Alloy
398310,Content Assist
398311,Installer
398312,Installer
398313,Configuration
398314,Projects
398315,iOS
398316,Installer
398318,Debugging
398319,JS
398319,Usability
398320,JS
398320,Usability
398321,JS
398321,Usability
398322,JS
398322,Usability
398323,MobileWeb
398324,Installer
398325,Projects
398325,Usability
398327,MobileWeb
398327,Publishing
398328,iOS
398328,SDK Configuration
398329,JS
398330,Publishing
398331,Publishing
398332,Publishing
398333,Publishing
398335,Usability
398336,Update
398337,Update
398338,Update
398340,Modules
398342,Samples
398343,Enterprise
398345,Tiapp
398346,Projects
398346,Usability
398347,Build
398348,Configuration
398349,iOS
398350,Usability
398351,Tiapp
398352,Projects
398352,Node
398353,Android
398353,Modules
398354,SDK Configuration
398354,BlackBerry
398355,Android
398355,Configuration
398356,Update
398357,Usability
398358,Enterprise
398359,Enterprise
398360,Projects
398361,Update
398364,Alloy
398366,Alloy
398367,Debugging
398367,LiveView
398370,Launcher
398370,SDK
398379,Help
398394,Projects
398394,Samples
398395,Build
398396,Build
398397,Build
398398,Installer
398399,Installer
398400,Cloud
398401,Cloud
398402,JS
398412,Build
398413,Build
398414,Build
398415,Build
398416,Build
398417,Code Processor
398418,Cloud
398419,Usability
398420,Usability
398421,Launcher
398421,Modules
398422,Update
398424,Publishing
398428,Alloy
398429,BlackBerry
398430,Launcher
398431,BlackBerry
398432,BlackBerry
398433,Installer
398436,Alloy
398437,Usability
398441,Installer
398442,Installer
398443,Installer
398446,Cloud
398447,Android
398449,Build
398449,Installer
398450,Content Assist
398452,Installer
398453,Publishing
398454,Tiapp
398455,Dashboard
398456,Installer
398458,Configuration
398460,Configuration
398460,BlackBerry
398464,Samples
398465,Android
398465,Configuration
398467,Android
398468,SDK Configuration
398469,Dashboard
398471,iOS
398472,Installer
398473,Alloy
398474,Alloy
398475,Android
398475,Usability
398476,Dashboard
398477,Content Assist
398479,Content Assist
398480,Debugging
398481,iOS
398482,Build
398483,Installer
398484,Editor
398484,Usability
398485,Usability
398487,Debugging
398487,Alloy
398488,iOS
398488,Android
398489,Usability
398491,Debugging
398492,Android
398493,Modules
398494,Alloy
398495,Alloy
398496,Alloy
398497,Alloy
398498,Alloy
398499,Installer
398500,Windows
398500,Installer
398501,Update
398502,Content Assist
398503,Content Assist
398504,Content Assist
398506,Android
398506,Publishing
398507,iOS
398509,Alloy
398509,Content Assist
398510,Debugging
398510,Alloy
398511,iOS
398511,Configuration
398512,Build
398513,Publishing
398514,Publishing
398515,Publishing
398516,Publishing
398517,Alloy
398519,Cloud
398520,Login
398523,Login
398524,iOS
398524,Launcher
398527,Theme
398528,Samples
398529,Android
398530,Usability
398531,Login
398532,Launcher
398534,iOS
398534,Launcher
398535,iOS
398535,Samples
398537,Alloy
398537,Usability
398538,Alloy
398538,Usability
398538,Indexing
398539,Alloy
398539,Usability
398541,Alloy
398542,Build
398543,Build
398544,Build
398545,SDK Configuration
398546,Projects
398547,Alloy
398548,Build
398549,Build
398550,Build
398551,Build
398552,Build
398553,Build
398554,Build
398559,Android
398560,Configuration
398560,BlackBerry
398561,Build
398563,Alloy
398564,Dashboard
398565,Samples
398568,Alloy
398568,Usability
398569,Alloy
398569,Usability
398570,Alloy
398570,Usability
398572,Android
398572,Publishing
398573,Usability
398574,Launcher
398574,Usability
398575,Update
398576,Debugging
398576,Alloy
398577,Editor
398578,Alloy
398579,Launcher
398580,Tiapp
398581,Launcher
398581,Usability
398582,Content Assist
398583,Content Assist
398584,Dashboard
398585,Enterprise
398586,Editor
398586,Alloy
398587,Update
398587,Node
398588,Cloud
398590,Editor
398590,JS
398590,Usability
398590,Validation
398590,Content Assist
398591,Alloy
398591,Content Assist
398592,Installer
398595,Update
398596,Setup
398596,Installer
398598,Update
398599,Update
398600,Projects
398600,Usability
398602,Usability
398603,Alloy
398604,Alloy
398605,Build
398605,Alloy
398606,Editor
398606,Alloy
398607,Samples
398608,Modules
398609,Alloy
398609,Usability
398610,Alloy
398610,Content Assist
398611,Alloy
398612,Alloy
398612,Content Assist
398613,Alloy
398614,Alloy
398616,Alloy
398616,Content Assist
398617,Content Assist
398618,Indexing
398619,Alloy
398619,Content Assist
398620,Content Assist
398621,Editor
398622,Console
398623,Alloy
398624,Alloy
398625,Alloy
398626,Alloy
398627,Node
398627,Cloud
398628,Setup
398629,Usability
398630,iOS
398631,Usability
398634,Login
398635,Android
398635,Usability
398636,MobileWeb
398637,LiveView
398642,Node
398645,Editor
398646,Android
398647,SDK Configuration
398649,Login
398650,Samples
398650,Validation
398652,Windows
398653,SDK
398654,iOS
398654,Configuration
398655,Windows
398656,Windows
398657,Windows
398657,Publishing
398658,Content Assist
398659,Android
398659,Usability
398660,Windows
398660,Configuration
398661,Android
398661,Configuration
398663,Setup
398663,Android
398664,Debugging
398665,Android
398665,Configuration
398666,Windows
398666,Android
398667,Dashboard
398668,Setup
398668,Android
398669,Login
398669,Validation
398670,iOS
398671,Windows
398674,Setup
398675,Tiapp
398676,Content Assist
398677,Projects
398677,Dashboard
398678,Setup
398678,Node
398679,BlackBerry
398680,Usability
398681,Usability
398683,Console
398684,Alloy
398684,Cloud
398685,Dashboard
398685,MobileWeb
398686,Windows
398687,Windows
398689,Dashboard
398689,BlackBerry
398690,Alloy
398691,Installer
398692,Projects
398693,Configuration
398693,BlackBerry
398694,Scripting
398695,Usability
398696,Android
398696,Configuration
398697,iOS
398697,Console
398698,BlackBerry
398699,Dashboard
398699,Theme
398700,Installer
398702,iOS
398702,Modules
398702,Usability
398703,Android
398703,Configuration
398704,Update
398705,iOS
398707,Login
398708,Usability
398708,MobileWeb
398709,Login
398710,Android
398711,Update
398712,Windows
398713,Installer
398714,iOS
398715,Tiapp
398716,Launcher
398717,SDK
398717,Configuration
398718,Alloy
398718,Content Assist
398720,iOS
398721,Publishing
398722,Configuration
398723,Usability
398723,Configuration
398724,Android
398725,Alloy
398725,Content Assist
398726,Alloy
398726,Content Assist
398727,Configuration
398727,Tizen
398729,Configuration
398731,Android
398732,Usability
398732,Source Control
398733,Projects
398734,MobileWeb
398735,Modules
398736,Code Processor
398737,SDK Configuration
398738,Login
398739,iOS
398739,Android
398740,MobileWeb
398741,Build
398741,Android
398742,Windows
398742,Android
398742,Profiling
398743,Debugging
398743,Android
398743,Alloy
398744,Node
398745,Tiapp
398746,Editor
398746,Alloy
398746,Content Assist
398747,JS
398747,Scripting
398748,Alloy
398748,Content Assist
398749,Tiapp
398750,Alloy
398750,Samples
398751,Configuration
398752,SDK
398753,Dashboard
398754,Usability
398755,Installer
398756,Configuration
398757,Usability
398758,Projects
398760,Alloy
398760,Samples
398761,Alloy
398761,Usability
398762,iOS
398764,Alloy
398765,Tiapp
398765,Usability
398766,Projects
398766,Android
398767,Android
398768,Android
398768,Dashboard
398769,Dashboard
398770,Dashboard
398771,MobileWeb
398772,BlackBerry
398773,Windows
398773,Installer
398774,Android
398774,MobileWeb
398775,Android
398776,Tiapp
398777,Update
398778,Configuration
398779,SDK Configuration
398780,Installer
398780,Android
398781,Tiapp
398781,Launcher
398782,Android
398783,Usability
398784,Android
398784,Configuration
398785,Alloy
398785,Samples
398786,Build
398786,Usability
398787,Modules
398788,Tiapp
398789,Alloy
398790,Installer
398791,Android
398791,SDK Configuration
398792,Templates
398792,Alloy
398794,Update
398795,Alloy
398796,Modules
398797,Debugging
398797,iOS
398798,Projects
398800,Launcher
398801,Build
398801,MobileWeb
398802,Usability
398803,Installer
398804,Android
398804,SDK Configuration
398805,iOS
398806,Validation
398807,Android
398807,Profiling
398808,Android
398808,Launcher
398809,Update
398810,Build
398812,iOS
398813,Android
398814,SDK
398815,Theme
398816,Usability
398816,SDK Configuration
398817,iOS
398817,Modules
398818,Dashboard
398819,Modules
398820,Projects
398821,Dashboard
398822,Dashboard
398824,Build
398824,Tizen
398825,Build
398825,BlackBerry
398826,Projects
398826,Android
398827,iOS
398828,Alloy
398829,Alloy
398830,Android
398831,Projects
398831,Enterprise
398833,iOS
398833,Windows
398834,Android
398835,iOS
398835,Configuration
398836,iOS
398837,SDK
398838,Update
398839,Console
398840,Samples
398841,Code Processor
398842,Debugging
398842,Android
398843,Tizen
398844,Dashboard
398844,MobileWeb
398845,Profiling
398847,iOS
398847,Configuration
398848,Usability
398849,Usability
398850,Windows
398851,Usability
398852,iOS
398853,Android
398854,Profiling
398856,Projects
398857,iOS
398858,Android
398860,Usability
398860,MobileWeb
398861,Usability
398862,Installer
398862,Usability
398863,SDK Configuration
398864,Samples
398865,Installer
398866,Usability
398867,Configuration
398868,Console
398869,Update
398869,Source Control
398870,Android
398870,Publishing
398871,Update
398871,Validation
398872,iOS
398873,Cloud
398874,Usability
398875,iOS
398875,Build
398876,iOS
398876,Build
398877,Build
398878,iOS
398879,Projects
398880,iOS
398880,Tiapp
398881,Debugging
398882,Configuration
398883,Tiapp
398884,Installer
398885,Installer
398887,Installer
398887,Android
398888,Usability
398889,Theme
398890,Android
398890,Usability
398891,Android
398892,Windows
398893,Windows
398894,Usability
398895,Debugging
398897,Projects
398897,Modules
398898,Content Assist
398899,Tiapp
398899,Configuration
398900,Usability
398900,Configuration
398901,Usability
398901,Configuration
398902,Usability
398902,Configuration
398903,Usability
398903,Configuration
398904,iOS
398904,Publishing
398905,iOS
398906,Alloy
398906,Content Assist
398907,iOS
398907,Usability
398908,Update
398908,Usability
398909,iOS
398909,Build
398910,iOS
398910,Publishing
398911,Editor
398912,Editor
398913,Usability
398913,Configuration
398914,Usability
398914,Configuration
398915,Projects
398916,Android
398916,Profiling
398917,Build
398917,Android
398918,Projects
398919,iOS
398920,iOS
398921,Build
398922,Android
398923,Tiapp
398925,MobileWeb
398926,Android
398928,Launcher
398928,Usability
398929,SDK Configuration
398930,Publishing
398931,Help
398932,Update
398932,Usability
398933,iOS
398934,Update
398934,Usability
398935,Build
398935,Android
398936,Usability
398937,Installer
398937,Android
398938,Usability
398939,Build
398939,Android
398940,Usability
398940,Theme
398941,Update
398942,Samples
398943,Usability
398944,Console
398945,Windows
398945,Installer
398946,Console
398947,Installer
398948,Login
398950,Update
398950,Usability
398951,Content Assist
398952,Update
398952,Usability
398953,Usability
398954,Configuration
398955,Installer
398956,Projects
398957,iOS
398958,Android
398958,Usability
398959,Installer
398959,Android
398960,Android
398961,Update
398962,Android
398962,Configuration
398963,Projects
398963,Build
398964,Content Assist
398965,Android
398966,Android
398967,Update
398968,Code Processor
398969,Profiling
398971,Usability
398972,Usability
398972,Configuration
398973,Node
398974,Node
398975,Projects
398975,Usability
398977,Update
398977,Studio Error reporting
398978,Installer
398978,Android
398979,Usability
398979,Theme
398980,iOS
398980,Build
398981,Terminal
398982,iOS
398982,SDK Configuration
398983,iOS
398983,Configuration
398984,MobileWeb
398985,Usability
398986,Usability
398986,Theme
398987,Usability
398987,Theme
398988,Usability
398988,Theme
398989,Usability
398989,Theme
398990,Usability
398991,Content Assist
398992,Android
398993,Tiapp
398994,Usability
398995,iOS
398996,Projects
398997,Console
398998,Windows
398998,Update
398999,Build
398999,Usability
399000,Usability
399000,MobileWeb
399001,Alloy
399002,Usability
399003,Theme
399004,Console
399005,Tiapp
399006,Installer
399007,Installer
399007,Launcher
399008,Usability
399009,Login
399010,Login
399011,Dashboard
399013,Dashboard
399014,Dashboard
399015,Dashboard
399016,Debugging
399016,Cloud
399018,Dashboard
399019,Update
399020,Update
399021,Update
399022,Usability
399023,Update
399023,Configuration
399024,Installer
399025,Theme
399026,Projects
399027,Projects
399028,Editor
399030,Modules
399031,Windows
399031,Dashboard
399032,Projects
399033,Usability
399034,Tiapp
399034,Usability
399035,Tiapp
399035,Usability
399036,Tiapp
399036,Usability
399037,Tiapp
399037,Usability
399038,Tiapp
399038,Usability
399040,Usability
399041,Projects
399042,Usability
399043,Editor
399043,Validation
399044,Usability
399044,Indexing
399045,Usability
399046,Usability
399047,Usability
399048,Usability
399049,Usability
399050,Usability
399051,Usability
399052,Tiapp
399053,Tiapp
399053,Usability
399055,Content Assist
399056,Installer
399056,Usability
399057,Editor
399058,Installer
399058,Usability
399059,iOS
399059,Usability
399060,Usability
399061,Usability
399062,iOS
399062,Usability
399063,iOS
399063,Usability
399064,Installer
399065,Build
399065,Node
399067,Tiapp
399069,iOS
399069,Build
399070,Update
399070,Node
399071,MobileWeb
399072,Android
399072,SDK Configuration
399073,Node
399074,Installer
399074,Usability
399075,Android
399076,Tiapp
399076,SDK
399077,Tiapp
399077,Tizen
399078,Installer
399078,Usability
399079,Login
399080,Installer
399080,Node
399081,Installer
399081,BlackBerry
399082,Node
399083,Installer
399085,Installer
399086,Editor
399087,Installer
399087,Usability
399088,Installer
399089,Installer
399091,Installer
399092,Installer
399093,Installer
399093,MobileWeb
399094,Installer
399095,Installer
399095,Usability
399096,Installer
399097,Installer
399098,Installer
399099,Installer
399100,Installer
399101,Installer
399102,Installer
399103,Installer
399104,iOS
399105,JS
399106,Tiapp
399107,Installer
399108,Installer
399108,Node
399109,Login
399110,Installer
399110,Android
399111,Installer
399111,Tiapp
399112,Tiapp
399112,Usability
399113,Installer
399114,Installer
399115,Installer
399115,Android
399116,Installer
399116,Usability
399117,Installer
399117,Usability
399118,Installer
399119,Installer
399119,Android
399120,Installer
399120,SDK Configuration
399122,Installer
399123,Installer
399124,Installer
399125,Installer
399126,Installer
399127,Installer
399128,Installer
399128,Usability
399130,Editor
399130,Node
399131,Android
399132,Alloy
399133,iOS
399133,Usability
399136,Projects
399136,Installer
399136,Modules
399137,Projects
399137,Installer
399137,Modules
399138,Projects
399138,Installer
399138,Modules
399139,Installer
399139,Usability
399141,Projects
399141,Usability
399142,Installer
399143,Installer
399144,iOS
399146,Installer
399146,Android
399147,Installer
399147,Android
399148,Installer
399148,Android
399149,Projects
399149,Installer
399150,Projects
399150,Installer
399151,Projects
399151,Installer
399152,Installer
399152,Tiapp
399153,Installer
399153,Tiapp
399154,Installer
399154,Tiapp
399155,Cloud
399156,Android
399157,Installer
399158,Installer
399159,iOS
399159,Installer
399160,Installer
399161,Installer
399162,Installer
399162,Android
399163,Installer
399163,Tiapp
399164,Projects
399164,Installer
399164,Modules
399165,Projects
399165,Installer
399166,Installer
399167,Installer
399167,Usability
399168,BlackBerry
399169,Tizen
399170,iOS
399170,Installer
399171,Modules
399171,BlackBerry
399172,Node
399173,Usability
399174,BlackBerry
399177,Installer
399177,Android
399178,iOS
399178,Installer
399179,Editor
399179,Usability
399179,Source Control
399180,Debugging
399180,iOS
399180,Console
399181,Debugging
399181,iOS
399182,Build
399184,Validation
399185,Debugging
399185,Android
399186,Source Control
399187,Installer
399187,Tizen
399188,Installer
399188,Android
399189,iOS
399189,Installer
399190,Build
399191,Installer
399191,Usability
399191,Tizen
399192,Installer
399192,Usability
399192,BlackBerry
399193,Installer
399193,Android
399193,Usability
399194,iOS
399194,Installer
399194,Usability
399196,Usability
399196,Source Control
399198,Installer
399198,Usability
399199,Tiapp
399200,Tiapp
399201,iOS
399202,Build
399204,Alloy
399205,Alloy
399205,Validation
399206,Projects
399206,Dashboard
399207,Installer
399207,Usability
399207,Tizen
399208,Installer
399208,Usability
399208,BlackBerry
399209,Installer
399209,Android
399209,Usability
399210,iOS
399210,Installer
399210,Usability
399211,Installer
399211,Usability
399212,Usability
399212,Source Control
399213,Update
399214,Node
399214,Cloud
399215,LiveView
399216,Publishing
399217,Samples
399218,Dashboard
399219,Alloy
399220,LiveView
399222,Alloy
399222,Scripting
399223,Projects
399223,BlackBerry
399224,Projects
399224,Enterprise
399225,Login
399225,Update
399227,Projects
399228,Debugging
399229,Build
399230,Android
399231,Publishing
399232,Desktop
399233,Update
399234,Login
399235,Update
399236,iOS
399237,Projects
399237,Alloy
399238,Tiapp
399239,Usability
399239,Source Control
399241,Android
399241,SDK
399242,Update
399243,Android
399244,Usability
399244,SDK Configuration
399245,Templates
399248,Desktop
399249,LiveView
399250,LiveView
399251,Android
399251,Publishing
399252,LiveView
399253,Terminal
399254,Node
399254,Cloud
399255,Installer
399256,Usability
399256,SDK Configuration
399257,Source Control
399258,Alloy
399258,Usability
399259,Alloy
399259,Usability
399260,Alloy
399260,Usability
399261,Source Control
399262,Source Control
399263,Node
399264,Usability
399264,Source Control
399265,Update
399266,Update
399267,Editor
399267,Alloy
399268,Update
399271,Editor
399272,Content Assist
399273,iOS
399274,iOS
399275,iOS
399276,iOS
399277,iOS
399278,iOS
399279,Android
399280,Android
399281,Android
399282,Android
399283,Android
399284,Android
399285,Android
399286,Node
399287,Usability
399287,Source Control
399288,Usability
399288,Source Control
399289,Usability
399289,Source Control
399290,Usability
399290,Source Control
399291,iOS
399291,Launcher
399292,Modules
399293,Validation
399294,Installer
399295,iOS
399295,Publishing
399296,Build
399296,Installer
399297,Projects
399297,Modules
399298,iOS
399299,Usability
399300,Projects
399300,Usability
399301,Tiapp
399302,Projects
399302,Usability
399303,Editor
399304,Projects
399304,Android
399304,Mobile
399305,Projects
399305,Android
399306,iOS
399307,Debugging
399307,Usability
399307,Configuration
399307,Validation
399308,iOS
399309,iOS
399309,Dashboard
399310,Android
399310,Usability
399310,SDK Configuration
399311,Node
399311,Usability
399312,Usability
399313,BlackBerry
399313,Code Processor
399314,Profiling
399315,Profiling
399316,Cloud
399317,Android
399318,SDK
399319,Node
399320,Projects
399321,Debugging
399321,Android
399322,Android
399323,Debugging
399323,Node
399328,Usability
399329,iOS
399330,MobileWeb
399331,iOS
399332,Dashboard
399332,BlackBerry
399333,iOS
399333,Projects
399334,iOS
399335,Modules
399336,Modules
399337,Projects
399338,SDK Configuration
399339,Configuration
399340,Debugging
399340,Node
399341,Usability
399342,Usability
399343,Debugging
399343,iOS
399343,Android
399343,Console
399343,Profiling
399344,Android
399345,Debugging
399345,Node
399346,Alloy
399347,Debugging
399348,Samples
399349,Dashboard
399349,Tizen
399350,Tizen
399351,Code Processor
399353,Code Processor
399354,Debugging
399354,Node
399355,SDK Configuration
399355,Profiling
399356,Debugging
399356,Node
399357,Debugging
399357,Node
399358,Debugging
399358,Node
399359,Debugging
399359,Node
399360,Debugging
399360,Node
399361,Usability
399362,Node
399363,Debugging
399363,iOS
399363,Android
399363,Console
399363,Profiling
399364,Launcher
399365,Android
399366,Content Assist
399367,LiveView
399368,iOS
399369,Samples
399369,Source Control
399370,iOS
399370,Console
399371,Android
399371,Console
399372,Android
399372,Usability
399373,Dashboard
399374,Android
399374,Usability
399374,SDK Configuration
399375,Android
399375,Usability
399375,SDK Configuration
399376,Android
399376,SDK Configuration
399377,Android
399377,Usability
399377,SDK Configuration
399378,Usability
399378,SDK Configuration
399379,Projects
399379,Node
399380,Node
399382,Node
399383,SDK
399384,Debugging
399384,Node
399385,LiveView
399386,Tizen
399387,Android
399388,Cloud
399389,Code Processor
399390,Android
399390,SDK Configuration
399391,Debugging
399391,Node
399392,LiveView
399393,Enterprise
399394,BlackBerry
399395,Android
399395,Modules
399396,Debugging
399396,Node
399397,Login
399397,Usability
399398,Usability
399399,Login
399400,Node
399401,Editor
399401,Alloy
399402,Usability
399403,Code Processor
399404,Usability
399405,Mobile
399406,Installer
399407,Node
399408,Node
399409,Node
399410,Dashboard
399411,Installer
399411,Node
399411,Alloy
399412,Dashboard
399413,Tiapp
399413,BlackBerry
399414,Tiapp
399415,Debugging
399415,Node
399416,Debugging
399416,Node
399417,Android
399417,Alloy
399418,Projects
399418,Usability
399419,Configuration
399420,Console
399421,Node
399421,Usability
399422,Code Processor
399423,BlackBerry
399424,BlackBerry
399425,SDK Configuration
399425,BlackBerry
399426,Samples
399427,Node
399427,Code Processor
399428,Alloy
399429,BlackBerry
399430,iOS
399431,Usability
399431,Console
399432,Debugging
399432,Node
399433,Editor
399434,Editor
399434,Alloy
399435,Node
399436,Projects
399436,Node
399437,Projects
399437,SDK
399438,Usability
399439,Projects
399440,Android
399441,Debugging
399441,Node
399442,Debugging
399442,Node
399443,Node
399443,Cloud
399444,Editor
399445,MobileWeb
399446,Node
399447,Debugging
399447,Node
399448,Debugging
399448,Node
399449,Debugging
399449,Node
399450,Projects
399451,Android
399451,SDK Configuration
399452,Dashboard
399452,MobileWeb
399453,Dashboard
399454,Dashboard
399455,Projects
399456,Usability
399456,BlackBerry
399457,BlackBerry
399458,Samples
399458,Source Control
399459,MobileWeb
399460,Installer
399461,Projects
399461,Tiapp
399462,Alloy
399463,Modules
399464,Windows
399464,Publishing
399465,Windows
399465,Dashboard
399466,Windows
399466,Dashboard
399467,Windows
399467,Dashboard
399468,Dashboard
399469,Windows
399470,Installer
399471,BlackBerry
399472,Installer
399473,Installer
399474,Installer
399475,Installer
399476,Installer
399476,Node
399477,Installer
399477,Node
399477,Alloy
399478,Installer
399478,Node
399479,Installer
399479,Node
399480,Installer
399480,Node
399480,Alloy
399481,Installer
399481,Node
399482,Dashboard
399483,Installer
399483,Node
399484,Installer
399484,Enterprise
399485,Installer
399485,Enterprise
399486,Installer
399486,Enterprise
399487,Installer
399488,Console
399489,Installer
399490,BlackBerry
399491,Installer
399492,Installer
399493,Installer
399493,Usability
399494,Installer
399495,Installer
399496,Installer
399497,Installer
399498,Installer
399499,Installer
399500,Android
399501,Tiapp
399502,BlackBerry
399503,BlackBerry
399504,BlackBerry
399505,Code Processor
399506,Tiapp
399507,Alloy
399507,Validation
399508,Usability
399509,Usability
399510,Usability
399511,Usability
399512,Usability
399513,Usability
399514,Usability
399515,Usability
399516,Usability
399517,Alloy
399518,Usability
399519,Modules
399520,Modules
399521,Modules
399523,Modules
399524,Modules
399525,Modules
399526,Android
399527,BlackBerry
399528,BlackBerry
399529,LiveView
399530,Build
399531,Installer
399532,Installer
399533,Installer
399534,Profiling
399535,Node
399535,Configuration
399536,iOS
399537,Android
399538,Usability
399538,SDK Configuration
399539,Node
399540,Projects
399541,Installer
399541,Node
399542,Build
399543,Build
399544,Build
399545,Build
399546,MobileWeb
399546,Publishing
399547,Projects
399548,Modules
399548,Analytics
399549,Editor
399550,Debugging
399550,Alloy
399551,BlackBerry
399552,Projects
399553,BlackBerry
399554,LiveView
399555,Login
399556,Projects
399557,Debugging
399559,Login
399560,Code Processor
399561,iOS
399561,Usability
399562,SDK
399563,Samples
399564,Code Processor
399565,Code Processor
399566,Dashboard
399567,Dashboard
399568,Windows
399569,Windows
399570,Windows
399571,Windows
399572,Windows
399573,Windows
399574,Windows
399575,Windows
399576,Windows
399577,Windows
399578,Windows
399579,Windows
399580,Windows
399581,Windows
399582,Windows
399583,Windows
399584,Windows
399585,Windows
399586,Windows
399587,Windows
399588,Windows
399589,Windows
399591,Windows
399592,Windows
399593,Installer
399594,Installer
399595,iOS
399596,Modules
399597,Node
399597,Cloud
399598,Projects
399599,Node
399599,Cloud
399600,Usability
399601,Projects
399601,Enterprise
399602,Node
399602,Publishing
399602,Cloud
399603,Projects
399604,Projects
399604,Node
399604,Cloud
399605,Node
399607,Node
399607,Cloud
399608,Installer
399608,Usability
399609,Dashboard
399610,Node
399611,Node
399612,iOS
399612,Publishing
399613,Node
399613,Cloud
399614,Node
399614,Cloud
399615,Node
399617,Dashboard
399618,Node
399619,Dashboard
399620,Node
399621,Build
399621,Android
399621,Console
399622,Debugging
399622,Node
399622,Cloud
399623,SDK Configuration
399625,Tiapp
399625,Modules
399626,Usability
399626,Samples
399627,Editor
399628,Android
399629,Node
399630,Content Assist
399631,Modules
399632,Modules
399633,Tiapp
399633,Modules
399634,Tiapp
399634,Modules
399635,Tiapp
399636,Android
399637,Build
399638,Projects
399638,Usability
399639,Projects
399640,Cloud
399641,Projects
399642,iOS
399643,Cloud
399644,Login
399645,Projects
399646,Usability
399647,Dashboard
399648,SDK Configuration
399649,Projects
399650,Tizen
399651,Debugging
399652,Debugging
399653,SDK
399654,Denso
399655,Denso
399656,Denso
399657,Denso
399658,Node
399659,Node
399660,Projects
399660,SDK Configuration
399661,Terminal
399661,Cloud
399664,Android
399665,Profiling
399666,Projects
399666,Configuration
399666,Dashboard
399667,Debugging
399668,Debugging
399669,Projects
399670,Node
399671,Projects
399672,Android
399673,Debugging
399674,SDK
399674,Usability
399675,Usability
399676,Usability
399677,Usability
399678,Samples
399679,Usability
399680,Enterprise
399681,Usability
399682,Installer
399682,Node
399682,Usability
399683,Installer
399683,Usability
399684,Samples
399685,Content Assist
399686,Content Assist
399688,Usability
399689,BlackBerry
399690,Publishing
399690,BlackBerry
399691,Tiapp
399691,Modules
399691,BlackBerry
399692,BlackBerry
399693,BlackBerry
399694,Tiapp
399694,BlackBerry
399695,Projects
399695,BlackBerry
399696,BlackBerry
399697,Android
399698,Android
399698,Modules
399699,Android
399700,Android
399700,Publishing
399701,iOS
399702,Android
399702,Tiapp
399702,Modules
399703,Android
399704,Android
399705,Android
399705,Tiapp
399706,Projects
399706,Android
399707,Android
399708,Debugging
399709,Code Processor
399710,Editor
399711,BlackBerry
399712,BlackBerry
399713,BlackBerry
399716,Alloy
399717,Enterprise
399718,Dashboard
399719,BlackBerry
399720,Projects
399720,Build
399720,Node
399721,Installer
399722,Usability
399724,Validation
399725,Usability
399726,Android
399727,Denso
399728,JS
399728,Validation
399730,Node
399731,Code Processor
399733,Debugging
399734,iOS
399735,SDK Configuration
399736,Android
399737,Usability
399738,Build
399739,Editor
399740,Enterprise
399741,iOS
399742,Tiapp
399743,iOS
399744,Debugging
399745,Projects
399746,Installer
399747,iOS
399748,Tiapp
399749,Alloy
399750,Node
399751,Usability
399752,LiveView
399753,Projects
399753,Dashboard
399754,Projects
399754,Templates
399754,Usability
399755,Samples
399756,Dashboard
399757,Modules
399758,Node
399758,Cloud
399759,Node
399760,Editor
399761,Node
399762,Node
399762,Cloud
399763,Editor
399764,Alloy
399765,Dashboard
399766,Android
399767,Modules
399768,Debugging
399768,Alloy
399769,iOS
399769,Publishing
399770,iOS
399771,iOS
399772,Projects
399773,Android
399774,SDK Configuration
399775,SDK Configuration
399776,Usability
399777,Modules
399777,Configuration
399777,MobileWeb
399778,Editor
399779,Usability
399780,Node
399781,MobileWeb
399782,Node
399783,Node
399784,Indexing
399785,Modules
399786,Tiapp
399787,Tiapp
399788,Installer
399789,Debugging
399789,Android
399789,Alloy
399790,SDK Configuration
399791,Usability
399792,Node
399793,MobileWeb
399794,Projects
399794,Usability
399795,Usability
399795,Scripting
399796,Alloy
399796,Usability
399797,Usability
399798,Projects
399798,Templates
399799,Usability
399800,Login
399801,Login
399802,BlackBerry
399803,Tiapp
399803,Usability
399804,BlackBerry
399805,BlackBerry
399806,BlackBerry
399807,BlackBerry
399808,BlackBerry
399809,BlackBerry
399810,SDK Configuration
399810,Tizen
399811,Tiapp
399812,Node
399813,Installer
399814,Usability
399815,Alloy
399815,Content Assist
399816,Profiling
399817,Tizen
399818,Tiapp
399818,Tizen
399819,Debugging
399819,Alloy
399820,Tizen
399821,MobileWeb
399822,Installer
399822,Usability
399823,Usability
399823,Console
399824,Projects
399825,Build
399828,Content Assist
399829,Content Assist
399830,BlackBerry
399831,Projects
399832,Projects
399833,Android
399834,Projects
399835,Alloy
399835,Content Assist
399836,Code Processor
399837,iOS
399838,Denso
399839,Usability
399840,Code Processor
399841,Usability
399841,Source Control
399842,SDK
399842,Usability
399843,Usability
399844,Tiapp
399845,Content Assist
399846,iOS
399847,Node
399848,Configuration
399848,BlackBerry
399849,BlackBerry
399850,iOS
399850,Build
399851,Login
399852,Usability
399854,Alloy
399854,Content Assist
399855,Code Processor
399856,Alloy
399857,Alloy
399857,Content Assist
399858,Content Assist
399859,Alloy
399859,Content Assist
399860,Code Processor
399861,Tiapp
399862,Editor
399862,Alloy
399863,Alloy
399863,Validation
399864,Launcher
399865,Usability
399866,Alloy
399866,Content Assist
399867,Login
399868,iOS
399869,Usability
399870,Tiapp
399871,Tiapp
399871,BlackBerry
399872,Build
399872,Installer
399872,Android
399872,Modules
399872,Usability
399872,SDK Configuration
399873,Projects
399873,Templates
399874,Cloud
399875,Node
399876,MobileWeb
399877,Debugging
399877,Alloy
399878,Debugging
399878,Alloy
399879,Debugging
399879,Alloy
399880,Usability
399881,Denso
399882,Denso
399883,iOS
399883,Build
399883,SDK Configuration
399884,Tizen
399885,iOS
399886,Build
399886,Configuration
399887,Denso
399888,Denso
399889,Denso
399890,Projects
399891,Node
399891,SDK
399892,SDK
399894,SDK Configuration
399894,BlackBerry
399895,Login
399896,Node
399897,SDK Configuration
399898,SDK Configuration
399899,Tizen
399900,BlackBerry
399901,Code Processor
399902,Android
399902,Usability
399903,Console
399904,Projects
399905,Node
399906,Cloud
399907,Login
399909,Android
399910,iOS
399910,Publishing
399911,iOS
399911,Modules
399912,iOS
399913,iOS
399913,Publishing
399914,iOS
399915,iOS
399915,Tiapp
399915,Modules
399916,iOS
399917,iOS
399918,iOS
399919,iOS
399919,Projects
399920,iOS
399922,JS
399922,Validation
399923,Usability
399923,SDK Configuration
399924,Usability
399925,Usability
399926,Installer
399927,Installer
399928,Launcher
399928,Tizen
399929,Android
399930,Console
399931,Dashboard
399932,Editor
399933,Installer
399934,Alloy
399935,Tizen
399936,Tizen
399937,Denso
399938,Usability
399939,Login
399940,Build
399941,Installer
399942,Usability
399943,Projects
399943,Tiapp
399943,SDK Configuration
399944,Dashboard
399944,Tizen
399945,Dashboard
399945,Tizen
399946,Node
399947,Node
399948,Templates
399949,JS
399950,Dashboard
399951,Usability
399952,Usability
399953,Editor
399954,Dashboard
399955,Tiapp
399955,Validation
399955,Tizen
399956,SDK
399957,SDK
399958,Configuration
399959,Configuration
399960,Installer
399961,Cloud
399963,Projects
399964,Usability
399965,Dashboard
399965,Tizen
399966,Alloy
399967,JS
399967,Validation
399968,Tizen
399969,SDK Configuration
399970,Tizen
399972,BlackBerry
399974,Publishing
399975,Publishing
399976,Publishing
399977,Publishing
399978,Android
399979,Usability
399980,Projects
399980,Node
399981,Usability
399982,Dashboard
399983,Android
399984,Cloud
399985,iOS
399987,Node
399988,Android
399989,Usability
399990,Node
399991,Modules
399992,Editor
399993,Alloy
399994,Cloud
399995,Debugging
399996,Login
399996,Usability
399997,Usability
399998,Alloy
399999,Debugging
400000,Projects
400001,BlackBerry
400002,Modules
400002,Usability
400003,BlackBerry
400004,Tiapp
400006,BlackBerry
400007,BlackBerry
400008,Installer
400008,Usability
400010,Projects
400010,Usability
400011,Debugging
400011,Node
400012,Modules
400012,Usability
400013,Usability
400013,SDK Configuration
400014,JS
400014,Usability
400015,Modules
400015,Usability
400016,Debugging
400016,Node
400017,Debugging
400017,Node
400018,Node
400020,iOS
400020,Console
400021,Build
400022,Projects
400022,Node
400023,iOS
400024,Content Assist
400025,Alloy
400026,BlackBerry
400027,Usability
400028,Usability
400029,Usability
400030,iOS
400030,Console
400031,Usability
400032,Alloy
400033,Content Assist
400035,Usability
400036,Usability
400037,Projects
400038,Projects
400039,Cloud
400040,Templates
400041,JS
400042,Editor
400043,iOS
400043,Dashboard
400044,iOS
400044,Dashboard
400045,iOS
400045,Dashboard
400046,iOS
400046,Android
400047,iOS
400047,Android
400048,iOS
400048,Android
400049,iOS
400050,Alloy
400051,Alloy
400052,iOS
400052,Android
400053,Usability
400055,Installer
400056,Usability
400057,Usability
400058,JS
400059,Configuration
400060,SDK Configuration
400061,Usability
400063,Alloy
400064,Debugging
400064,Node
400065,Tiapp
400066,Usability
400067,SDK
400067,Usability
400068,Editor
400068,Alloy
400069,Node
400070,MobileWeb
400071,Projects
400072,Usability
400072,Configuration
400073,Usability
400074,iOS
400074,Projects
400076,Tizen
400077,Tizen
400078,Tizen
400079,Tizen
400080,Tizen
400081,Tizen
400082,Tizen
400083,Tizen
400084,Tizen
400085,Tizen
400086,Tizen
400087,Tizen
400088,Denso
400090,Denso
400091,Publishing
400091,Denso
400092,Denso
400093,Denso
400094,Denso
400095,Installer
400095,Android
400096,Node
400096,Alloy
400097,MobileWeb
400098,Installer
400098,Node
400098,SDK
400099,Node
400100,Usability
400101,Usability
400102,Usability
400103,Source Control
400104,Source Control
400105,Help
400106,Android
400106,SDK
400107,Node
400108,Node
400109,Node
400110,Node
400111,Usability
400111,Help
400112,Publishing
400113,Cloud
400114,SDK
400114,Usability
400115,Usability
400115,Help
400116,Projects
400116,Usability
400117,Installer
400117,Usability
400117,Validation
400118,Configuration
400118,BlackBerry
400119,Modules
400119,MobileWeb
400120,Console
400121,Templates
400121,Denso
400122,Indexing
400123,Indexing
400124,Indexing
400125,Indexing
400127,Usability
400128,Console
400129,MobileWeb
400130,Installer
400130,Usability
400131,Installer
400131,Node
400131,SDK
400131,Usability
400132,Console
400133,Alloy
400134,Console
400135,Console
400136,Installer
400137,Installer
400139,Denso
400140,Dashboard
400141,Alloy
400142,Publishing
400143,Indexing
400144,MobileWeb
400145,iOS
400145,Usability
400145,Console
400146,Denso
400147,Denso
400148,Denso
400149,Denso
400150,Usability
400150,Dashboard
400151,Usability
400151,Dashboard
400152,SDK Configuration
400153,SDK
400153,SDK Configuration
400154,Build
400155,Build
400156,Build
400157,Modules
400158,Usability
400159,Usability
400160,Node
400161,Node
400162,iOS
400163,Dashboard
400163,BlackBerry
400164,Dashboard
400164,BlackBerry
400166,MobileWeb
400167,MobileWeb
400168,Projects
400169,BlackBerry
400170,Console
400171,Indexing
400172,Usability
400173,Alloy
400174,Publishing
400176,Analytics
400177,Projects
400178,BlackBerry
400179,Scripting
400180,Publishing
400181,Publishing
400182,BlackBerry
400183,BlackBerry
400184,MobileWeb
400185,Configuration
400186,iOS
400187,JS
400188,Dashboard
400189,Login
400190,Dashboard
400191,MobileWeb
400192,MobileWeb
400193,MobileWeb
400194,MobileWeb
400195,MobileWeb
400196,BlackBerry
400197,Projects
400198,Usability
400199,Usability
400199,Dashboard
400200,Alloy
400201,Usability
400202,Content Assist
400203,iOS
400204,iOS
400205,Debugging
400205,iOS
400207,Usability
400208,Debugging
400208,Usability
400209,Configuration
400210,Usability
400210,Cloud
400211,Cloud
400212,Debugging
400213,Projects
400214,Usability
400215,Configuration
400216,Cloud
400217,iOS
400218,Android
400218,Modules
400218,Usability
400218,Publishing
400219,Android
400220,iOS
400221,Configuration
400222,Usability
400223,Login
400223,Usability
400224,Usability
400224,Configuration
400225,JS
400227,Editor
400227,Alloy
400227,Usability
400227,Content Assist
400228,iOS
400229,Usability
400230,Installer
400230,Usability
400232,Tiapp
400232,Usability
400233,Modules
400234,Installer
400234,Usability
400234,Configuration
400235,Usability
400236,Usability
400236,Configuration
400237,Tiapp
400237,Usability
400238,Usability
400238,Configuration
400239,iOS
400240,Installer
400240,Usability
400241,Installer
400241,Usability
400241,SDK Configuration
400242,Usability
400242,Help
400243,Installer
400244,Installer
400244,Usability
400244,SDK Configuration
400245,Android
400245,Tiapp
400246,iOS
400247,Debugging
400247,iOS
400248,Usability
400248,Cloud
400249,Projects
400249,Usability
400249,Configuration
400250,SDK Configuration
400251,Usability
400252,Mobile
400253,iOS
400254,iOS
400255,Projects
400256,Configuration
400257,Build
400258,Usability
400258,Configuration
400258,Help
400259,Editor
400259,Content Assist
400260,Build
400261,Build
400262,Console
400263,Modules
400264,Usability
400265,Installer
400266,Projects
400266,Usability
400267,Node
400267,Cloud
400268,Installer
400268,Usability
400269,Installer
400270,Dashboard
400271,BlackBerry
400272,Usability
400273,Alloy
400273,Content Assist
400274,Tiapp
400274,SDK
400275,Editor
400276,iOS
400276,Build
400277,iOS
400278,Alloy
400279,Editor
400280,Dashboard
400282,Usability
400283,Debugging
400283,Usability
400284,Editor
400285,Alloy
400285,Content Assist
400286,Android
400286,SDK Configuration
400287,Usability
400288,Projects
400289,Modules
400289,Usability
400289,MobileWeb
400290,Projects
400290,Tiapp
400290,MobileWeb
400291,Usability
400292,Node
400292,Cloud
400293,BlackBerry
400294,Usability
400295,Projects
400295,MobileWeb
400296,BlackBerry
400297,Editor
400298,Alloy
400300,Usability
400300,Configuration
400300,MobileWeb
400301,Configuration
400301,Dashboard
400302,Tiapp
400303,Mobile
400305,JS
400305,Indexing
400306,Alloy
400306,JS
400307,Usability
400309,Content Assist
400310,Modules
400311,Usability
400312,Tiapp
400312,SDK Configuration
400314,Installer
400314,Usability
400315,Usability
400316,Android
400316,Configuration
400316,Dashboard
400317,Editor
400317,SDK
400317,Usability
400317,SDK Configuration
400317,Configuration
400318,Android
400318,Usability
400318,SDK Configuration
400318,Configuration
400320,Projects
400321,Modules
400322,Node
400323,Modules
400324,Node
400324,JS
400325,Installer
400326,Node
400326,JS
400327,Node
400327,JS
400328,Projects
400328,Templates
400329,Node
400330,Node
400330,Cloud
400331,Node
400331,Usability
400331,Configuration
400331,Cloud
400332,Node
400332,Cloud
400333,Usability
400333,Configuration
400334,Android
400334,SDK Configuration
400334,Dashboard
400335,Android
400335,Usability
400335,SDK Configuration
400335,Configuration
400336,Dashboard
400337,Usability
400337,Configuration
400337,Dashboard
400338,Node
400341,JS
400341,Content Assist
400342,Modules
400343,Editor
400344,Projects
400345,iOS
400346,Projects
400347,Editor
400348,Dashboard
400349,Usability
400350,Node
400352,Installer
400352,Node
400353,Usability
400354,Usability
400355,Content Assist
400356,Content Assist
400357,Node
400358,Alloy
400359,Alloy
400360,Build
400361,Usability
400362,Editor
400362,Usability
400363,Projects
400363,Usability
400364,Projects
400364,Usability
400365,Node
400366,Node
400368,Debugging
400368,iOS
400368,Usability
400369,Android
400369,Configuration
400370,Usability
400370,SDK Configuration
400370,Configuration
400371,MobileWeb
400372,Login
400372,Usability
400373,MobileWeb
400374,Usability
400375,iOS
400375,Build
400377,Build
400377,Publishing
400379,Installer
400380,Alloy
400381,Node
400382,Node
400383,Alloy
400384,Console
400385,SDK
400386,SDK
400386,SDK Configuration
400387,Console
400388,Node
400389,Alloy
400389,Content Assist
400390,Alloy
400390,Indexing
400391,Alloy
400391,Content Assist
400392,Alloy
400392,Content Assist
400393,Tiapp
400393,Modules
400394,Alloy
400394,Validation
400395,Editor
400395,Alloy
400395,Theme
400396,Editor
400396,Alloy
400397,Alloy
400398,Alloy
400399,Installer
400401,Editor
400401,Alloy
400401,Content Assist
400402,Editor
400402,Alloy
400403,Editor
400403,Alloy
400404,Launcher
400405,Usability
400405,Help
400406,Usability
400407,Build
400408,SDK
400408,SDK Configuration
400408,Configuration
400409,BlackBerry
400411,Installer
400412,Installer
400412,Usability
400412,SDK Configuration
400413,Usability
400413,Configuration
400414,Editor
400415,SDK Configuration
400416,Usability
400417,Usability
400417,Configuration
400417,Dashboard
400418,Projects
400418,Tiapp
400418,Usability
400418,Configuration
400419,Projects
400419,Usability
400419,Configuration
400420,Projects
400420,Usability
400420,Configuration
400421,Projects
400421,Usability
400421,Configuration
400422,Usability
400422,Configuration
400423,Usability
400423,Configuration
400424,Projects
400424,Usability
400424,Configuration
400425,Debugging
400425,iOS
400426,Projects
400426,Usability
400426,Configuration
400427,Projects
400427,Usability
400427,Configuration
400428,Projects
400428,Publishing
400429,Projects
400430,Usability
400431,Node
400432,Projects
400433,Projects
400433,Usability
400434,Android
400434,Usability
400434,Configuration
400436,Usability
400437,Android
400437,Usability
400438,Usability
400439,Projects
400439,Alloy
400439,Usability
400440,iOS
400440,Usability
400440,Publishing
400441,Installer
400442,Projects
400442,Usability
400443,Node
400443,Usability
400444,Templates
400445,Build
400446,Usability
400447,Usability
400449,Usability
400450,Debugging
400450,iOS
400451,Node
400451,Cloud
400452,Usability
400453,Usability
400454,Usability
400455,Debugging
400455,iOS
400456,Usability
400457,Projects
400457,Alloy
400458,SDK
400459,Console
400460,Usability
400461,Dashboard
400462,Dashboard
400463,Dashboard
400464,Usability
400465,Debugging
400466,Projects
400467,Debugging
400468,Dashboard
400468,MobileWeb
400469,Installer
400470,Editor
400471,Editor
400471,Validation
400472,Usability
400472,Configuration
400472,Help
400473,Installer
400474,Node
400474,Alloy
400476,Tizen
400477,Denso
400478,Denso
400479,Denso
400480,Denso
400481,Debugging
400481,Alloy
400482,Usability
400483,Content Assist
400484,Usability
400485,Installer
400485,Node
400486,Installer
400486,Node
400487,Installer
400488,Content Assist
400489,Installer
400489,Usability
400489,SDK Configuration
400490,Build
400490,Installer
400490,Android
400490,Modules
400490,Usability
400490,SDK Configuration
400491,Installer
400491,Usability
400491,SDK Configuration
400492,SDK Configuration
400492,Dashboard
400492,MobileWeb
400493,Dashboard
400494,Projects
400494,Android
400494,SDK Configuration
400494,Configuration
400495,MobileWeb
400497,Content Assist
400498,Content Assist
400499,Content Assist
400500,Node
400501,Android
400501,SDK Configuration
400501,Publishing
400502,Dashboard
400503,Installer
400503,Usability
400503,SDK Configuration
400503,Configuration
400504,Installer
400504,SDK
400504,SDK Configuration
400505,Installer
400505,Node
400506,Installer
400507,Installer
400508,Editor
400508,Usability
400509,Node
400510,Node
400511,Projects
400511,Tiapp
400511,Configuration
400512,Node
400513,SDK Configuration
400514,Node
400514,Cloud
400515,Node
400516,Projects
400516,Dashboard
400517,Cloud
400518,Node
400518,Usability
400519,Usability
400520,Analytics
400521,Installer
400522,Usability
400523,MobileWeb
400524,Publishing
400525,Projects
400525,Dashboard
400526,Dashboard
400528,Publishing
400528,Cloud
400530,iOS
400531,Installer
400532,Debugging
400532,Android
400533,Alloy
400534,SDK
400535,Usability
400536,Android
400536,Configuration
400536,Dashboard
400537,Android
400537,Modules
400538,SDK
400539,Usability
400540,Installer
400541,Installer
400542,Android
400543,iOS
400544,Dashboard
400545,I18N
400546,Cloud
400550,Usability
400551,Usability
400552,Publishing
400553,Editor
400554,Editor
400555,Usability
400556,Usability
400557,Usability
400558,Alloy
400559,Usability
400559,Configuration
400560,Usability
400560,Configuration
400561,Usability
400562,Usability
400564,Installer
400565,Usability
400566,Installer
400567,Templates
400567,Alloy
400569,Console
400570,Modules
400570,Dashboard
400571,Projects
400572,Templates
400573,Usability
400574,Alloy
400575,Usability
400576,Usability
400577,Alloy
400578,iOS
400578,Usability
400579,Validation
400580,Content Assist
400581,Usability
400582,Projects
400582,Templates
400583,Node
400583,Alloy
400586,Installer
400587,Node
400587,Configuration
400588,Projects
400590,Debugging
400590,Usability
400591,Debugging
400591,Usability
400592,Debugging
400593,Editor
400595,Installer
400595,SDK Configuration
400596,Content Assist
400597,Content Assist
400598,Projects
400600,Projects
400601,Usability
400602,Usability
400603,Node
400603,Usability
400604,Installer
400605,Installer
400605,SDK Configuration
400606,Installer
400608,SDK
400609,Alloy
400610,Configuration
400611,Node
400611,Configuration
400613,Alloy
400614,Build
400615,Build
400616,Usability
400617,Usability
400618,Alloy
400619,Usability
400620,Usability
400622,Usability
400623,Installer
400624,Installer
400625,Installer
400625,Node
400626,Alloy
400627,Dashboard
400628,Dashboard
400629,Dashboard
400630,Dashboard
400631,Dashboard
400632,Dashboard
400633,Node
400634,Node
400635,Projects
400636,Login
400637,Tiapp
400638,Usability
400638,Configuration
400639,Usability
400640,Usability
400640,Configuration
400640,Help
400641,Usability
400641,Configuration
400642,Debugging
400642,Android
400643,Debugging
400643,Android
400644,Installer
400644,Usability
400645,Debugging
400646,Installer
400648,iOS
400648,Build
400653,Configuration
400654,Configuration
400654,Dashboard
400655,SDK
400657,Android
400658,Cloud
400659,Alloy
400660,Alloy
400661,Node
400661,Cloud
400662,Help
400663,Usability
400664,Node
400665,Usability
400666,Debugging
400666,Usability
400667,Debugging
400668,Installer
400669,Usability
400670,SDK
400671,Usability
400673,Alloy
400674,Usability
400675,Usability
400676,iOS
400677,MobileWeb
400678,Publishing
400679,Tiapp
400680,Usability
400681,Usability
400682,SDK Configuration
400683,Usability
400684,Projects
400684,Node
400684,Usability
400685,Editor
400685,Projects
400685,Node
400686,Node
400686,Cloud
400687,Debugging
400687,Android
400688,Usability
400689,SDK Configuration
400690,Usability
400691,Android
400691,SDK Configuration
400692,Usability
400695,Usability
400698,Debugging
400699,Debugging
400699,Android
400700,Node
400701,Node
400702,Projects
400702,Node
400702,Usability
400703,Projects
400703,Node
400703,Usability
400704,Node
400704,Cloud
400705,Projects
400707,Usability
400707,Configuration
400708,Installer
400708,Usability
400709,Editor
400710,Usability
400711,Debugging
400711,Usability
400712,Debugging
400713,Usability
400714,SDK
400715,Usability
400716,Alloy
400717,Projects
400718,Dashboard
400719,Configuration
400721,Debugging
400721,iOS
400722,Debugging
400723,Usability
400723,Configuration
400724,Debugging
400725,Debugging
400726,Debugging
400727,Debugging
400728,Debugging
400728,iOS
400729,Debugging
400729,iOS
400730,Android
400730,Modules
400731,Debugging
400732,iOS
400732,Android
400733,Debugging
400733,iOS
400734,iOS
400735,Installer
400736,iOS
400737,Projects
400738,Debugging
400738,iOS
400739,Usability
400741,Debugging
400741,Android
400742,Debugging
400743,Usability
400744,Content Assist
400745,Alloy
400746,Cloud
400747,Debugging
400748,Usability
400749,Tiapp
400750,Usability
400751,Usability
400752,Usability
400753,iOS
400754,Usability
400755,Debugging
400758,Launcher
400759,Projects
400760,Debugging
400760,iOS
400761,Editor
400761,Tiapp
400763,Login
400764,Debugging
400764,Android
400765,Debugging
400766,Android
400767,Cloud
400768,JS
400769,Debugging
400770,Projects
400772,Help
400773,SDK
400773,Help
400774,Debugging
400775,iOS
400776,Usability
400777,Alloy
400778,Debugging
400779,Alloy
400780,Debugging
400780,iOS
400781,Dashboard
400782,Dashboard
400783,Tiapp
400784,SDK
400785,Debugging
400785,iOS
400785,Console
400787,Debugging
400787,iOS
400788,Debugging
400789,Usability
400790,Android
400790,Usability
400790,SDK Configuration
400791,Usability
400792,SDK
400793,Alloy
400794,Usability
400795,Usability
400796,Modules
400797,Projects
400797,Templates
400798,Configuration
400799,Mobile
400799,Content Assist
400800,Mobile
400801,Cloud
400802,Projects
400803,Dashboard
400805,Dashboard
400806,Dashboard
400807,Modules
400808,Modules
400808,Dashboard
400809,Node
400810,Debugging
400810,Android
400811,Editor
400812,Usability
400813,Debugging
400814,Debugging
400814,iOS
400814,Projects
400815,Configuration
400816,Debugging
400816,iOS
400816,Build
400816,Android
400817,Samples
400818,Tiapp
400819,Dashboard
400820,Mobile
400821,Terminal
400823,SDK Configuration
400825,Alloy
400827,Usability
400828,Modules
400829,SDK
400830,SDK
400831,Installer
400833,Dashboard
400834,Debugging
400835,Login
400836,Cloud
400837,Installer
400838,Installer
400839,Alloy
400840,Cloud
400841,JS
400841,Content Assist
400842,Cloud
400843,Cloud
400844,Launcher
400845,Dashboard
400846,SDK
400847,MobileWeb
400848,MobileWeb
400849,MobileWeb
400850,MobileWeb
400851,Publishing
400852,Mobile
400852,Publishing
400853,Templates
400854,Editor
400854,Usability
400854,Dashboard
400855,Usability
400856,Android
400856,Dashboard
400857,Configuration
400858,Dashboard
400859,Cloud
400860,Alloy
400861,Alloy
400862,Alloy
400863,Debugging
400864,Dashboard
400865,Dashboard
400866,Dashboard
400867,Dashboard
400868,Android
400869,Configuration
400869,Dashboard
400870,Configuration
400870,Dashboard
400871,Editor
400871,Tiapp
400871,Cloud
400872,Installer
400872,Android
400873,Installer
400873,Android
400874,Publishing
400875,Tiapp
400875,Cloud
400876,Mobile
400878,Modules
400879,Content Assist
400880,Content Assist
400881,Debugging
400881,Console
400882,Usability
400883,Debugging
400884,Debugging
400885,Cloud
400886,Dashboard
400887,Installer
400888,Publishing
400890,Projects
400890,Cloud
400891,Debugging
400891,iOS
400891,Mobile
400894,Installer
400896,Usability
400897,Installer
400898,Content Assist
400899,Content Assist
400900,Content Assist
400901,Debugging
400902,Launcher
400903,Node
400904,Dashboard
400905,Templates
400906,Editor
400907,Editor
400908,Node
400910,Templates
400911,Configuration
400912,Templates
400913,Debugging
400914,Debugging
400915,Debugging
400916,Debugging
400917,Debugging
400918,Templates
400919,Dashboard
400920,Android
400921,Dashboard
400922,Dashboard
400923,Content Assist
400924,Usability
400925,Projects
400925,Usability
400926,Usability
400927,Debugging
400928,Editor
400929,Alloy
400930,Node
400931,Cloud
400932,Cloud
400933,Usability
400934,Login
400935,Login
400936,Dashboard
400938,SDK Configuration
400939,Configuration
400940,Dashboard
400941,SDK
400942,Alloy
400943,Editor
400944,Dashboard
400945,Usability
400946,Validation
400947,Modules
400948,Modules
400948,Dashboard
400949,Modules
400950,Modules
400951,Modules
400952,Modules
400953,JS
400953,Usability
400954,MobileWeb
400955,Projects
400955,Tiapp
400956,Build
400957,Build
400958,iOS
400958,Usability
400959,Console
400960,Validation
400961,JS
400962,Dashboard
400963,Dashboard
400966,Publishing
400967,Cloud
400968,Login
400968,Usability
400969,Dashboard
400970,Cloud
400971,Usability
400972,Publishing
400973,Cloud
400974,Usability
400975,JS
400975,Content Assist
400976,Usability
400977,Build
400977,Android
400979,Usability
400979,Dashboard
400980,Login
400981,Samples
400982,Login
400982,Usability
400983,Login
400984,Usability
400985,Cloud
400986,Login
400987,Android
400988,BlackBerry
400989,Configuration
400990,Configuration
400991,Console
400992,Usability
400993,Configuration
400994,Usability
400995,iOS
400995,Configuration
400996,Console
400997,SDK
400998,iOS
400998,Usability
400999,Usability
401000,Installer
401000,Node
401001,Build
401002,Projects
401003,Dashboard
401004,SDK
401005,Editor
401005,JS
401006,Cloud
401007,Dashboard
401008,Dashboard
401009,Configuration
401011,Alloy
401012,Terminal
401013,Configuration
401013,Dashboard
401014,Dashboard
401015,Modules
401016,Tiapp
401017,Tiapp
401018,Dashboard
401019,Usability
401020,Usability
401021,Usability
401022,Dashboard
401023,Cloud
401024,SDK
401025,SDK
401026,SDK
401027,Alloy
401028,Theme
401029,SDK
401030,Cloud
401031,Cloud
401032,SDK
401033,SDK
401034,SDK
401035,SDK
401036,SDK
401037,SDK
401038,SDK
401039,SDK
401040,SDK
401041,SDK
401042,SDK
401043,iOS
401044,SDK
401045,SDK
401046,SDK
401047,Alloy
401048,Alloy
401049,Alloy
401049,Content Assist
401050,Alloy
401051,Alloy
401052,Alloy
401053,Alloy
401054,Alloy
401055,Alloy
401056,Alloy
401057,Alloy
401058,Alloy
401059,Alloy
401060,Alloy
401061,Alloy
401062,Alloy
401063,Alloy
401064,Alloy
401065,Alloy
401066,Alloy
401067,Alloy
401068,Installer
401068,Android
401069,Installer
401070,Help
401072,Modules
401073,Debugging
401074,Modules
401075,Modules
401076,Editor
401078,Dashboard
401079,Publishing
401080,Projects
401081,Configuration
401082,SDK Configuration
401083,Login
401084,Theme
401085,Projects
401086,Installer
401087,Android
401088,Installer
401089,Mobile
401090,Dashboard
401091,Modules
401092,Mobile
401093,Mobile
401094,Modules
401095,Modules
401098,Editor
401099,Usability
401102,Dashboard
401103,Editor
401104,Modules
401105,SDK
401106,SDK
401108,Tiapp
401109,Usability
401110,Usability
401112,Usability
401115,Desktop
401116,Usability
401117,Usability
401118,Desktop
401119,Usability
401120,iOS
401121,Tiapp
401122,Dashboard
401123,Dashboard
401124,Editor
401125,Installer
401126,Dashboard
401127,Configuration
401128,SDK Configuration
401129,Tiapp
401130,Usability
401131,Dashboard
401132,Publishing
401133,Modules
401134,Dashboard
401135,Publishing
401137,Publishing
401138,Editor
401139,Editor
401140,Publishing
401141,Modules
401142,MobileWeb
401143,Editor
401145,Source Control
401146,Publishing
401148,Usability
401150,SDK
401151,Usability
401152,Usability
401153,Editor
401154,Publishing
401155,Configuration
401156,Configuration
401157,Android
401158,Tiapp
401159,Validation
401160,Projects
401161,Configuration
401162,Projects
401163,SDK
401164,Dashboard
401165,Usability
401166,Modules
401167,Editor
401168,Build
401170,Configuration
401171,Usability
401173,Tiapp
401174,Configuration
401175,Configuration
401176,Configuration
401177,Usability
401180,Configuration
401183,Android
401184,Dashboard
401185,Validation
401186,Validation
401187,Tiapp
401188,Usability
401189,Configuration
401190,Editor
401191,Editor
401192,Editor
401193,Editor
401194,Editor
401195,Editor
401196,Editor
401197,Editor
401198,Editor
401199,iOS
401200,iOS
401201,Content Assist
401202,Usability
401203,Usability
401205,Tiapp
401206,Indexing
401207,Content Assist
401208,Dashboard
401209,Android
401210,SDK
401211,Android
401212,Editor
401213,Editor
401214,Editor
401215,Editor
401216,Editor
401217,Editor
401218,Editor
401219,Configuration
401220,Editor
401221,Tiapp
401223,Source Control
401224,Editor
401224,JS
401225,JS
401225,Configuration
401226,Configuration
401227,Analytics
401228,Modules
401229,Configuration
401231,Configuration
401232,MobileWeb
401233,Modules
401234,MobileWeb
401235,Configuration
401236,Installer
401237,Installer
401238,Login
401239,MobileWeb
401240,Dashboard
401241,Modules
401242,Usability
401243,Usability
401244,Installer
401247,Modules
401248,Modules
401251,Installer
401252,Cloud
401256,Help
401257,Help
401258,Publishing
401259,Publishing
401260,Publishing
401261,Android
401262,Android
401263,Android
401264,Modules
401265,Modules
401266,Login
401267,JS
401268,Editor
401268,JS
401269,Theme
401272,BlackBerry
401273,BlackBerry
401275,Modules
401276,Mobile
401278,Dashboard
401279,SDK
401280,Debugging
401280,BlackBerry
401281,Modules
401282,Modules
401283,Modules
401284,Content Assist
401285,Configuration
401286,Configuration
401287,Editor
401288,Dashboard
401293,Build
401295,Usability
401296,Configuration
401297,Editor
401298,Editor
401298,JS
401299,Cloud
401300,Dashboard
401301,iOS
401302,BlackBerry
401304,Content Assist
401305,Content Assist
401306,Installer
401307,Build
401308,Dashboard
401309,Content Assist
401311,Content Assist
401312,Dashboard
401313,Usability
401314,Cloud
401315,Editor
401316,Editor
401317,Configuration
401318,MobileWeb
401319,Projects
401320,Installer
401321,SDK
401322,Build
401323,Dashboard
401324,Login
401325,Usability
401326,MobileWeb
401327,Build
401328,Modules
401329,Dashboard
401330,Validation
401331,Build
401332,Android
401333,Usability
401334,Projects
401335,Android
401336,iOS
401338,Theme
401339,SDK
401340,Configuration
401341,Installer
401342,SDK
401343,iOS
401344,Editor
401345,Console
401346,iOS
401347,SDK
401348,Content Assist
401349,SDK
401350,Publishing
401351,Usability
401352,Build
401353,Android
401354,Build
401355,Build
401356,Mobile
401357,Usability
401358,SDK
401359,Login
401360,Analytics
401361,Installer
401362,Samples
401363,Projects
401364,Templates
401365,Cloud
401366,Modules
401367,Modules
401368,Modules
401370,Usability
401371,Usability
401372,Android
401373,Usability
401374,Installer
401375,Usability
401376,Usability
401377,Usability
401378,SDK
401379,Debugging
401380,Usability
401381,Usability
401384,Projects
401385,Publishing
401386,Console
401387,Publishing
401388,Editor
401390,Projects
401391,Installer
401393,Configuration
401396,Debugging
401397,Desktop
401399,MobileWeb
401401,MobileWeb
401402,MobileWeb
401403,MobileWeb
401404,Desktop
401405,Modules
401406,Usability
401407,Usability
401408,Mobile
401409,Android
401410,Configuration
401411,Scripting
401412,MobileWeb
401413,MobileWeb
401414,Modules
401415,Publishing
401416,iOS
401417,iOS
401418,iOS
401419,Cloud
401420,iOS
401420,Usability
401421,Mobile
401422,Usability
401424,Android
401425,iOS
401425,Android
401425,MobileWeb
401425,Publishing
401426,Usability
401427,MobileWeb
401428,MobileWeb
401429,MobileWeb
401430,Samples
401431,Samples
401432,Projects
401433,SDK Configuration
401434,Samples
401435,Publishing
401436,Samples
401437,Samples
401438,MobileWeb
401439,Configuration
401440,Samples
401441,iOS
401442,Cloud
401443,Samples
401444,Samples
401445,Tiapp
401446,Samples
401447,Content Assist
401448,Usability
401449,Samples
401450,Samples
401451,Projects
401452,Modules
401453,Debugging
401454,Usability
401455,iOS
401455,Usability
401456,iOS
401457,Analytics
401458,Installer
401459,Analytics
401460,iOS
401461,Editor
401462,Publishing
401464,MobileWeb
401465,Editor
401467,Scripting
401468,Configuration
401469,SDK
401470,SDK
401471,SDK
401473,Content Assist
401474,Content Assist
401475,Content Assist
401476,Content Assist
401477,Modules
401478,JS
401479,MobileWeb
401480,Analytics
401482,Content Assist
401484,Dashboard
401486,Outline
401487,Usability
401488,Tiapp
401489,Templates
401490,iOS
401491,Modules
401492,Tiapp
401493,Tiapp
401494,Tiapp
401495,Editor
401496,MobileWeb
401497,Usability
401498,JS
401498,Content Assist
401499,Projects
401500,JS
401500,Content Assist
401501,JS
401501,Content Assist
401502,JS
401502,Content Assist
401503,JS
401503,Content Assist
401504,iOS
401505,Debugging
401505,Usability
401506,Dashboard
401507,Projects
401508,MobileWeb
401509,MobileWeb
401510,Configuration
401511,Configuration
401512,Android
401514,Configuration
401515,Content Assist
401516,MobileWeb
401517,Samples
401518,Publishing
401519,Publishing
401520,Validation
401521,JS
401522,Tiapp
401523,Tiapp
401524,Dashboard
401525,MobileWeb
401526,iOS
401527,Editor
401528,Projects
401529,Console
401530,Dashboard
401532,Configuration
401533,Content Assist
401534,Content Assist
401535,Projects
401536,JS
401537,Configuration
401538,Configuration
401539,Configuration
401540,Templates
401541,MobileWeb
401542,Installer
401543,Dashboard
401544,Samples
401547,Content Assist
401548,Content Assist
401549,MobileWeb
401550,Mobile
401551,MobileWeb
401552,Content Assist
401553,Mobile
401554,Publishing
401555,Cloud
401556,Publishing
401557,Content Assist
401559,Publishing
401560,Publishing
401561,Publishing
401562,Android
401562,Usability
401562,SDK Configuration
401562,Publishing
401563,Tiapp
401564,Tiapp
401565,Validation
401566,MobileWeb
401567,Usability
401568,iOS
401570,Content Assist
401571,Build
401572,Dashboard
401573,Usability
401574,Dashboard
401575,Cloud
401576,Cloud
401577,Cloud
401578,MobileWeb
401579,Usability
401580,Cloud
401581,Mobile
401582,MobileWeb
401583,Projects
401584,Usability
401585,Content Assist
401587,Scripting
401588,Usability
401589,Scripting
401590,Publishing
401591,Console
401592,Console
401593,Publishing
401594,Publishing
401595,Publishing
401596,Content Assist
401597,MobileWeb
401598,Editor
401599,Console
401600,Projects
401601,Validation
401604,Validation
401605,Indexing
401607,Scripting
401608,Projects
401609,Scripting
401610,Console
401611,Mobile
401612,Mobile
401613,Projects
401614,Editor
401616,Editor
401618,Dashboard
401619,Publishing
401620,Editor
401621,Tiapp
401622,Editor
401623,SDK Configuration
401624,Projects
401625,Samples
401626,Scripting
401628,SDK Configuration
401629,Scripting
401630,Projects
401631,Scripting
401632,Samples
401634,iOS
401635,Projects
401636,Samples
401637,Projects
401638,Publishing
401639,Outline
401640,Projects
401641,Debugging
401642,Debugging
401643,Scripting
401644,Content Assist
401645,Content Assist
401646,Build
401647,Samples
401648,SDK Configuration
401649,SDK Configuration
401650,Scripting
401651,Editor
401654,Build
401655,iOS
401656,Indexing
401658,Usability
401659,Publishing
401660,Publishing
401661,MobileWeb
401662,MobileWeb
401664,Publishing
401665,Samples
401666,Samples
401667,MobileWeb
401668,Templates
401669,Templates
401670,Templates
401671,Samples
401672,Dashboard
401674,Launcher
401675,Usability
401678,iOS
401680,Samples
401681,Samples
401683,Usability
401684,Installer
401686,Samples
401687,Samples
401688,Samples
401689,Samples
401690,Debugging
401691,Content Assist
401692,Debugging
401693,JS
401694,Debugging
401696,Android
401697,Analytics
401698,Scripting
401699,Build
401701,Projects
401702,Content Assist
401703,Console
401704,SDK Configuration
401705,Build
401706,Usability
401707,JS
401708,Usability
401709,Samples
401710,iOS
401712,Dashboard
401713,Usability
401714,Usability
401715,Modules
401717,Build
401718,Build
401719,Build
401720,Build
401721,Build
401722,Build
401723,Installer
401724,Dashboard
401725,Build
401726,Debugging
401727,iOS
401728,JS
401731,Usability
401732,Samples
401733,Samples
401734,Samples
401735,Samples
401736,Samples
401737,Samples
401738,Samples
401739,Modules
401740,Modules
401741,Editor
401742,Modules
401743,Modules
401745,Scripting
401746,MobileWeb
401747,Templates
401748,Modules
401749,Modules
401750,Modules
401751,Debugging
401752,MobileWeb
401753,MobileWeb
401754,MobileWeb
401755,Configuration
401756,Usability
401757,SDK Configuration
401759,Debugging
401760,Content Assist
401761,Content Assist
401762,Terminal
401763,Indexing
401764,Editor
401766,Content Assist
401767,MobileWeb
401768,JS
401769,Tiapp
401770,Dashboard
401772,Dashboard
401773,Content Assist
401774,Dashboard
401775,Content Assist
401776,Modules
401778,Modules
401779,Build
401780,Analytics
401781,Build
401782,Build
401783,Debugging
401784,Debugging
401785,Installer
401786,Debugging
401787,Dashboard
401788,Debugging
401789,Debugging
401790,Dashboard
401791,Installer
401792,Projects
401793,Dashboard
401794,Dashboard
401795,MobileWeb
401796,Dashboard
401797,Installer
401798,Mobile
401799,Configuration
401800,Installer
401801,Dashboard
401804,Projects
401805,SDK
401806,Installer
401807,Tiapp
401808,Samples
401809,Dashboard
401810,iOS
401811,Tiapp
401812,Editor
401813,Build
401814,Content Assist
401815,Configuration
401816,Publishing
401817,Projects
401818,Dashboard
401819,Dashboard
401820,Configuration
401821,Configuration
401822,Configuration
401823,Dashboard
401824,Configuration
401825,Dashboard
401826,Dashboard
401827,Configuration
401828,Configuration
401829,Dashboard
401830,Dashboard
401831,Dashboard
401832,Dashboard
401833,Dashboard
401834,Dashboard
401835,Dashboard
401838,Usability
401839,Projects
401840,Usability
401841,Configuration
401842,Dashboard
401843,Usability
401844,Projects
401845,Templates
401846,Configuration
401847,Templates
401848,JS
401849,Android
401850,JS
401850,Usability
401851,Content Assist
401852,SDK
401853,Dashboard
401855,Validation
401856,Dashboard
401858,Help
401859,Dashboard
401860,SDK
401861,Tiapp
401862,MobileWeb
401863,Installer
401864,Installer
401865,Android
401866,Android
401867,Tiapp
401868,Dashboard
401869,Login
401870,Dashboard
401871,Dashboard
401872,Projects
401873,Launcher
401874,Tiapp
401875,Tiapp
401876,Tiapp
401877,Usability
401878,Projects
401880,Content Assist
401882,Dashboard
401883,Projects
401884,Samples
401885,Console
401886,Usability
401888,SDK Configuration
401889,Android
401890,iOS
401890,Configuration
401891,Dashboard
401892,Android
401893,Publishing
401895,Tiapp
401896,SDK Configuration
401898,Dashboard
401899,Scripting
401900,Scripting
401901,Usability
401902,Validation
401904,Android
401905,Mobile
401906,Usability
401907,Configuration
401908,iOS
401908,Publishing
401909,Publishing
401910,Editor
401911,Configuration
401912,Dashboard
401913,Modules
401914,Android
401915,Content Assist
401916,Editor
401917,Content Assist
401919,Configuration
401920,Configuration
401921,Configuration
401922,Tiapp
401923,Editor
401924,Build
401925,Editor
401926,MobileWeb
401927,Tiapp
401928,Usability
401929,Modules
401930,Usability
401931,iOS
401933,iOS
401934,Installer
401935,Modules
401936,Installer
401937,SDK Configuration
401938,SDK Configuration
401939,Installer
401941,SDK Configuration
401942,SDK Configuration
401943,Installer
401944,MobileWeb
401945,Publishing
401948,Editor
401949,SDK Configuration
401951,Modules
401953,SDK
401954,SDK Configuration
401956,Android
401957,Publishing
401958,Modules
401959,SDK Configuration
401960,SDK Configuration
401961,SDK Configuration
401962,SDK Configuration
401963,SDK Configuration
401965,Modules
401966,Projects
401966,Modules
401967,SDK Configuration
401968,SDK Configuration
401969,SDK Configuration
401971,Android
401971,Tiapp
401972,Android
401973,Android
401974,Publishing
401975,Editor
401977,Samples
401978,Editor
401980,Modules
401981,Modules
401982,SDK
401983,Cloud
401985,Login
401986,Content Assist
401987,Content Assist
401988,Modules
401990,Scripting
401991,Installer
401992,Android
401994,SDK Configuration
401995,Content Assist
401996,Editor
401997,Modules
401999,Android
402000,Theme
402001,Scripting
402002,Scripting
402003,Login
402005,SDK
402010,Modules
402011,Content Assist
402012,Content Assist
402014,Android
402016,Publishing
402017,Android
402018,Editor
402019,Editor
402020,Editor
402021,BlackBerry
402022,BlackBerry
402023,Publishing
402024,Editor
402025,Editor
402026,Editor
402027,Editor
402028,Publishing
402029,Editor
402030,Editor
402031,Editor
402032,Editor
402033,Debugging
402034,Debugging
402035,Theme
402036,Editor
402037,Login
402039,Android
402041,SDK
402042,Build
402044,Tiapp
402045,Android
402046,iOS
402047,Debugging
402048,Projects
402049,BlackBerry
402050,Installer
402052,Editor
402053,Editor
402054,Modules
402055,Editor
402057,Editor
402058,Editor
402059,Modules
402060,Tiapp
402061,SDK Configuration
402062,Installer
402063,Tiapp
402064,Debugging
402065,Installer
402066,Analytics
402067,Dashboard
402068,Publishing
402070,BlackBerry
402071,Build
402072,Modules
402073,Publishing
402076,Debugging
402078,Installer
402082,Installer
402083,Editor
402084,Installer
402087,Editor
402088,Installer
402090,SDK
402092,Debugging
402093,Installer
402094,Installer
402095,Editor
402096,Publishing
402097,Editor
402098,Debugging
402100,iOS
402101,SDK
402102,Debugging
402103,Build
402105,iOS
402109,Publishing
402111,Debugging
402112,Debugging
402113,Publishing
402114,Debugging
402115,Editor
402116,Publishing
402117,Login
402119,Projects
402120,BlackBerry
402122,Build
402123,Editor
402124,Debugging
402128,Analytics
402130,Analytics
402132,Build
402134,Debugging
402136,Usability
402137,SDK
402140,Analytics
402141,Debugging
402142,Debugging
402152,iOS
402153,Build
402156,I18N
402157,Editor
402159,Android
402160,Android
402161,iOS
402162,SDK
402164,Dashboard
402165,SDK
402166,SDK
402167,SDK
402171,Tiapp
402172,Analytics
402173,Android
402180,Login
402182,Scripting
402183,Android
402188,Templates
402190,BlackBerry
402199,iOS
402201,Scripting
402206,Scripting
402207,iOS
402211,Scripting
402214,Build
402217,Installer
402222,SDK
402224,SDK
402225,SDK
402226,SDK
402227,SDK
402229,MobileWeb
402231,Usability
402232,Editor
402233,Build
402237,Debugging
402238,Debugging
402241,Editor
402242,Login
402243,Installer
402244,Login
402245,Publishing
402248,SDK
402249,BlackBerry
402250,Installer
402251,MobileWeb
402253,Login
402256,SDK
402257,Editor
402259,Outline
402263,BlackBerry
402265,BlackBerry
402266,BlackBerry
402267,BlackBerry
402268,BlackBerry
402269,Usability
402270,BlackBerry
402271,BlackBerry
402272,BlackBerry
402273,Terminal
402285,Samples
402287,Modules
402294,Usability
402297,Launcher
402311,Usability
402315,Editor
402355,Content Assist
402362,Android
402363,iOS
402386,Tiapp
402409,Build
402439,Tiapp
402447,Dashboard
402458,Modules
402464,SDK
402472,Mobile
402480,Usability
402488,Projects
402493,Usability
402515,BlackBerry
402525,Installer
402532,Indexing
402533,Tiapp
402541,Help
402542,Dashboard
402545,Debugging
402550,Login
402571,Indexing
402578,Validation
402579,JS
402580,JS
402581,JS
402582,JS
